title,code,industry,link,Assessing Authority,Federal Lists,Skilled Visas,Employer Sponsored Visas,State Nomination
Aboriginal and Torres Strait Islander health worker,411511,411511,https://www.anzscolookup.com.au/occupations/411511,VETASSESS,ROL,Not available,Subclass 494,"190: 0 states, 491: 0 states"
Accommodation And Hospitality Managers (NEC),141999,141999,https://www.anzscolookup.com.au/occupations/141999,VETASSESS,"STSOL, CSOL, ROL","Subclass 190, Subclass 491","Subclass 482, Subclass 186, Subclass 494","190: 4 states, 491: 6 states"
Accountant (General),221111,221111,https://www.anzscolookup.com.au/occupations/221111,CPAA / CAANZ / IPA,"MLTSSL, CSOL","Subclass 189, Subclass 190, Subclass 491, Subclass 485","Subclass 482, Subclass 186, Subclass 494","190: 5 states, 491: 6 states"
actor,211111,211111,https://www.anzscolookup.com.au/occupations/211111,VETASSESS,ROL,Not available,Subclass 494,"190: 0 states, 491: 0 states"
"actors, dancers and other entertainers (nec)",211199,211199,https://www.anzscolookup.com.au/occupations/211199,VETASSESS,ROL,Not available,Subclass 494,"190: 0 states, 491: 0 states"
Actuary,224111,224111,https://www.anzscolookup.com.au/occupations/224111,VETASSESS,"MLTSSL, CSOL","Subclass 189, Subclass 190, Subclass 491, Subclass 485","Subclass 482, Subclass 186, Subclass 494","190: 4 states, 491: 4 states"
Acupuncturist,252211,252211,https://www.anzscolookup.com.au/occupations/252211,Chinese Medicine Board of Australia,"STSOL, ROL","Subclass 190, Subclass 491",Subclass 494,"190: 6 states, 491: 6 states"
Advertising Manager,131113,131113,https://www.anzscolookup.com.au/occupations/131113,IML,"STSOL, CSOL, ROL","Subclass 190, Subclass 491","Subclass 482, Subclass 186, Subclass 494","190: 3 states, 491: 4 states"
Advertising Specialist,225111,225111,https://www.anzscolookup.com.au/occupations/225111,VETASSESS,"STSOL, CSOL, ROL","Subclass 190, Subclass 491","Subclass 482, Subclass 186, Subclass 494","190: 4 states, 491: 4 states"
Aeronautical Engineer,233911,233911,https://www.anzscolookup.com.au/occupations/233911,Engineers Australia,"MLTSSL, CSOL","Subclass 189, Subclass 190, Subclass 491, Subclass 485","Subclass 482, Subclass 186, Subclass 494","190: 7 states, 491: 7 states"
Aeroplane Pilot,231111,231111,https://www.anzscolookup.com.au/occupations/231111,CASA,"ROL, CSOL",Subclass 491,"Subclass 482, Subclass 186, Subclass 494","190: 0 states, 491: 6 states"
Agricultural and Agritech Technician,311112,311112,https://www.anzscolookup.com.au/occupations/311112,VETASSESS,CSOL,Not available,"Subclass 482, Subclass 186","190: 0 states, 491: 0 states"
Agricultural Consultant,234111,234111,https://www.anzscolookup.com.au/occupations/234111,VETASSESS,"MLTSSL, CSOL","Subclass 189, Subclass 190, Subclass 491, Subclass 485","Subclass 482, Subclass 186, Subclass 494","190: 7 states, 491: 6 states"
Agricultural Engineer,233912,233912,https://www.anzscolookup.com.au/occupations/233912,Engineers Australia,"MLTSSL, CSOL","Subclass 189, Subclass 190, Subclass 491, Subclass 485","Subclass 482, Subclass 186, Subclass 494","190: 8 states, 491: 8 states"
Agricultural Research Scientist,234114,234114,https://www.anzscolookup.com.au/occupations/234114,VETASSESS,CSOL,Not available,"Subclass 482, Subclass 186","190: 0 states, 491: 0 states"
Agricultural Scientist,234112,234112,https://www.anzscolookup.com.au/occupations/234112,VETASSESS,MLTSSL,"Subclass 189, Subclass 190, Subclass 491, Subclass 485",Subclass 494,"190: 7 states, 491: 6 states"
Agricultural Technician,311111,311111,https://www.anzscolookup.com.au/occupations/311111,VETASSESS,ROL,Subclass 491,Subclass 494,"190: 0 states, 491: 6 states"
Agronomist,234115,234115,https://www.anzscolookup.com.au/occupations/234115,VETASSESS,CSOL,Not available,"Subclass 482, Subclass 186","190: 0 states, 491: 0 states"
Air Transport Professionals nec,231199,231199,https://www.anzscolookup.com.au/occupations/231199,VETASSESS,"CSOL, ROL",Not available,"Subclass 482, Subclass 186, Subclass 494","190: 0 states, 491: 0 states"
Airconditioning And Mechanical Services Plumber,334112,334112,https://www.anzscolookup.com.au/occupations/334112,TRA,"MLTSSL, CSOL","Subclass 189, Subclass 190, Subclass 491, Subclass 485","Subclass 482, Subclass 186, Subclass 494","190: 8 states, 491: 8 states"
Airconditioning And Refrigeration Mechanic,342111,342111,https://www.anzscolookup.com.au/occupations/342111,TRA,"MLTSSL, CSOL","Subclass 189, Subclass 190, Subclass 491, Subclass 485","Subclass 482, Subclass 186, Subclass 494","190: 8 states, 491: 8 states"
Aircraft Maintenance Engineer (Avionics),323111,323111,https://www.anzscolookup.com.au/occupations/323111,TRA,"STSOL, CSOL, ROL","Subclass 190, Subclass 491","Subclass 482, Subclass 186, Subclass 494","190: 8 states, 491: 8 states"
Aircraft Maintenance Engineer (Mechanical),323112,323112,https://www.anzscolookup.com.au/occupations/323112,TRA,"STSOL, CSOL, ROL","Subclass 190, Subclass 491","Subclass 482, Subclass 186, Subclass 494","190: 8 states, 491: 8 states"
Aircraft Maintenance Engineer (Structures),323113,323113,https://www.anzscolookup.com.au/occupations/323113,TRA,"STSOL, CSOL, ROL","Subclass 190, Subclass 491","Subclass 482, Subclass 186, Subclass 494","190: 8 states, 491: 8 states"
Ambulance Officer,411111,411111,https://www.anzscolookup.com.au/occupations/411111,VETASSESS,"STSOL, CSOL, ROL","Subclass 190, Subclass 491","Subclass 482, Subclass 186, Subclass 494","190: 6 states, 491: 6 states"
Amusement Centre Manager,149111,149111,https://www.anzscolookup.com.au/occupations/149111,VETASSESS,ROL,Subclass 491,Subclass 494,"190: 0 states, 491: 3 states"
Anaesthetic Technician,311211,311211,https://www.anzscolookup.com.au/occupations/311211,VETASSESS,"STSOL, CSOL, ROL","Subclass 190, Subclass 491","Subclass 482, Subclass 186, Subclass 494","190: 7 states, 491: 7 states"
Anaesthetist,253211,253211,https://www.anzscolookup.com.au/occupations/253211,MedBA,"ROL, CSOL",Subclass 491,"Subclass 482, Subclass 186, Subclass 494","190: 0 states, 491: 7 states"
Analyst Programmer,261311,261311,https://www.anzscolookup.com.au/occupations/261311,ACS,"MLTSSL, CSOL","Subclass 189, Subclass 190, Subclass 491, Subclass 485","Subclass 482, Subclass 186, Subclass 494","190: 8 states, 491: 8 states"
Animal Attendants And Trainers (NEC),361199,361199,https://www.anzscolookup.com.au/occupations/361199,VETASSESS,"STSOL, ROL","Subclass 190, Subclass 491",Subclass 494,"190: 3 states, 491: 3 states"
Animal Husbandry Technician,311113,311113,https://www.anzscolookup.com.au/occupations/311113,VETASSESS,CSOL,Not available,"Subclass 482, Subclass 186","190: 0 states, 491: 0 states"
antique dealer,142112,142112,https://www.anzscolookup.com.au/occupations/142112,VETASSESS,ROL,Not available,Subclass 494,"190: 0 states, 491: 0 states"
Apiarist,121311,121311,https://www.anzscolookup.com.au/occupations/121311,VETASSESS,"STSOL, CSOL, ROL","Subclass 190, Subclass 491","Subclass 482, Subclass 186, Subclass 494","190: 4 states, 491: 5 states"
apparel cutter,393211,393211,https://www.anzscolookup.com.au/occupations/393211,TRA,ROL,Not available,Subclass 494,"190: 0 states, 491: 0 states"
Aquaculture Farmer,121111,121111,https://www.anzscolookup.com.au/occupations/121111,VETASSESS,"ROL, CSOL",Subclass 491,"Subclass 482, Subclass 186, Subclass 494","190: 0 states, 491: 5 states"
Aquaculture or Fisheries Scientist,234116,234116,https://www.anzscolookup.com.au/occupations/234116,VETASSESS,CSOL,Not available,"Subclass 482, Subclass 186","190: 0 states, 491: 0 states"
Aquaculture or Fisheries Technician,311114,311114,https://www.anzscolookup.com.au/occupations/311114,VETASSESS,CSOL,Not available,"Subclass 482, Subclass 186","190: 0 states, 491: 0 states"
arborist,362511,362511,https://www.anzscolookup.com.au/occupations/362511,TRA,"STSOL, CSOL","Subclass 190, Subclass 491","Subclass 482, Subclass 186, Subclass 494","190: 3 states, 491: 3 states"
Arborist,362212,362212,https://www.anzscolookup.com.au/occupations/362212,Manual verification required,,Not available,Not available,"190: 0 states, 491: 0 states"
archaeologist,272414,272414,https://www.anzscolookup.com.au/occupations/272414,VETASSESS,ROL,Not available,Subclass 494,"190: 0 states, 491: 0 states"
Architect,232111,232111,https://www.anzscolookup.com.au/occupations/232111,AACA,"MLTSSL, CSOL","Subclass 189, Subclass 190, Subclass 491, Subclass 485","Subclass 482, Subclass 186, Subclass 494","190: 7 states, 491: 7 states"
Architectural Draftsperson,312111,312111,https://www.anzscolookup.com.au/occupations/312111,VETASSESS,"STSOL, CSOL, ROL","Subclass 190, Subclass 491","Subclass 482, Subclass 186, Subclass 494","190: 8 states, 491: 8 states"
"Architectural, Building And Surveying Technicians (NEC)",312199,312199,https://www.anzscolookup.com.au/occupations/312199,VETASSESS,"STSOL, CSOL, ROL","Subclass 190, Subclass 491","Subclass 482, Subclass 186, Subclass 494","190: 8 states, 491: 8 states"
archivist,224211,224211,https://www.anzscolookup.com.au/occupations/224211,VETASSESS,ROL,Not available,Subclass 494,"190: 0 states, 491: 0 states"
"art director (film, television or stage)",212311,212311,https://www.anzscolookup.com.au/occupations/212311,VETASSESS,ROL,Not available,Subclass 494,"190: 0 states, 491: 0 states"
Art Teacher (Private Tuition),249211,249211,https://www.anzscolookup.com.au/occupations/249211,VETASSESS,"STSOL, ROL","Subclass 190, Subclass 491",Subclass 494,"190: 3 states, 491: 3 states"
Artistic Director,212111,212111,https://www.anzscolookup.com.au/occupations/212111,VETASSESS,"MLTSSL, CSOL","Subclass 189, Subclass 190, Subclass 491, Subclass 485","Subclass 482, Subclass 186, Subclass 494","190: 3 states, 491: 3 states"
Arts Administrator Or Manager,139911,139911,https://www.anzscolookup.com.au/occupations/139911,VETASSESS,"MLTSSL, CSOL","Subclass 189, Subclass 190, Subclass 491, Subclass 485","Subclass 482, Subclass 186, Subclass 494","190: 6 states, 491: 6 states"
auctioneer,611111,611111,https://www.anzscolookup.com.au/occupations/611111,VETASSESS,ROL,Not available,Subclass 494,"190: 0 states, 491: 0 states"
Audiologist,252711,252711,https://www.anzscolookup.com.au/occupations/252711,VETASSESS,"MLTSSL, CSOL","Subclass 189, Subclass 190, Subclass 491, Subclass 485","Subclass 482, Subclass 186, Subclass 494","190: 8 states, 491: 8 states"
author,212211,212211,https://www.anzscolookup.com.au/occupations/212211,VETASSESS,ROL,Not available,Subclass 494,"190: 0 states, 491: 0 states"
Automotive Electrician,321111,321111,https://www.anzscolookup.com.au/occupations/321111,TRA,"MLTSSL, CSOL","Subclass 189, Subclass 190, Subclass 491, Subclass 485","Subclass 482, Subclass 186, Subclass 494","190: 6 states, 491: 8 states"
Baker,351111,351111,https://www.anzscolookup.com.au/occupations/351111,TRA,"STSOL, CSOL, ROL","Subclass 190, Subclass 491","Subclass 482, Subclass 186, Subclass 494","190: 4 states, 491: 5 states"
Barrister,271111,271111,https://www.anzscolookup.com.au/occupations/271111,a legal admissions authority of a State or Territory,"MLTSSL, CSOL","Subclass 189, Subclass 190, Subclass 491, Subclass 485","Subclass 482, Subclass 186, Subclass 494","190: 5 states, 491: 5 states"
Beauty Therapist,451111,451111,https://www.anzscolookup.com.au/occupations/451111,VETASSESS,CSOL,Not available,"Subclass 482, Subclass 186","190: 0 states, 491: 0 states"
bed and breakfast operator,141911,141911,https://www.anzscolookup.com.au/occupations/141911,VETASSESS,ROL,Not available,Subclass 494,"190: 0 states, 491: 0 states"
Beef Cattle Farmer,121312,121312,https://www.anzscolookup.com.au/occupations/121312,VETASSESS,ROL,Subclass 491,Subclass 494,"190: 0 states, 491: 5 states"
betting agency manager,142113,142113,https://www.anzscolookup.com.au/occupations/142113,VETASSESS,ROL,Not available,Subclass 494,"190: 0 states, 491: 0 states"
Biochemist,234513,234513,https://www.anzscolookup.com.au/occupations/234513,VETASSESS,"MLTSSL, CSOL","Subclass 189, Subclass 190, Subclass 491, Subclass 485","Subclass 482, Subclass 186, Subclass 494","190: 6 states, 491: 6 states"
Biomedical Engineer,233913,233913,https://www.anzscolookup.com.au/occupations/233913,Engineers Australia,"MLTSSL, CSOL","Subclass 189, Subclass 190, Subclass 491, Subclass 485","Subclass 482, Subclass 186, Subclass 494","190: 8 states, 491: 8 states"
Biotechnologist,234514,234514,https://www.anzscolookup.com.au/occupations/234514,VETASSESS,MLTSSL,"Subclass 189, Subclass 190, Subclass 491, Subclass 485",Subclass 494,"190: 6 states, 491: 6 states"
blacksmith,322111,322111,https://www.anzscolookup.com.au/occupations/322111,TRA,ROL,Not available,Subclass 494,"190: 0 states, 491: 0 states"
Boarding Kennel or Cattery Operator,149911,149911,https://www.anzscolookup.com.au/occupations/149911,VETASSESS,"CSOL, ROL",Not available,"Subclass 482, Subclass 186, Subclass 494","190: 0 states, 491: 0 states"
Boat Builder And Repairer,399111,399111,https://www.anzscolookup.com.au/occupations/399111,TRA,"MLTSSL, CSOL","Subclass 189, Subclass 190, Subclass 491, Subclass 485","Subclass 482, Subclass 186, Subclass 494","190: 3 states, 491: 4 states"
Book Or Script Editor,212212,212212,https://www.anzscolookup.com.au/occupations/212212,VETASSESS,"STSOL, ROL","Subclass 190, Subclass 491",Subclass 494,"190: 3 states, 491: 3 states"
Botanist,234515,234515,https://www.anzscolookup.com.au/occupations/234515,VETASSESS,"MLTSSL, CSOL","Subclass 189, Subclass 190, Subclass 491, Subclass 485","Subclass 482, Subclass 186, Subclass 494","190: 5 states, 491: 5 states"
Bricklayer,331111,331111,https://www.anzscolookup.com.au/occupations/331111,TRA,"MLTSSL, CSOL","Subclass 189, Subclass 190, Subclass 491, Subclass 485","Subclass 482, Subclass 186, Subclass 494","190: 8 states, 491: 8 states"
broadcast transmitter operator,399511,399511,https://www.anzscolookup.com.au/occupations/399511,TRA,ROL,Not available,Subclass 494,"190: 0 states, 491: 0 states"
Building And Engineering Technicians (NEC),312999,312999,https://www.anzscolookup.com.au/occupations/312999,VETASSESS / Engineers Australia,"ROL, CSOL",Subclass 491,"Subclass 482, Subclass 186, Subclass 494","190: 0 states, 491: 8 states"
Building Associate,312112,312112,https://www.anzscolookup.com.au/occupations/312112,VETASSESS,"CSOL, ROL",Not available,"Subclass 482, Subclass 186, Subclass 494","190: 0 states, 491: 0 states"
Building Inspector,312113,312113,https://www.anzscolookup.com.au/occupations/312113,VETASSESS,"STSOL, CSOL, ROL","Subclass 190, Subclass 491","Subclass 482, Subclass 186, Subclass 494","190: 8 states, 491: 8 states"
business broker,612111,612111,https://www.anzscolookup.com.au/occupations/612111,VETASSESS,ROL,Not available,Subclass 494,"190: 0 states, 491: 0 states"
Business Machine Mechanic,342311,342311,https://www.anzscolookup.com.au/occupations/342311,TRA,"STSOL, CSOL, ROL","Subclass 190, Subclass 491","Subclass 482, Subclass 186, Subclass 494","190: 5 states, 491: 5 states"
Butcher Or Smallgoods Maker,351211,351211,https://www.anzscolookup.com.au/occupations/351211,TRA,"STSOL, CSOL, ROL","Subclass 190, Subclass 491","Subclass 482, Subclass 186, Subclass 494","190: 6 states, 491: 6 states"
Cabinet Maker,394112,394112,https://www.anzscolookup.com.au/occupations/394112,TRA,CSOL,Not available,"Subclass 482, Subclass 186","190: 0 states, 491: 0 states"
Cabinetmaker,394111,394111,https://www.anzscolookup.com.au/occupations/394111,TRA,MLTSSL,"Subclass 189, Subclass 190, Subclass 491, Subclass 485",Subclass 494,"190: 7 states, 491: 7 states"
Cabler (Data And Telecommunications),342411,342411,https://www.anzscolookup.com.au/occupations/342411,TRA,"STSOL, CSOL, ROL","Subclass 190, Subclass 491","Subclass 482, Subclass 186, Subclass 494","190: 7 states, 491: 7 states"
Cafe Or Restaurant Manager,141111,141111,https://www.anzscolookup.com.au/occupations/141111,VETASSESS,"STSOL, ROL","Subclass 190, Subclass 491",Subclass 494,"190: 5 states, 491: 7 states"
call or contact centre manager,149211,149211,https://www.anzscolookup.com.au/occupations/149211,VETASSESS,ROL,Not available,Subclass 494,"190: 0 states, 491: 0 states"
call or contact centre team leader,541111,541111,https://www.anzscolookup.com.au/occupations/541111,VETASSESS,ROL,Not available,Subclass 494,"190: 0 states, 491: 0 states"
"Camera Operator (Film, Television Or Video)",399512,399512,https://www.anzscolookup.com.au/occupations/399512,TRA,"STSOL, ROL","Subclass 190, Subclass 491",Subclass 494,"190: 3 states, 491: 3 states"
canvas goods fabricator,393111,393111,https://www.anzscolookup.com.au/occupations/393111,TRA,ROL,Not available,Subclass 494,"190: 0 states, 491: 0 states"
Caravan Park And Camping Ground Manager,141211,141211,https://www.anzscolookup.com.au/occupations/141211,VETASSESS,ROL,Subclass 491,Subclass 494,"190: 0 states, 491: 4 states"
Cardiac Technician,311212,311212,https://www.anzscolookup.com.au/occupations/311212,VETASSESS,"STSOL, CSOL, ROL","Subclass 190, Subclass 491","Subclass 482, Subclass 186, Subclass 494","190: 7 states, 491: 7 states"
Cardiologist,253312,253312,https://www.anzscolookup.com.au/occupations/253312,MedBA,"MLTSSL, CSOL","Subclass 189, Subclass 190, Subclass 491, Subclass 485","Subclass 482, Subclass 186, Subclass 494","190: 8 states, 491: 8 states"
Cardiothoracic Surgeon,253512,253512,https://www.anzscolookup.com.au/occupations/253512,MedBA,"MLTSSL, CSOL","Subclass 189, Subclass 190, Subclass 491, Subclass 485","Subclass 482, Subclass 186, Subclass 494","190: 8 states, 491: 7 states"
Careers Counsellor,272111,272111,https://www.anzscolookup.com.au/occupations/272111,VETASSESS,"STSOL, ROL","Subclass 190, Subclass 491",Subclass 494,"190: 5 states, 491: 6 states"
Carpenter,331212,331212,https://www.anzscolookup.com.au/occupations/331212,TRA,"MLTSSL, CSOL","Subclass 189, Subclass 190, Subclass 491, Subclass 485","Subclass 482, Subclass 186, Subclass 494","190: 8 states, 491: 8 states"
Carpenter And Joiner,331211,331211,https://www.anzscolookup.com.au/occupations/331211,TRA,"MLTSSL, CSOL","Subclass 189, Subclass 190, Subclass 491, Subclass 485","Subclass 482, Subclass 186, Subclass 494","190: 8 states, 491: 8 states"
Cartographer,232213,232213,https://www.anzscolookup.com.au/occupations/232213,VETASSESS,"MLTSSL, CSOL","Subclass 189, Subclass 190, Subclass 491, Subclass 485","Subclass 482, Subclass 186, Subclass 494","190: 6 states, 491: 6 states"
Chef,351311,351311,https://www.anzscolookup.com.au/occupations/351311,TRA,"MLTSSL, CSOL","Subclass 189, Subclass 190, Subclass 491, Subclass 485","Subclass 482, Subclass 186, Subclass 494","190: 5 states, 491: 7 states"
Chemical Engineer,233111,233111,https://www.anzscolookup.com.au/occupations/233111,Engineers Australia,"MLTSSL, CSOL","Subclass 189, Subclass 190, Subclass 491, Subclass 485","Subclass 482, Subclass 186, Subclass 494","190: 7 states, 491: 7 states"
Chemical Plant Operator,399211,399211,https://www.anzscolookup.com.au/occupations/399211,TRA,"CSOL, ROL",Not available,"Subclass 482, Subclass 186, Subclass 494","190: 0 states, 491: 0 states"
Chemist,234211,234211,https://www.anzscolookup.com.au/occupations/234211,VETASSESS,"MLTSSL, CSOL","Subclass 189, Subclass 190, Subclass 491, Subclass 485","Subclass 482, Subclass 186, Subclass 494","190: 7 states, 491: 7 states"
Chemistry Technician,311411,311411,https://www.anzscolookup.com.au/occupations/311411,VETASSESS,"STSOL, CSOL, ROL","Subclass 190, Subclass 491","Subclass 482, Subclass 186, Subclass 494","190: 5 states, 491: 5 states"
Chief Executive or Managing Director,111111,111111,https://www.anzscolookup.com.au/occupations/111111,IML,"CSOL, MLTSSL",Not available,"Subclass 482, Subclass 186, Subclass 494","190: 0 states, 491: 0 states"
Chief Information Officer,135111,135111,https://www.anzscolookup.com.au/occupations/135111,ACS,"CSOL, MLTSSL",Not available,"Subclass 482, Subclass 186, Subclass 494","190: 0 states, 491: 0 states"
Child Care Centre Manager,134111,134111,https://www.anzscolookup.com.au/occupations/134111,ACECQA,MLTSSL,"Subclass 189, Subclass 190, Subclass 491, Subclass 485",Subclass 494,"190: 7 states, 491: 8 states"
Child Care Worker,421111,421111,https://www.anzscolookup.com.au/occupations/421111,ACECQA,"CSOL, ROL",Not available,"Subclass 482, Subclass 186, Subclass 494","190: 0 states, 491: 0 states"
Chiropractor,252111,252111,https://www.anzscolookup.com.au/occupations/252111,CCEA,MLTSSL,"Subclass 189, Subclass 190, Subclass 491, Subclass 485",Subclass 494,"190: 7 states, 491: 6 states"
Cinema Or Theatre Manager,149912,149912,https://www.anzscolookup.com.au/occupations/149912,VETASSESS,"ROL, CSOL",Subclass 491,"Subclass 482, Subclass 186, Subclass 494","190: 0 states, 491: 4 states"
Civil Engineer,233211,233211,https://www.anzscolookup.com.au/occupations/233211,Engineers Australia,"MLTSSL, CSOL","Subclass 189, Subclass 190, Subclass 491, Subclass 485","Subclass 482, Subclass 186, Subclass 494","190: 8 states, 491: 8 states"
Civil Engineering Draftsperson,312211,312211,https://www.anzscolookup.com.au/occupations/312211,Engineers Australia / VETASSESS,"MLTSSL, CSOL","Subclass 189, Subclass 190, Subclass 491, Subclass 485","Subclass 482, Subclass 186, Subclass 494","190: 8 states, 491: 8 states"
Civil Engineering Technician,312212,312212,https://www.anzscolookup.com.au/occupations/312212,VETASSESS,"MLTSSL, CSOL","Subclass 189, Subclass 190, Subclass 491, Subclass 485","Subclass 482, Subclass 186, Subclass 494","190: 8 states, 491: 8 states"
Clerk of Court,599211,599211,https://www.anzscolookup.com.au/occupations/599211,VETASSESS,"CSOL, ROL",Not available,"Subclass 482, Subclass 186, Subclass 494","190: 0 states, 491: 0 states"
Clinical Coder,599915,599915,https://www.anzscolookup.com.au/occupations/599915,an information and organisation professional / an information and organisation professional,"ROL, CSOL",Subclass 491,"Subclass 482, Subclass 186, Subclass 494","190: 0 states, 491: 5 states"
Clinical Haematologist,253313,253313,https://www.anzscolookup.com.au/occupations/253313,MedBA,"MLTSSL, CSOL","Subclass 189, Subclass 190, Subclass 491, Subclass 485","Subclass 482, Subclass 186, Subclass 494","190: 8 states, 491: 8 states"
Clinical Psychologist,272311,272311,https://www.anzscolookup.com.au/occupations/272311,APS,"MLTSSL, CSOL","Subclass 189, Subclass 190, Subclass 491, Subclass 485","Subclass 482, Subclass 186, Subclass 494","190: 8 states, 491: 8 states"
clothing patternmaker,393212,393212,https://www.anzscolookup.com.au/occupations/393212,TRA,ROL,Not available,Subclass 494,"190: 0 states, 491: 0 states"
clothing trades workers (nec),393299,393299,https://www.anzscolookup.com.au/occupations/393299,VETASSESS,ROL,Not available,Subclass 494,"190: 0 states, 491: 0 states"
Commodities Trader,222111,222111,https://www.anzscolookup.com.au/occupations/222111,VETASSESS,"STSOL, ROL","Subclass 190, Subclass 491",Subclass 494,"190: 5 states, 491: 5 states"
communications operator,342312,342312,https://www.anzscolookup.com.au/occupations/342312,TRA,ROL,Not available,Subclass 494,"190: 0 states, 491: 0 states"
Community Arts Worker,272611,272611,https://www.anzscolookup.com.au/occupations/272611,VETASSESS,ROL,Subclass 491,Subclass 494,"190: 0 states, 491: 5 states"
Community Worker,411711,411711,https://www.anzscolookup.com.au/occupations/411711,ACWA,"STSOL, CSOL, ROL","Subclass 190, Subclass 491","Subclass 482, Subclass 186, Subclass 494","190: 7 states, 491: 7 states"
Company Secretary,221211,221211,https://www.anzscolookup.com.au/occupations/221211,VETASSESS,"STSOL, CSOL, ROL","Subclass 190, Subclass 491","Subclass 482, Subclass 186, Subclass 494","190: 5 states, 491: 5 states"
Complementary Health Therapists (NEC),252299,252299,https://www.anzscolookup.com.au/occupations/252299,VETASSESS,"STSOL, CSOL, ROL","Subclass 190, Subclass 491","Subclass 482, Subclass 186, Subclass 494","190: 5 states, 491: 5 states"
composer,211211,211211,https://www.anzscolookup.com.au/occupations/211211,VETASSESS,ROL,Not available,Subclass 494,"190: 0 states, 491: 0 states"
Computer Network And Systems Engineer,263111,263111,https://www.anzscolookup.com.au/occupations/263111,ACS,"MLTSSL, CSOL","Subclass 189, Subclass 190, Subclass 491, Subclass 485","Subclass 482, Subclass 186, Subclass 494","190: 7 states, 491: 7 states"
Conference And Event Organiser,149311,149311,https://www.anzscolookup.com.au/occupations/149311,VETASSESS,"STSOL, ROL","Subclass 190, Subclass 491",Subclass 494,"190: 5 states, 491: 5 states"
Conservation Officer,234311,234311,https://www.anzscolookup.com.au/occupations/234311,VETASSESS,ROL,Subclass 491,Subclass 494,"190: 0 states, 491: 6 states"
Conservator,234911,234911,https://www.anzscolookup.com.au/occupations/234911,VETASSESS,"MLTSSL, CSOL","Subclass 189, Subclass 190, Subclass 491, Subclass 485","Subclass 482, Subclass 186, Subclass 494","190: 5 states, 491: 5 states"
Construction Estimator,312114,312114,https://www.anzscolookup.com.au/occupations/312114,VETASSESS,"ROL, CSOL",Subclass 491,"Subclass 482, Subclass 186, Subclass 494","190: 0 states, 491: 8 states"
Construction Project Manager,133111,133111,https://www.anzscolookup.com.au/occupations/133111,VETASSESS,"MLTSSL, CSOL","Subclass 189, Subclass 190, Subclass 491, Subclass 485","Subclass 482, Subclass 186, Subclass 494","190: 8 states, 491: 8 states"
Content Creator (Marketing),225114,225114,https://www.anzscolookup.com.au/occupations/225114,VETASSESS,CSOL,Not available,"Subclass 482, Subclass 186","190: 0 states, 491: 0 states"
Contract Administrator,511111,511111,https://www.anzscolookup.com.au/occupations/511111,VETASSESS,"STSOL, CSOL, ROL","Subclass 190, Subclass 491","Subclass 482, Subclass 186, Subclass 494","190: 5 states, 491: 5 states"
Conveyancer,599111,599111,https://www.anzscolookup.com.au/occupations/599111,VETASSESS,"CSOL, ROL",Not available,"Subclass 482, Subclass 186, Subclass 494","190: 0 states, 491: 0 states"
Cook,351411,351411,https://www.anzscolookup.com.au/occupations/351411,TRA,"STSOL, CSOL, ROL","Subclass 190, Subclass 491","Subclass 482, Subclass 186, Subclass 494","190: 5 states, 491: 7 states"
Copywriter,212411,212411,https://www.anzscolookup.com.au/occupations/212411,VETASSESS,"STSOL, ROL","Subclass 190, Subclass 491",Subclass 494,"190: 3 states, 491: 4 states"
Corporate General Manager,111211,111211,https://www.anzscolookup.com.au/occupations/111211,IML,"CSOL, MLTSSL",Not available,"Subclass 482, Subclass 186, Subclass 494","190: 0 states, 491: 0 states"
Corporate Services Manager,132111,132111,https://www.anzscolookup.com.au/occupations/132111,VETASSESS,"STSOL, CSOL, ROL","Subclass 190, Subclass 491","Subclass 482, Subclass 186, Subclass 494","190: 4 states, 491: 4 states"
corporate treasurer,221212,221212,https://www.anzscolookup.com.au/occupations/221212,CAANZ / CPAA / IPA,ROL,Not available,Subclass 494,"190: 0 states, 491: 0 states"
Cotton Grower,121211,121211,https://www.anzscolookup.com.au/occupations/121211,VETASSESS,ROL,Subclass 491,Subclass 494,"190: 0 states, 491: 5 states"
Counsellors (NEC),272199,272199,https://www.anzscolookup.com.au/occupations/272199,VETASSESS,"STSOL, ROL","Subclass 190, Subclass 491",Subclass 494,"190: 7 states, 491: 7 states"
court bailiff or sheriff (Aus) / court collections officer (NZ),599212,599212,https://www.anzscolookup.com.au/occupations/599212,VETASSESS,ROL,Not available,Subclass 494,"190: 0 states, 491: 0 states"
court orderly (Aus) / court registry officer (NZ),599213,599213,https://www.anzscolookup.com.au/occupations/599213,VETASSESS,ROL,Not available,Subclass 494,"190: 0 states, 491: 0 states"
Crop Farmers (NEC),121299,121299,https://www.anzscolookup.com.au/occupations/121299,VETASSESS,ROL,Subclass 491,Subclass 494,"190: 0 states, 491: 5 states"
Customer Service Manager,149212,149212,https://www.anzscolookup.com.au/occupations/149212,VETASSESS,"STSOL, ROL","Subclass 190, Subclass 491",Subclass 494,"190: 5 states, 491: 5 states"
Cyber Governance Risk and Compliance Specialist,262114,262114,https://www.anzscolookup.com.au/occupations/262114,ACS,CSOL,Not available,"Subclass 482, Subclass 186","190: 0 states, 491: 0 states"
Cyber Security Advice and Assessment Specialist,262115,262115,https://www.anzscolookup.com.au/occupations/262115,ACS,CSOL,Not available,"Subclass 482, Subclass 186","190: 0 states, 491: 0 states"
Cyber Security Analyst,262116,262116,https://www.anzscolookup.com.au/occupations/262116,ACS,CSOL,Not available,"Subclass 482, Subclass 186","190: 0 states, 491: 0 states"
Cyber Security Architect,262117,262117,https://www.anzscolookup.com.au/occupations/262117,ACS,CSOL,Not available,"Subclass 482, Subclass 186","190: 0 states, 491: 0 states"
Cyber Security Engineer,261315,261315,https://www.anzscolookup.com.au/occupations/261315,ACS,CSOL,Not available,"Subclass 482, Subclass 186","190: 0 states, 491: 0 states"
Cyber Security Operations Coordinator,262118,262118,https://www.anzscolookup.com.au/occupations/262118,ACS,CSOL,Not available,"Subclass 482, Subclass 186","190: 0 states, 491: 0 states"
Dairy Cattle Farmer,121313,121313,https://www.anzscolookup.com.au/occupations/121313,VETASSESS,"ROL, CSOL",Subclass 491,"Subclass 482, Subclass 186, Subclass 494","190: 0 states, 491: 4 states"
Dance Teacher (Private Tuition),249212,249212,https://www.anzscolookup.com.au/occupations/249212,VETASSESS,"STSOL, ROL","Subclass 190, Subclass 491",Subclass 494,"190: 3 states, 491: 3 states"
Dancer Or Choreographer,211112,211112,https://www.anzscolookup.com.au/occupations/211112,VETASSESS,MLTSSL,"Subclass 189, Subclass 190, Subclass 491, Subclass 485",Subclass 494,"190: 4 states, 491: 4 states"
Data Analyst,224114,224114,https://www.anzscolookup.com.au/occupations/224114,ACS,CSOL,Not available,"Subclass 482, Subclass 186","190: 0 states, 491: 0 states"
Data Scientist,224115,224115,https://www.anzscolookup.com.au/occupations/224115,ACS,CSOL,Not available,"Subclass 482, Subclass 186","190: 0 states, 491: 0 states"
Database Administrator,262111,262111,https://www.anzscolookup.com.au/occupations/262111,ACS,"STSOL, CSOL, ROL","Subclass 190, Subclass 491","Subclass 482, Subclass 186, Subclass 494","190: 7 states, 491: 7 states"
Deer Farmer,121314,121314,https://www.anzscolookup.com.au/occupations/121314,VETASSESS,ROL,Subclass 491,Subclass 494,"190: 0 states, 491: 4 states"
Dental Hygienist,411211,411211,https://www.anzscolookup.com.au/occupations/411211,VETASSESS,"ROL, CSOL",Subclass 491,"Subclass 482, Subclass 186, Subclass 494","190: 0 states, 491: 7 states"
Dental Prosthetist,411212,411212,https://www.anzscolookup.com.au/occupations/411212,TRA,"CSOL, ROL",Not available,"Subclass 482, Subclass 186, Subclass 494","190: 0 states, 491: 0 states"
Dental Specialist,252311,252311,https://www.anzscolookup.com.au/occupations/252311,ADC,"STSOL, CSOL, ROL","Subclass 190, Subclass 491","Subclass 482, Subclass 186, Subclass 494","190: 6 states, 491: 8 states"
Dental Technician,411213,411213,https://www.anzscolookup.com.au/occupations/411213,TRA,"STSOL, CSOL, ROL","Subclass 190, Subclass 491","Subclass 482, Subclass 186, Subclass 494","190: 6 states, 491: 7 states"
Dental Therapist,411214,411214,https://www.anzscolookup.com.au/occupations/411214,VETASSESS,"ROL, CSOL",Subclass 491,"Subclass 482, Subclass 186, Subclass 494","190: 0 states, 491: 7 states"
Dentist,252312,252312,https://www.anzscolookup.com.au/occupations/252312,ADC,"ROL, CSOL",Subclass 491,"Subclass 482, Subclass 186, Subclass 494","190: 0 states, 491: 8 states"
Dermatologist,253911,253911,https://www.anzscolookup.com.au/occupations/253911,MedBA,"MLTSSL, CSOL","Subclass 189, Subclass 190, Subclass 491, Subclass 485","Subclass 482, Subclass 186, Subclass 494","190: 8 states, 491: 8 states"
Developer Programmer,261312,261312,https://www.anzscolookup.com.au/occupations/261312,ACS,"MLTSSL, CSOL","Subclass 189, Subclass 190, Subclass 491, Subclass 485","Subclass 482, Subclass 186, Subclass 494","190: 8 states, 491: 8 states"
Devops Engineer,261316,261316,https://www.anzscolookup.com.au/occupations/261316,ACS,CSOL,Not available,"Subclass 482, Subclass 186","190: 0 states, 491: 0 states"
Diagnostic And Interventional Radiologist,253917,253917,https://www.anzscolookup.com.au/occupations/253917,MedBA,"MLTSSL, CSOL","Subclass 189, Subclass 190, Subclass 491, Subclass 485","Subclass 482, Subclass 186, Subclass 494","190: 8 states, 491: 8 states"
Diesel Motor Mechanic,321212,321212,https://www.anzscolookup.com.au/occupations/321212,TRA,"MLTSSL, CSOL","Subclass 189, Subclass 190, Subclass 491, Subclass 485","Subclass 482, Subclass 186, Subclass 494","190: 6 states, 491: 8 states"
Dietitian,251111,251111,https://www.anzscolookup.com.au/occupations/251111,DAA,"STSOL, CSOL, ROL","Subclass 190, Subclass 491","Subclass 482, Subclass 186, Subclass 494","190: 6 states, 491: 7 states"
"Director (Film, Television, Radio Or Stage)",212312,212312,https://www.anzscolookup.com.au/occupations/212312,VETASSESS,"STSOL, ROL","Subclass 190, Subclass 491",Subclass 494,"190: 4 states, 491: 4 states"
director of photography,212313,212313,https://www.anzscolookup.com.au/occupations/212313,VETASSESS,ROL,Not available,Subclass 494,"190: 0 states, 491: 0 states"
Disabilities Services Officer,411712,411712,https://www.anzscolookup.com.au/occupations/411712,ACWA,"STSOL, ROL","Subclass 190, Subclass 491",Subclass 494,"190: 7 states, 491: 7 states"
Diver,399911,399911,https://www.anzscolookup.com.au/occupations/399911,VETASSESS,"CSOL, ROL",Not available,"Subclass 482, Subclass 186, Subclass 494","190: 0 states, 491: 0 states"
Diversional Therapist,411311,411311,https://www.anzscolookup.com.au/occupations/411311,VETASSESS,"STSOL, CSOL, ROL","Subclass 190, Subclass 491","Subclass 482, Subclass 186, Subclass 494","190: 5 states, 491: 5 states"
Diving Instructor (Open Water),452311,452311,https://www.anzscolookup.com.au/occupations/452311,VETASSESS,"STSOL, CSOL, ROL","Subclass 190, Subclass 491","Subclass 482, Subclass 186, Subclass 494","190: 3 states, 491: 3 states"
Dog Handler Or Trainer,361111,361111,https://www.anzscolookup.com.au/occupations/361111,VETASSESS,"STSOL, CSOL, ROL","Subclass 190, Subclass 491","Subclass 482, Subclass 186, Subclass 494","190: 3 states, 491: 3 states"
dog or horse racing official,452318,452318,https://www.anzscolookup.com.au/occupations/452318,VETASSESS,ROL,Not available,Subclass 494,"190: 0 states, 491: 0 states"
Drainer,334113,334113,https://www.anzscolookup.com.au/occupations/334113,TRA,"MLTSSL, CSOL","Subclass 189, Subclass 190, Subclass 491, Subclass 485","Subclass 482, Subclass 186, Subclass 494","190: 8 states, 491: 8 states"
drama teacher (private tuition),249213,249213,https://www.anzscolookup.com.au/occupations/249213,VETASSESS,ROL,Not available,Subclass 494,"190: 0 states, 491: 0 states"
Dressmaker Or Tailor,393213,393213,https://www.anzscolookup.com.au/occupations/393213,TRA,"STSOL, ROL","Subclass 190, Subclass 491",Subclass 494,"190: 3 states, 491: 3 states"
Driving Instructor,451211,451211,https://www.anzscolookup.com.au/occupations/451211,VETASSESS,ROL,Subclass 491,Subclass 494,"190: 0 states, 491: 4 states"
Drug And Alcohol Counsellor,272112,272112,https://www.anzscolookup.com.au/occupations/272112,VETASSESS,"STSOL, CSOL, ROL","Subclass 190, Subclass 491","Subclass 482, Subclass 186, Subclass 494","190: 5 states, 491: 6 states"
Early Childhood (Pre Primary School) Teacher,241111,241111,https://www.anzscolookup.com.au/occupations/241111,ACECQA,"MLTSSL, CSOL","Subclass 189, Subclass 190, Subclass 491, Subclass 485","Subclass 482, Subclass 186, Subclass 494","190: 8 states, 491: 8 states"
Earth Science Technician,311412,311412,https://www.anzscolookup.com.au/occupations/311412,VETASSESS,"STSOL, CSOL, ROL","Subclass 190, Subclass 491","Subclass 482, Subclass 186, Subclass 494","190: 5 states, 491: 5 states"
Economist,224311,224311,https://www.anzscolookup.com.au/occupations/224311,VETASSESS,MLTSSL,"Subclass 189, Subclass 190, Subclass 491, Subclass 485",Subclass 494,"190: 4 states, 491: 4 states"
Education Adviser,249111,249111,https://www.anzscolookup.com.au/occupations/249111,VETASSESS,"STSOL, ROL","Subclass 190, Subclass 491",Subclass 494,"190: 4 states, 491: 4 states"
Education Managers (NEC),134499,134499,https://www.anzscolookup.com.au/occupations/134499,VETASSESS,"STSOL, CSOL, ROL","Subclass 190, Subclass 491","Subclass 482, Subclass 186, Subclass 494","190: 4 states, 491: 4 states"
Education Reviewer,249112,249112,https://www.anzscolookup.com.au/occupations/249112,VETASSESS,"CSOL, ROL",Not available,"Subclass 482, Subclass 186, Subclass 494","190: 0 states, 491: 0 states"
Educational Psychologist,272312,272312,https://www.anzscolookup.com.au/occupations/272312,APS,"MLTSSL, CSOL","Subclass 189, Subclass 190, Subclass 491, Subclass 485","Subclass 482, Subclass 186, Subclass 494","190: 8 states, 491: 8 states"
electorate officer,224911,224911,https://www.anzscolookup.com.au/occupations/224911,VETASSESS,ROL,Not available,Subclass 494,"190: 0 states, 491: 0 states"
Electrical Engineer,233311,233311,https://www.anzscolookup.com.au/occupations/233311,Engineers Australia,"MLTSSL, CSOL","Subclass 189, Subclass 190, Subclass 491, Subclass 485","Subclass 482, Subclass 186, Subclass 494","190: 8 states, 491: 8 states"
Electrical Engineering Draftsperson,312311,312311,https://www.anzscolookup.com.au/occupations/312311,Engineers Australia,"MLTSSL, CSOL","Subclass 189, Subclass 190, Subclass 491, Subclass 485","Subclass 482, Subclass 186, Subclass 494","190: 8 states, 491: 8 states"
Electrical Engineering Technician,312312,312312,https://www.anzscolookup.com.au/occupations/312312,TRA,"MLTSSL, CSOL","Subclass 189, Subclass 190, Subclass 491, Subclass 485","Subclass 482, Subclass 186, Subclass 494","190: 8 states, 491: 8 states"
Electrical Linesworker / Electrical Line Mechanic,342211,342211,https://www.anzscolookup.com.au/occupations/342211,TRA,"ROL, CSOL",Subclass 491,"Subclass 482, Subclass 186, Subclass 494","190: 0 states, 491: 8 states"
Electrician (General),341111,341111,https://www.anzscolookup.com.au/occupations/341111,TRA,"MLTSSL, CSOL","Subclass 189, Subclass 190, Subclass 491, Subclass 485","Subclass 482, Subclass 186, Subclass 494","190: 8 states, 491: 8 states"
Electrician (Special Class),341112,341112,https://www.anzscolookup.com.au/occupations/341112,TRA,"MLTSSL, CSOL","Subclass 189, Subclass 190, Subclass 491, Subclass 485","Subclass 482, Subclass 186, Subclass 494","190: 8 states, 491: 8 states"
electronic engineering draftsperson,312411,312411,https://www.anzscolookup.com.au/occupations/312411,Engineers Australia,ROL,Not available,Subclass 494,"190: 0 states, 491: 0 states"
Electronic Engineering Technician,312412,312412,https://www.anzscolookup.com.au/occupations/312412,TRA,"CSOL, ROL",Not available,"Subclass 482, Subclass 186, Subclass 494","190: 0 states, 491: 0 states"
Electronic Equipment Trades Worker,342313,342313,https://www.anzscolookup.com.au/occupations/342313,TRA,"MLTSSL, CSOL","Subclass 189, Subclass 190, Subclass 491, Subclass 485","Subclass 482, Subclass 186, Subclass 494","190: 6 states, 491: 6 states"
Electronic Instrument Trades Worker (General),342314,342314,https://www.anzscolookup.com.au/occupations/342314,TRA,"MLTSSL, CSOL","Subclass 189, Subclass 190, Subclass 491, Subclass 485","Subclass 482, Subclass 186, Subclass 494","190: 6 states, 491: 6 states"
Electronic Instrument Trades Worker (Special Class),342315,342315,https://www.anzscolookup.com.au/occupations/342315,TRA,"MLTSSL, CSOL","Subclass 189, Subclass 190, Subclass 491, Subclass 485","Subclass 482, Subclass 186, Subclass 494","190: 6 states, 491: 6 states"
Electronics Engineer,233411,233411,https://www.anzscolookup.com.au/occupations/233411,Engineers Australia,"MLTSSL, CSOL","Subclass 189, Subclass 190, Subclass 491, Subclass 485","Subclass 482, Subclass 186, Subclass 494","190: 8 states, 491: 7 states"
Electroplater,322112,322112,https://www.anzscolookup.com.au/occupations/322112,TRA,"CSOL, ROL",Not available,"Subclass 482, Subclass 186, Subclass 494","190: 0 states, 491: 0 states"
Emergency Medicine Specialist,253912,253912,https://www.anzscolookup.com.au/occupations/253912,MedBA,"MLTSSL, CSOL","Subclass 189, Subclass 190, Subclass 491, Subclass 485","Subclass 482, Subclass 186, Subclass 494","190: 8 states, 491: 8 states"
Emergency Service Worker,441211,441211,https://www.anzscolookup.com.au/occupations/441211,VETASSESS,ROL,Subclass 491,Subclass 494,"190: 0 states, 491: 5 states"
Endocrinologist,253315,253315,https://www.anzscolookup.com.au/occupations/253315,MedBA,"MLTSSL, CSOL","Subclass 189, Subclass 190, Subclass 491, Subclass 485","Subclass 482, Subclass 186, Subclass 494","190: 8 states, 491: 8 states"
Engineering Manager,133211,133211,https://www.anzscolookup.com.au/occupations/133211,Engineers Australia / IML,"MLTSSL, CSOL","Subclass 189, Subclass 190, Subclass 491, Subclass 485","Subclass 482, Subclass 186, Subclass 494","190: 8 states, 491: 8 states"
Engineering Patternmaker,323411,323411,https://www.anzscolookup.com.au/occupations/323411,TRA,"CSOL, ROL",Not available,"Subclass 482, Subclass 186, Subclass 494","190: 0 states, 491: 0 states"
Engineering Professionals (NEC),233999,233999,https://www.anzscolookup.com.au/occupations/233999,Engineers Australia,"MLTSSL, CSOL","Subclass 189, Subclass 190, Subclass 491, Subclass 485","Subclass 482, Subclass 186, Subclass 494","190: 8 states, 491: 8 states"
Engineering Technologist,233914,233914,https://www.anzscolookup.com.au/occupations/233914,Engineers Australia,"MLTSSL, CSOL","Subclass 189, Subclass 190, Subclass 491, Subclass 485","Subclass 482, Subclass 186, Subclass 494","190: 7 states, 491: 7 states"
engraver,323311,323311,https://www.anzscolookup.com.au/occupations/323311,TRA,ROL,Not available,Subclass 494,"190: 0 states, 491: 0 states"
Enrolled Nurse,411411,411411,https://www.anzscolookup.com.au/occupations/411411,ANMAC,"STSOL, CSOL, ROL","Subclass 190, Subclass 491","Subclass 482, Subclass 186, Subclass 494","190: 5 states, 491: 7 states"
entertainer or variety artist,211113,211113,https://www.anzscolookup.com.au/occupations/211113,VETASSESS,ROL,Not available,Subclass 494,"190: 0 states, 491: 0 states"
Entomologist,234521,234521,https://www.anzscolookup.com.au/occupations/234521,VETASSESS,CSOL,Not available,"Subclass 482, Subclass 186","190: 0 states, 491: 0 states"
Environmental Consultant,234312,234312,https://www.anzscolookup.com.au/occupations/234312,VETASSESS,"MLTSSL, CSOL","Subclass 189, Subclass 190, Subclass 491, Subclass 485","Subclass 482, Subclass 186, Subclass 494","190: 7 states, 491: 7 states"
Environmental Engineer,233915,233915,https://www.anzscolookup.com.au/occupations/233915,Engineers Australia,"MLTSSL, CSOL","Subclass 189, Subclass 190, Subclass 491, Subclass 485","Subclass 482, Subclass 186, Subclass 494","190: 8 states, 491: 8 states"
Environmental Health Officer,251311,251311,https://www.anzscolookup.com.au/occupations/251311,VETASSESS,ROL,Subclass 491,Subclass 494,"190: 0 states, 491: 8 states"
Environmental Manager,139912,139912,https://www.anzscolookup.com.au/occupations/139912,VETASSESS,"MLTSSL, CSOL","Subclass 189, Subclass 190, Subclass 491, Subclass 485","Subclass 482, Subclass 186, Subclass 494","190: 6 states, 491: 6 states"
Environmental Research Scientist,234313,234313,https://www.anzscolookup.com.au/occupations/234313,VETASSESS,MLTSSL,"Subclass 189, Subclass 190, Subclass 491, Subclass 485",Subclass 494,"190: 7 states, 491: 7 states"
Environmental Scientist (NEC),234399,234399,https://www.anzscolookup.com.au/occupations/234399,VETASSESS,"MLTSSL, CSOL","Subclass 189, Subclass 190, Subclass 491, Subclass 485","Subclass 482, Subclass 186, Subclass 494","190: 7 states, 491: 7 states"
Equipment Hire Manager,149915,149915,https://www.anzscolookup.com.au/occupations/149915,VETASSESS,"CSOL, ROL",Not available,"Subclass 482, Subclass 186, Subclass 494","190: 0 states, 491: 0 states"
Exercise Physiologist,234915,234915,https://www.anzscolookup.com.au/occupations/234915,VETASSESS,ROL,Subclass 491,Subclass 494,"190: 0 states, 491: 6 states"
External Auditor,221213,221213,https://www.anzscolookup.com.au/occupations/221213,CPAA / IPA / CAANZ,"MLTSSL, CSOL","Subclass 189, Subclass 190, Subclass 491, Subclass 485","Subclass 482, Subclass 186, Subclass 494","190: 6 states, 491: 6 states"
Facilities Manager,149913,149913,https://www.anzscolookup.com.au/occupations/149913,VETASSESS,"STSOL, ROL","Subclass 190, Subclass 491",Subclass 494,"190: 5 states, 491: 5 states"
Faculty Head,134411,134411,https://www.anzscolookup.com.au/occupations/134411,VETASSESS,"CSOL, MLTSSL",Not available,"Subclass 482, Subclass 186, Subclass 494","190: 0 states, 491: 0 states"
Family And Marriage Counsellor,272113,272113,https://www.anzscolookup.com.au/occupations/272113,VETASSESS,"STSOL, ROL","Subclass 190, Subclass 491",Subclass 494,"190: 5 states, 491: 6 states"
Family Support Worker,411713,411713,https://www.anzscolookup.com.au/occupations/411713,ACWA,"STSOL, CSOL, ROL","Subclass 190, Subclass 491","Subclass 482, Subclass 186, Subclass 494","190: 6 states, 491: 7 states"
Farrier,322113,322113,https://www.anzscolookup.com.au/occupations/322113,TRA,"STSOL, CSOL, ROL","Subclass 190, Subclass 491","Subclass 482, Subclass 186, Subclass 494","190: 4 states, 491: 4 states"
Fashion Designer,232311,232311,https://www.anzscolookup.com.au/occupations/232311,VETASSESS,"STSOL, ROL","Subclass 190, Subclass 491",Subclass 494,"190: 3 states, 491: 4 states"
Film And Video Editor,212314,212314,https://www.anzscolookup.com.au/occupations/212314,VETASSESS,"STSOL, ROL","Subclass 190, Subclass 491",Subclass 494,"190: 4 states, 491: 4 states"
"film, television, radio and stage directors (nec)",212399,212399,https://www.anzscolookup.com.au/occupations/212399,VETASSESS,ROL,Not available,Subclass 494,"190: 0 states, 491: 0 states"
Finance Broker,222112,222112,https://www.anzscolookup.com.au/occupations/222112,VETASSESS,"STSOL, CSOL, ROL","Subclass 190, Subclass 491","Subclass 482, Subclass 186, Subclass 494","190: 5 states, 491: 5 states"
Finance Manager,132211,132211,https://www.anzscolookup.com.au/occupations/132211,CPAA / IPA / CAANZ,"STSOL, CSOL, ROL","Subclass 190, Subclass 491","Subclass 482, Subclass 186, Subclass 494","190: 5 states, 491: 5 states"
Financial Brokers (NEC),222199,222199,https://www.anzscolookup.com.au/occupations/222199,VETASSESS,"STSOL, ROL","Subclass 190, Subclass 491",Subclass 494,"190: 5 states, 491: 5 states"
Financial Dealers (NEC),222299,222299,https://www.anzscolookup.com.au/occupations/222299,VETASSESS,"STSOL, ROL","Subclass 190, Subclass 491",Subclass 494,"190: 4 states, 491: 4 states"
Financial Institution Branch Manager,149914,149914,https://www.anzscolookup.com.au/occupations/149914,VETASSESS,"ROL, CSOL",Subclass 491,"Subclass 482, Subclass 186, Subclass 494","190: 0 states, 491: 4 states"
Financial Investment Adviser,222311,222311,https://www.anzscolookup.com.au/occupations/222311,VETASSESS,"STSOL, CSOL, ROL","Subclass 190, Subclass 491","Subclass 482, Subclass 186, Subclass 494","190: 5 states, 491: 5 states"
Financial Investment Manager,222312,222312,https://www.anzscolookup.com.au/occupations/222312,VETASSESS,"STSOL, ROL","Subclass 190, Subclass 491",Subclass 494,"190: 5 states, 491: 5 states"
Financial Market Dealer,222211,222211,https://www.anzscolookup.com.au/occupations/222211,VETASSESS,"STSOL, ROL","Subclass 190, Subclass 491",Subclass 494,"190: 4 states, 491: 4 states"
Fire Protection Equipment Technician,399918,399918,https://www.anzscolookup.com.au/occupations/399918,TRA,"CSOL, ROL",Not available,"Subclass 482, Subclass 186, Subclass 494","190: 0 states, 491: 0 states"
Fire Protection Plumber,334117,334117,https://www.anzscolookup.com.au/occupations/334117,TRA,CSOL,Not available,"Subclass 482, Subclass 186","190: 0 states, 491: 0 states"
First Aid Trainer,451815,451815,https://www.anzscolookup.com.au/occupations/451815,VETASSESS,ROL,Subclass 491,Subclass 494,"190: 0 states, 491: 3 states"
fisheries officer,311311,311311,https://www.anzscolookup.com.au/occupations/311311,VETASSESS,ROL,Not available,Subclass 494,"190: 0 states, 491: 0 states"
Fitness Centre Manager,149112,149112,https://www.anzscolookup.com.au/occupations/149112,VETASSESS,ROL,Subclass 491,Subclass 494,"190: 0 states, 491: 4 states"
Fitter (General),323211,323211,https://www.anzscolookup.com.au/occupations/323211,TRA,"MLTSSL, CSOL","Subclass 189, Subclass 190, Subclass 491, Subclass 485","Subclass 482, Subclass 186, Subclass 494","190: 8 states, 491: 8 states"
Fitter And Turner,323212,323212,https://www.anzscolookup.com.au/occupations/323212,TRA,"MLTSSL, CSOL","Subclass 189, Subclass 190, Subclass 491, Subclass 485","Subclass 482, Subclass 186, Subclass 494","190: 8 states, 491: 8 states"
Fitter Welder,323213,323213,https://www.anzscolookup.com.au/occupations/323213,TRA,"MLTSSL, CSOL","Subclass 189, Subclass 190, Subclass 491, Subclass 485","Subclass 482, Subclass 186, Subclass 494","190: 8 states, 491: 8 states"
Fleet Manager,149411,149411,https://www.anzscolookup.com.au/occupations/149411,VETASSESS,"CSOL, ROL",Not available,"Subclass 482, Subclass 186, Subclass 494","190: 0 states, 491: 0 states"
Flight Attendant,451711,451711,https://www.anzscolookup.com.au/occupations/451711,VETASSESS,"ROL, CSOL",Subclass 491,"Subclass 482, Subclass 186, Subclass 494","190: 0 states, 491: 3 states"
Floor Finisher,332111,332111,https://www.anzscolookup.com.au/occupations/332111,TRA,"ROL, CSOL",Subclass 491,"Subclass 482, Subclass 186, Subclass 494","190: 0 states, 491: 7 states"
Florist,362111,362111,https://www.anzscolookup.com.au/occupations/362111,TRA,"STSOL, ROL","Subclass 190, Subclass 491",Subclass 494,"190: 3 states, 491: 3 states"
flower grower,121611,121611,https://www.anzscolookup.com.au/occupations/121611,VETASSESS,"STSOL, CSOL","Subclass 190, Subclass 491","Subclass 482, Subclass 186, Subclass 494","190: 3 states, 491: 3 states"
Flower Grower,121212,121212,https://www.anzscolookup.com.au/occupations/121212,Manual verification required,,Not available,Not available,"190: 0 states, 491: 0 states"
Flying Instructor,231113,231113,https://www.anzscolookup.com.au/occupations/231113,VETASSESS,"ROL, CSOL",Subclass 491,"Subclass 482, Subclass 186, Subclass 494","190: 0 states, 491: 5 states"
Food Technologist,234212,234212,https://www.anzscolookup.com.au/occupations/234212,VETASSESS,"MLTSSL, CSOL","Subclass 189, Subclass 190, Subclass 491, Subclass 485","Subclass 482, Subclass 186, Subclass 494","190: 6 states, 491: 6 states"
Footballer,452411,452411,https://www.anzscolookup.com.au/occupations/452411,VETASSESS,MLTSSL,"Subclass 189, Subclass 190, Subclass 491, Subclass 485",Subclass 494,"190: 4 states, 491: 4 states"
Forester / Forest Scientist,234113,234113,https://www.anzscolookup.com.au/occupations/234113,VETASSESS,MLTSSL,"Subclass 189, Subclass 190, Subclass 491, Subclass 485",Subclass 494,"190: 6 states, 491: 5 states"
Fruit Or Nut Grower,121213,121213,https://www.anzscolookup.com.au/occupations/121213,VETASSESS,ROL,Subclass 491,Subclass 494,"190: 0 states, 491: 5 states"
funeral director,451311,451311,https://www.anzscolookup.com.au/occupations/451311,VETASSESS,ROL,Not available,Subclass 494,"190: 0 states, 491: 0 states"
Funeral Workers (NEC),451399,451399,https://www.anzscolookup.com.au/occupations/451399,VETASSESS,ROL,Subclass 491,Subclass 494,"190: 0 states, 491: 4 states"
Furniture Finisher,394211,394211,https://www.anzscolookup.com.au/occupations/394211,TRA,"STSOL, CSOL, ROL","Subclass 190, Subclass 491","Subclass 482, Subclass 186, Subclass 494","190: 3 states, 491: 4 states"
Furniture Maker,394113,394113,https://www.anzscolookup.com.au/occupations/394113,TRA,CSOL,Not available,"Subclass 482, Subclass 186","190: 0 states, 491: 0 states"
futures trader,222212,222212,https://www.anzscolookup.com.au/occupations/222212,VETASSESS,ROL,Not available,Subclass 494,"190: 0 states, 491: 0 states"
Gallery Or Museum Curator,224212,224212,https://www.anzscolookup.com.au/occupations/224212,VETASSESS,"STSOL, ROL","Subclass 190, Subclass 491",Subclass 494,"190: 3 states, 491: 3 states"
gallery or museum technician,399311,399311,https://www.anzscolookup.com.au/occupations/399311,TRA,ROL,Not available,Subclass 494,"190: 0 states, 491: 0 states"
Gardener (General),362211,362211,https://www.anzscolookup.com.au/occupations/362211,TRA,"STSOL, ROL","Subclass 190, Subclass 491",Subclass 494,"190: 4 states, 491: 4 states"
Gas Or Petroleum Operator,399212,399212,https://www.anzscolookup.com.au/occupations/399212,TRA,"ROL, CSOL",Subclass 491,"Subclass 482, Subclass 186, Subclass 494","190: 0 states, 491: 5 states"
Gasfitter,334114,334114,https://www.anzscolookup.com.au/occupations/334114,TRA,"MLTSSL, CSOL","Subclass 189, Subclass 190, Subclass 491, Subclass 485","Subclass 482, Subclass 186, Subclass 494","190: 8 states, 491: 8 states"
Gastroenterologist,253316,253316,https://www.anzscolookup.com.au/occupations/253316,MedBA,"MLTSSL, CSOL","Subclass 189, Subclass 190, Subclass 491, Subclass 485","Subclass 482, Subclass 186, Subclass 494","190: 8 states, 491: 8 states"
General Practitioner,253111,253111,https://www.anzscolookup.com.au/occupations/253111,MedBA,"MLTSSL, CSOL","Subclass 189, Subclass 190, Subclass 491, Subclass 485","Subclass 482, Subclass 186, Subclass 494","190: 8 states, 491: 8 states"
Geologist,234411,234411,https://www.anzscolookup.com.au/occupations/234411,VETASSESS,"STSOL, CSOL, ROL","Subclass 190, Subclass 491","Subclass 482, Subclass 186, Subclass 494","190: 7 states, 491: 7 states"
Geophysicist,234412,234412,https://www.anzscolookup.com.au/occupations/234412,VETASSESS,"MLTSSL, CSOL","Subclass 189, Subclass 190, Subclass 491, Subclass 485","Subclass 482, Subclass 186, Subclass 494","190: 6 states, 491: 6 states"
Geotechnical Engineer,233212,233212,https://www.anzscolookup.com.au/occupations/233212,Engineers Australia,"MLTSSL, CSOL","Subclass 189, Subclass 190, Subclass 491, Subclass 485","Subclass 482, Subclass 186, Subclass 494","190: 8 states, 491: 8 states"
Glazier,333111,333111,https://www.anzscolookup.com.au/occupations/333111,TRA,"MLTSSL, CSOL","Subclass 189, Subclass 190, Subclass 491, Subclass 485","Subclass 482, Subclass 186, Subclass 494","190: 8 states, 491: 8 states"
Goat Farmer,121315,121315,https://www.anzscolookup.com.au/occupations/121315,VETASSESS,"ROL, CSOL",Subclass 491,"Subclass 482, Subclass 186, Subclass 494","190: 0 states, 491: 4 states"
golfer,452412,452412,https://www.anzscolookup.com.au/occupations/452412,VETASSESS,ROL,Not available,Subclass 494,"190: 0 states, 491: 0 states"
"Grain, Oilseed Or Pasture Grower (Aus)/Field Crop Grower (Nz)",121214,121214,https://www.anzscolookup.com.au/occupations/121214,VETASSESS,ROL,Subclass 491,Subclass 494,"190: 0 states, 491: 5 states"
Grape Grower,121215,121215,https://www.anzscolookup.com.au/occupations/121215,VETASSESS,"STSOL, ROL","Subclass 190, Subclass 491",Subclass 494,"190: 4 states, 491: 5 states"
Graphic Designer,232411,232411,https://www.anzscolookup.com.au/occupations/232411,VETASSESS,"STSOL, ROL","Subclass 190, Subclass 491",Subclass 494,"190: 4 states, 491: 4 states"
Graphic Pre-press Trades Worker,392211,392211,https://www.anzscolookup.com.au/occupations/392211,TRA,"CSOL, ROL",Not available,"Subclass 482, Subclass 186, Subclass 494","190: 0 states, 491: 0 states"
Greenkeeper,362311,362311,https://www.anzscolookup.com.au/occupations/362311,TRA,"STSOL, ROL","Subclass 190, Subclass 491",Subclass 494,"190: 4 states, 491: 4 states"
gunsmith,323312,323312,https://www.anzscolookup.com.au/occupations/323312,TRA,ROL,Not available,Subclass 494,"190: 0 states, 491: 0 states"
Gymnastics Coach Or Instructor,452312,452312,https://www.anzscolookup.com.au/occupations/452312,VETASSESS,"STSOL, ROL","Subclass 190, Subclass 491",Subclass 494,"190: 3 states, 491: 3 states"
hair or beauty salon manager,142114,142114,https://www.anzscolookup.com.au/occupations/142114,VETASSESS,ROL,Not available,Subclass 494,"190: 0 states, 491: 0 states"
Hairdresser,391111,391111,https://www.anzscolookup.com.au/occupations/391111,TRA,"STSOL, CSOL, ROL","Subclass 190, Subclass 491","Subclass 482, Subclass 186, Subclass 494","190: 4 states, 491: 4 states"
Hardware Technician,313111,313111,https://www.anzscolookup.com.au/occupations/313111,TRA,"STSOL, CSOL, ROL","Subclass 190, Subclass 491","Subclass 482, Subclass 186, Subclass 494","190: 5 states, 491: 5 states"
Health And Welfare Services Managers (NEC),134299,134299,https://www.anzscolookup.com.au/occupations/134299,VETASSESS,"STSOL, ROL","Subclass 190, Subclass 491",Subclass 494,"190: 7 states, 491: 7 states"
Health Diagnostic And Promotion Professionals (NEC),251999,251999,https://www.anzscolookup.com.au/occupations/251999,VETASSESS,"STSOL, CSOL, ROL","Subclass 190, Subclass 491","Subclass 482, Subclass 186, Subclass 494","190: 6 states, 491: 6 states"
Health Information Manager,224213,224213,https://www.anzscolookup.com.au/occupations/224213,VETASSESS,"STSOL, ROL","Subclass 190, Subclass 491",Subclass 494,"190: 5 states, 491: 5 states"
health practice manager,512211,512211,https://www.anzscolookup.com.au/occupations/512211,VETASSESS,ROL,Not available,Subclass 494,"190: 0 states, 491: 0 states"
Health Promotion Officer,251911,251911,https://www.anzscolookup.com.au/occupations/251911,VETASSESS,"STSOL, ROL","Subclass 190, Subclass 491",Subclass 494,"190: 6 states, 491: 6 states"
Helicopter Pilot,231114,231114,https://www.anzscolookup.com.au/occupations/231114,CASA,"ROL, CSOL",Subclass 491,"Subclass 482, Subclass 186, Subclass 494","190: 0 states, 491: 5 states"
historian,272411,272411,https://www.anzscolookup.com.au/occupations/272411,VETASSESS,ROL,Not available,Subclass 494,"190: 0 states, 491: 0 states"
homoeopath,252212,252212,https://www.anzscolookup.com.au/occupations/252212,VETASSESS,ROL,Not available,Subclass 494,"190: 0 states, 491: 0 states"
Horse Breeder,121316,121316,https://www.anzscolookup.com.au/occupations/121316,VETASSESS,ROL,Subclass 491,Subclass 494,"190: 0 states, 491: 4 states"
Horse Riding Coach Or Instructor,452313,452313,https://www.anzscolookup.com.au/occupations/452313,VETASSESS,"STSOL, ROL","Subclass 190, Subclass 491",Subclass 494,"190: 3 states, 491: 3 states"
Horse Trainer,361112,361112,https://www.anzscolookup.com.au/occupations/361112,TRA,"MLTSSL, CSOL","Subclass 189, Subclass 190, Subclass 491, Subclass 485","Subclass 482, Subclass 186, Subclass 494","190: 4 states, 491: 4 states"
Hospital Pharmacist,251511,251511,https://www.anzscolookup.com.au/occupations/251511,APharmC,"STSOL, CSOL, ROL","Subclass 190, Subclass 491","Subclass 482, Subclass 186, Subclass 494","190: 7 states, 491: 8 states"
"Hospitality, Retail and Service Managers nec",149999,149999,https://www.anzscolookup.com.au/occupations/149999,VETASSESS,"CSOL, ROL",Not available,"Subclass 482, Subclass 186, Subclass 494","190: 0 states, 491: 0 states"
Hotel Or Motel Manager,141311,141311,https://www.anzscolookup.com.au/occupations/141311,VETASSESS,"STSOL, CSOL, ROL","Subclass 190, Subclass 491","Subclass 482, Subclass 186, Subclass 494","190: 5 states, 491: 7 states"
Hotel Service Manager,431411,431411,https://www.anzscolookup.com.au/occupations/431411,VETASSESS,"CSOL, ROL",Not available,"Subclass 482, Subclass 186, Subclass 494","190: 0 states, 491: 0 states"
Human Resource Adviser,223111,223111,https://www.anzscolookup.com.au/occupations/223111,VETASSESS,"ROL, CSOL",Subclass 491,"Subclass 482, Subclass 186, Subclass 494","190: 0 states, 491: 5 states"
Human Resource Manager,132311,132311,https://www.anzscolookup.com.au/occupations/132311,IML,"STSOL, CSOL, ROL","Subclass 190, Subclass 491","Subclass 482, Subclass 186, Subclass 494","190: 5 states, 491: 5 states"
Hydrogeologist,234413,234413,https://www.anzscolookup.com.au/occupations/234413,VETASSESS,"MLTSSL, CSOL","Subclass 189, Subclass 190, Subclass 491, Subclass 485","Subclass 482, Subclass 186, Subclass 494","190: 7 states, 491: 7 states"
hydrographer,311415,311415,https://www.anzscolookup.com.au/occupations/311415,VETASSESS,ROL,Not available,Subclass 494,"190: 0 states, 491: 0 states"
ICT Account Manager,225211,225211,https://www.anzscolookup.com.au/occupations/225211,VETASSESS,"STSOL, CSOL, ROL","Subclass 190, Subclass 491","Subclass 482, Subclass 186, Subclass 494","190: 4 states, 491: 4 states"
ICT Business Analyst,261111,261111,https://www.anzscolookup.com.au/occupations/261111,ACS,"MLTSSL, CSOL","Subclass 189, Subclass 190, Subclass 491, Subclass 485","Subclass 482, Subclass 186, Subclass 494","190: 7 states, 491: 7 states"
ICT Business Development Manager,225212,225212,https://www.anzscolookup.com.au/occupations/225212,VETASSESS,"STSOL, CSOL, ROL","Subclass 190, Subclass 491","Subclass 482, Subclass 186, Subclass 494","190: 4 states, 491: 4 states"
ICT Customer Support Officer,313112,313112,https://www.anzscolookup.com.au/occupations/313112,TRA,"STSOL, CSOL, ROL","Subclass 190, Subclass 491","Subclass 482, Subclass 186, Subclass 494","190: 4 states, 491: 4 states"
ICT Managers (NEC),135199,135199,https://www.anzscolookup.com.au/occupations/135199,ACS,"STSOL, CSOL, ROL","Subclass 190, Subclass 491","Subclass 482, Subclass 186, Subclass 494","190: 7 states, 491: 7 states"
ICT Project Manager,135112,135112,https://www.anzscolookup.com.au/occupations/135112,ACS,"STSOL, CSOL, ROL","Subclass 190, Subclass 491","Subclass 482, Subclass 186, Subclass 494","190: 7 states, 491: 7 states"
ICT Quality Assurance Engineer,263211,263211,https://www.anzscolookup.com.au/occupations/263211,ACS,"STSOL, CSOL, ROL","Subclass 190, Subclass 491","Subclass 482, Subclass 186, Subclass 494","190: 5 states, 491: 5 states"
ICT Sales Representative,225213,225213,https://www.anzscolookup.com.au/occupations/225213,VETASSESS,"STSOL, CSOL, ROL","Subclass 190, Subclass 491","Subclass 482, Subclass 186, Subclass 494","190: 4 states, 491: 4 states"
ICT Security Specialist,262112,262112,https://www.anzscolookup.com.au/occupations/262112,ACS,MLTSSL,"Subclass 189, Subclass 190, Subclass 491, Subclass 485",Subclass 494,"190: 8 states, 491: 8 states"
ICT Support And Test Engineers (NEC),263299,263299,https://www.anzscolookup.com.au/occupations/263299,ACS,"STSOL, CSOL, ROL","Subclass 190, Subclass 491","Subclass 482, Subclass 186, Subclass 494","190: 5 states, 491: 5 states"
ICT Support Engineer,263212,263212,https://www.anzscolookup.com.au/occupations/263212,ACS,"STSOL, ROL","Subclass 190, Subclass 491",Subclass 494,"190: 6 states, 491: 6 states"
ICT Support Technicians (NEC),313199,313199,https://www.anzscolookup.com.au/occupations/313199,TRA,"STSOL, CSOL, ROL","Subclass 190, Subclass 491","Subclass 482, Subclass 186, Subclass 494","190: 6 states, 491: 6 states"
ICT Systems Test Engineer,263213,263213,https://www.anzscolookup.com.au/occupations/263213,ACS,"STSOL, CSOL, ROL","Subclass 190, Subclass 491","Subclass 482, Subclass 186, Subclass 494","190: 6 states, 491: 6 states"
ICT Trainer,223211,223211,https://www.anzscolookup.com.au/occupations/223211,ACS,"STSOL, ROL","Subclass 190, Subclass 491",Subclass 494,"190: 3 states, 491: 4 states"
Illustrator,232412,232412,https://www.anzscolookup.com.au/occupations/232412,VETASSESS,"STSOL, CSOL, ROL","Subclass 190, Subclass 491","Subclass 482, Subclass 186, Subclass 494","190: 4 states, 491: 4 states"
importer or exporter,133311,133311,https://www.anzscolookup.com.au/occupations/133311,VETASSESS,ROL,Not available,Subclass 494,"190: 0 states, 491: 0 states"
Industrial Designer,232312,232312,https://www.anzscolookup.com.au/occupations/232312,VETASSESS,"STSOL, ROL","Subclass 190, Subclass 491",Subclass 494,"190: 3 states, 491: 4 states"
Industrial Engineer,233511,233511,https://www.anzscolookup.com.au/occupations/233511,Engineers Australia,"MLTSSL, CSOL","Subclass 189, Subclass 190, Subclass 491, Subclass 485","Subclass 482, Subclass 186, Subclass 494","190: 8 states, 491: 8 states"
Industrial Pharmacist,251512,251512,https://www.anzscolookup.com.au/occupations/251512,VETASSESS,"STSOL, CSOL, ROL","Subclass 190, Subclass 491","Subclass 482, Subclass 186, Subclass 494","190: 7 states, 491: 7 states"
Information And Organisation Professionals (NEC),224999,224999,https://www.anzscolookup.com.au/occupations/224999,ACS / VETASSESS,"STSOL, CSOL, ROL","Subclass 190, Subclass 491","Subclass 482, Subclass 186, Subclass 494","190: 4 states, 491: 4 states"
Insurance Agent,611211,611211,https://www.anzscolookup.com.au/occupations/611211,VETASSESS,"STSOL, CSOL, ROL","Subclass 190, Subclass 491","Subclass 482, Subclass 186, Subclass 494","190: 3 states, 491: 3 states"
Insurance Broker,222113,222113,https://www.anzscolookup.com.au/occupations/222113,VETASSESS,"STSOL, CSOL, ROL","Subclass 190, Subclass 491","Subclass 482, Subclass 186, Subclass 494","190: 5 states, 491: 5 states"
insurance investigator,599611,599611,https://www.anzscolookup.com.au/occupations/599611,VETASSESS,ROL,Not available,Subclass 494,"190: 0 states, 491: 0 states"
Insurance Loss Adjuster,599612,599612,https://www.anzscolookup.com.au/occupations/599612,VETASSESS,"STSOL, CSOL, ROL","Subclass 190, Subclass 491","Subclass 482, Subclass 186, Subclass 494","190: 3 states, 491: 3 states"
insurance risk surveyor,599613,599613,https://www.anzscolookup.com.au/occupations/599613,VETASSESS,ROL,Not available,Subclass 494,"190: 0 states, 491: 0 states"
Intellectual Property Lawyer,271214,271214,https://www.anzscolookup.com.au/occupations/271214,VETASSESS,"ROL, CSOL",Subclass 491,"Subclass 482, Subclass 186, Subclass 494","190: 0 states, 491: 4 states"
Intensive Care Ambulance Paramedic,411112,411112,https://www.anzscolookup.com.au/occupations/411112,VETASSESS,"STSOL, CSOL, ROL","Subclass 190, Subclass 491","Subclass 482, Subclass 186, Subclass 494","190: 6 states, 491: 6 states"
Intensive Care Specialist,253317,253317,https://www.anzscolookup.com.au/occupations/253317,MedBA,"MLTSSL, CSOL","Subclass 189, Subclass 190, Subclass 491, Subclass 485","Subclass 482, Subclass 186, Subclass 494","190: 8 states, 491: 8 states"
interior decorator,399912,399912,https://www.anzscolookup.com.au/occupations/399912,VETASSESS,ROL,Not available,Subclass 494,"190: 0 states, 491: 0 states"
Interior Designer,232511,232511,https://www.anzscolookup.com.au/occupations/232511,VETASSESS,"STSOL, CSOL, ROL","Subclass 190, Subclass 491","Subclass 482, Subclass 186, Subclass 494","190: 3 states, 491: 4 states"
Internal Auditor,221214,221214,https://www.anzscolookup.com.au/occupations/221214,VETASSESS,"MLTSSL, CSOL","Subclass 189, Subclass 190, Subclass 491, Subclass 485","Subclass 482, Subclass 186, Subclass 494","190: 6 states, 491: 6 states"
Interpreter,272412,272412,https://www.anzscolookup.com.au/occupations/272412,NAATI,"STSOL, ROL","Subclass 190, Subclass 491",Subclass 494,"190: 4 states, 491: 5 states"
Irrigation Designer,311115,311115,https://www.anzscolookup.com.au/occupations/311115,VETASSESS,CSOL,Not available,"Subclass 482, Subclass 186","190: 0 states, 491: 0 states"
Irrigation Technician,362712,362712,https://www.anzscolookup.com.au/occupations/362712,VETASSESS,CSOL,Not available,"Subclass 482, Subclass 186","190: 0 states, 491: 0 states"
Jeweller,399411,399411,https://www.anzscolookup.com.au/occupations/399411,TRA,"STSOL, ROL","Subclass 190, Subclass 491",Subclass 494,"190: 3 states, 491: 3 states"
Jewellery Designer,232313,232313,https://www.anzscolookup.com.au/occupations/232313,VETASSESS,"STSOL, CSOL, ROL","Subclass 190, Subclass 491","Subclass 482, Subclass 186, Subclass 494","190: 3 states, 491: 3 states"
Jockey,452413,452413,https://www.anzscolookup.com.au/occupations/452413,TRA,ROL,Subclass 491,Subclass 494,"190: 0 states, 491: 3 states"
Joiner,331213,331213,https://www.anzscolookup.com.au/occupations/331213,TRA,"MLTSSL, CSOL","Subclass 189, Subclass 190, Subclass 491, Subclass 485","Subclass 482, Subclass 186, Subclass 494","190: 8 states, 491: 8 states"
Journalists And Other Writers (NEC),212499,212499,https://www.anzscolookup.com.au/occupations/212499,VETASSESS,"STSOL, CSOL, ROL","Subclass 190, Subclass 491","Subclass 482, Subclass 186, Subclass 494","190: 3 states, 491: 4 states"
Judicial And Other Legal Professionals (NEC),271299,271299,https://www.anzscolookup.com.au/occupations/271299,VETASSESS,"STSOL, CSOL, ROL","Subclass 190, Subclass 491","Subclass 482, Subclass 186, Subclass 494","190: 4 states, 491: 4 states"
kennel hand,361115,361115,https://www.anzscolookup.com.au/occupations/361115,VETASSESS,ROL,Not available,Subclass 494,"190: 0 states, 491: 0 states"
Laboratory Manager,139913,139913,https://www.anzscolookup.com.au/occupations/139913,VETASSESS,"STSOL, CSOL, ROL","Subclass 190, Subclass 491","Subclass 482, Subclass 186, Subclass 494","190: 6 states, 491: 6 states"
Land Economist,224511,224511,https://www.anzscolookup.com.au/occupations/224511,VETASSESS,"MLTSSL, CSOL","Subclass 189, Subclass 190, Subclass 491, Subclass 485","Subclass 482, Subclass 186, Subclass 494","190: 4 states, 491: 4 states"
Landscape Architect,232112,232112,https://www.anzscolookup.com.au/occupations/232112,VETASSESS,"MLTSSL, CSOL","Subclass 189, Subclass 190, Subclass 491, Subclass 485","Subclass 482, Subclass 186, Subclass 494","190: 7 states, 491: 7 states"
landscape gardener,362711,362711,https://www.anzscolookup.com.au/occupations/362711,TRA,"STSOL, CSOL","Subclass 190, Subclass 491","Subclass 482, Subclass 186, Subclass 494","190: 3 states, 491: 3 states"
Landscape Gardener,362213,362213,https://www.anzscolookup.com.au/occupations/362213,Manual verification required,,Not available,Not available,"190: 0 states, 491: 0 states"
law clerk,599214,599214,https://www.anzscolookup.com.au/occupations/599214,VETASSESS,ROL,Not available,Subclass 494,"190: 0 states, 491: 0 states"
leather goods maker,393112,393112,https://www.anzscolookup.com.au/occupations/393112,TRA,ROL,Not available,Subclass 494,"190: 0 states, 491: 0 states"
legal executive,599112,599112,https://www.anzscolookup.com.au/occupations/599112,VETASSESS,ROL,Not available,Subclass 494,"190: 0 states, 491: 0 states"
Legal Secretary,521212,521212,https://www.anzscolookup.com.au/occupations/521212,VETASSESS,"CSOL, ROL",Not available,"Subclass 482, Subclass 186, Subclass 494","190: 0 states, 491: 0 states"
Liaison Officer,224912,224912,https://www.anzscolookup.com.au/occupations/224912,VETASSESS,ROL,Subclass 491,Subclass 494,"190: 0 states, 491: 4 states"
Librarian,224611,224611,https://www.anzscolookup.com.au/occupations/224611,VETASSESS,"STSOL, ROL","Subclass 190, Subclass 491",Subclass 494,"190: 4 states, 491: 4 states"
library technician,399312,399312,https://www.anzscolookup.com.au/occupations/399312,VETASSESS,ROL,Not available,Subclass 494,"190: 0 states, 491: 0 states"
Licensed Club Manager,141411,141411,https://www.anzscolookup.com.au/occupations/141411,VETASSESS,"CSOL, ROL",Not available,"Subclass 482, Subclass 186, Subclass 494","190: 0 states, 491: 0 states"
Life Science Technician,311413,311413,https://www.anzscolookup.com.au/occupations/311413,VETASSESS,"STSOL, ROL","Subclass 190, Subclass 491",Subclass 494,"190: 6 states, 491: 6 states"
Life Scientist (General),234511,234511,https://www.anzscolookup.com.au/occupations/234511,VETASSESS,"MLTSSL, CSOL","Subclass 189, Subclass 190, Subclass 491, Subclass 485","Subclass 482, Subclass 186, Subclass 494","190: 6 states, 491: 6 states"
Life Scientists (NEC),234599,234599,https://www.anzscolookup.com.au/occupations/234599,VETASSESS,"MLTSSL, CSOL","Subclass 189, Subclass 190, Subclass 491, Subclass 485","Subclass 482, Subclass 186, Subclass 494","190: 7 states, 491: 7 states"
lifeguard,452414,452414,https://www.anzscolookup.com.au/occupations/452414,VETASSESS,ROL,Not available,Subclass 494,"190: 0 states, 491: 0 states"
Lift Mechanic,341113,341113,https://www.anzscolookup.com.au/occupations/341113,TRA,MLTSSL,"Subclass 189, Subclass 190, Subclass 491, Subclass 485",Subclass 494,"190: 7 states, 491: 7 states"
Light Technician,399513,399513,https://www.anzscolookup.com.au/occupations/399513,TRA,"CSOL, ROL",Not available,"Subclass 482, Subclass 186, Subclass 494","190: 0 states, 491: 0 states"
Livestock Farmers (NEC),121399,121399,https://www.anzscolookup.com.au/occupations/121399,VETASSESS,ROL,Subclass 491,Subclass 494,"190: 0 states, 491: 4 states"
Locksmith,323313,323313,https://www.anzscolookup.com.au/occupations/323313,TRA,"MLTSSL, CSOL","Subclass 189, Subclass 190, Subclass 491, Subclass 485","Subclass 482, Subclass 186, Subclass 494","190: 4 states, 491: 4 states"
Maintenance Planner,312911,312911,https://www.anzscolookup.com.au/occupations/312911,VETASSESS,"ROL, CSOL",Subclass 491,"Subclass 482, Subclass 186, Subclass 494","190: 0 states, 491: 7 states"
Make Up Artist,399514,399514,https://www.anzscolookup.com.au/occupations/399514,TRA,"STSOL, ROL","Subclass 190, Subclass 491",Subclass 494,"190: 3 states, 491: 3 states"
Management Accountant,221112,221112,https://www.anzscolookup.com.au/occupations/221112,CPAA / IPA / CAANZ,"MLTSSL, CSOL","Subclass 189, Subclass 190, Subclass 491, Subclass 485","Subclass 482, Subclass 186, Subclass 494","190: 5 states, 491: 6 states"
management consultant,224713,224713,https://www.anzscolookup.com.au/occupations/224713,VETASSESS,"MLTSSL, CSOL","Subclass 189, Subclass 190, Subclass 491, Subclass 485","Subclass 482, Subclass 186, Subclass 494","190: 3 states, 491: 3 states"
Management Consultant,224711,224711,https://www.anzscolookup.com.au/occupations/224711,Manual verification required,,Not available,Not available,"190: 0 states, 491: 0 states"
Manufacturer,133411,133411,https://www.anzscolookup.com.au/occupations/133411,VETASSESS,"STSOL, ROL","Subclass 190, Subclass 491",Subclass 494,"190: 6 states, 491: 6 states"
Marine Biologist,234516,234516,https://www.anzscolookup.com.au/occupations/234516,VETASSESS,"MLTSSL, CSOL","Subclass 189, Subclass 190, Subclass 491, Subclass 485","Subclass 482, Subclass 186, Subclass 494","190: 5 states, 491: 5 states"
marine surveyor,231215,231215,https://www.anzscolookup.com.au/occupations/231215,AMSA,ROL,Not available,Subclass 494,"190: 0 states, 491: 0 states"
marine transport professionals (nec),231299,231299,https://www.anzscolookup.com.au/occupations/231299,VETASSESS,ROL,Not available,Subclass 494,"190: 0 states, 491: 0 states"
Market Research Analyst,225112,225112,https://www.anzscolookup.com.au/occupations/225112,VETASSESS,ROL,Subclass 491,Subclass 494,"190: 0 states, 491: 4 states"
Marketing Specialist,225113,225113,https://www.anzscolookup.com.au/occupations/225113,VETASSESS,"STSOL, CSOL, ROL","Subclass 190, Subclass 491","Subclass 482, Subclass 186, Subclass 494","190: 3 states, 491: 4 states"
Massage Therapist,411611,411611,https://www.anzscolookup.com.au/occupations/411611,VETASSESS,"STSOL, CSOL, ROL","Subclass 190, Subclass 491","Subclass 482, Subclass 186, Subclass 494","190: 3 states, 491: 4 states"
master fisher,231211,231211,https://www.anzscolookup.com.au/occupations/231211,VETASSESS,ROL,Not available,Subclass 494,"190: 0 states, 491: 0 states"
Materials Engineer,233112,233112,https://www.anzscolookup.com.au/occupations/233112,Engineers Australia,"MLTSSL, CSOL","Subclass 189, Subclass 190, Subclass 491, Subclass 485","Subclass 482, Subclass 186, Subclass 494","190: 7 states, 491: 7 states"
Mathematician,224112,224112,https://www.anzscolookup.com.au/occupations/224112,VETASSESS,"STSOL, CSOL, ROL","Subclass 190, Subclass 491","Subclass 482, Subclass 186, Subclass 494","190: 4 states, 491: 4 states"
Meat Inspector,311312,311312,https://www.anzscolookup.com.au/occupations/311312,VETASSESS,"STSOL, CSOL, ROL","Subclass 190, Subclass 491","Subclass 482, Subclass 186, Subclass 494","190: 5 states, 491: 5 states"
Mechanical Engineer,233512,233512,https://www.anzscolookup.com.au/occupations/233512,Engineers Australia,"MLTSSL, CSOL","Subclass 189, Subclass 190, Subclass 491, Subclass 485","Subclass 482, Subclass 186, Subclass 494","190: 8 states, 491: 8 states"
Mechanical Engineering Draftsperson,312511,312511,https://www.anzscolookup.com.au/occupations/312511,Engineers Australia,"ROL, CSOL",Subclass 491,"Subclass 482, Subclass 186, Subclass 494","190: 0 states, 491: 8 states"
Mechanical Engineering Technician,312512,312512,https://www.anzscolookup.com.au/occupations/312512,TRA,"STSOL, CSOL, ROL","Subclass 190, Subclass 491","Subclass 482, Subclass 186, Subclass 494","190: 8 states, 491: 8 states"
media producer (excluding video),212112,212112,https://www.anzscolookup.com.au/occupations/212112,VETASSESS,ROL,Not available,Subclass 494,"190: 0 states, 491: 0 states"
Medical Administrator,134211,134211,https://www.anzscolookup.com.au/occupations/134211,VETASSESS,"ROL, CSOL",Subclass 491,"Subclass 482, Subclass 186, Subclass 494","190: 0 states, 491: 7 states"
Medical Diagnostic Radiographer,251211,251211,https://www.anzscolookup.com.au/occupations/251211,ASMIRT,"MLTSSL, CSOL","Subclass 189, Subclass 190, Subclass 491, Subclass 485","Subclass 482, Subclass 186, Subclass 494","190: 8 states, 491: 8 states"
Medical Laboratory Scientist,234611,234611,https://www.anzscolookup.com.au/occupations/234611,AIMS,MLTSSL,"Subclass 189, Subclass 190, Subclass 491, Subclass 485",Subclass 494,"190: 7 states, 491: 7 states"
Medical Laboratory Technician,311213,311213,https://www.anzscolookup.com.au/occupations/311213,AIMS,"STSOL, ROL","Subclass 190, Subclass 491",Subclass 494,"190: 7 states, 491: 8 states"
Medical Oncologist,253314,253314,https://www.anzscolookup.com.au/occupations/253314,MedBA,"MLTSSL, CSOL","Subclass 189, Subclass 190, Subclass 491, Subclass 485","Subclass 482, Subclass 186, Subclass 494","190: 8 states, 491: 8 states"
Medical Practitioners (NEC),253999,253999,https://www.anzscolookup.com.au/occupations/253999,MedBA,"MLTSSL, CSOL","Subclass 189, Subclass 190, Subclass 491, Subclass 485","Subclass 482, Subclass 186, Subclass 494","190: 8 states, 491: 8 states"
Medical Radiation Therapist,251212,251212,https://www.anzscolookup.com.au/occupations/251212,ASMIRT,"MLTSSL, CSOL","Subclass 189, Subclass 190, Subclass 491, Subclass 485","Subclass 482, Subclass 186, Subclass 494","190: 8 states, 491: 8 states"
Medical Technicians (NEC),311299,311299,https://www.anzscolookup.com.au/occupations/311299,VETASSESS,"STSOL, CSOL, ROL","Subclass 190, Subclass 491","Subclass 482, Subclass 186, Subclass 494","190: 7 states, 491: 7 states"
Metal Casting Trades Worker,322114,322114,https://www.anzscolookup.com.au/occupations/322114,TRA,"CSOL, ROL",Not available,"Subclass 482, Subclass 186, Subclass 494","190: 0 states, 491: 0 states"
Metal Fabricator,322311,322311,https://www.anzscolookup.com.au/occupations/322311,TRA,"MLTSSL, CSOL","Subclass 189, Subclass 190, Subclass 491, Subclass 485","Subclass 482, Subclass 186, Subclass 494","190: 7 states, 491: 7 states"
Metal Fitters And Machinists (NEC),323299,323299,https://www.anzscolookup.com.au/occupations/323299,TRA,"STSOL, CSOL, ROL","Subclass 190, Subclass 491","Subclass 482, Subclass 186, Subclass 494","190: 8 states, 491: 8 states"
Metal Machinist (First Class),323214,323214,https://www.anzscolookup.com.au/occupations/323214,TRA,"MLTSSL, CSOL","Subclass 189, Subclass 190, Subclass 491, Subclass 485","Subclass 482, Subclass 186, Subclass 494","190: 8 states, 491: 8 states"
metal polisher,322115,322115,https://www.anzscolookup.com.au/occupations/322115,TRA,ROL,Not available,Subclass 494,"190: 0 states, 491: 0 states"
Metallurgical Or Materials Technician,312912,312912,https://www.anzscolookup.com.au/occupations/312912,VETASSESS,"STSOL, CSOL, ROL","Subclass 190, Subclass 491","Subclass 482, Subclass 186, Subclass 494","190: 8 states, 491: 8 states"
Metallurgist,234912,234912,https://www.anzscolookup.com.au/occupations/234912,VETASSESS,"MLTSSL, CSOL","Subclass 189, Subclass 190, Subclass 491, Subclass 485","Subclass 482, Subclass 186, Subclass 494","190: 5 states, 491: 5 states"
Meteorologist,234913,234913,https://www.anzscolookup.com.au/occupations/234913,VETASSESS,"MLTSSL, CSOL","Subclass 189, Subclass 190, Subclass 491, Subclass 485","Subclass 482, Subclass 186, Subclass 494","190: 5 states, 491: 5 states"
Microbiologist,234517,234517,https://www.anzscolookup.com.au/occupations/234517,VETASSESS,MLTSSL,"Subclass 189, Subclass 190, Subclass 491, Subclass 485",Subclass 494,"190: 5 states, 491: 5 states"
Middle School Teacher / Intermediate School Teacher,241311,241311,https://www.anzscolookup.com.au/occupations/241311,AITSL,"STSOL, CSOL, ROL","Subclass 190, Subclass 491","Subclass 482, Subclass 186, Subclass 494","190: 7 states, 491: 7 states"
Midwife,254111,254111,https://www.anzscolookup.com.au/occupations/254111,ANMAC,"MLTSSL, CSOL","Subclass 189, Subclass 190, Subclass 491, Subclass 485","Subclass 482, Subclass 186, Subclass 494","190: 8 states, 491: 7 states"
migration agent (Aus) / immigration consultant (NZ),224913,224913,https://www.anzscolookup.com.au/occupations/224913,VETASSESS,ROL,Not available,Subclass 494,"190: 0 states, 491: 0 states"
Mine Deputy,312913,312913,https://www.anzscolookup.com.au/occupations/312913,VETASSESS,"STSOL, CSOL, ROL","Subclass 190, Subclass 491","Subclass 482, Subclass 186, Subclass 494","190: 5 states, 491: 7 states"
Mining Engineer (Excluding Petroleum),233611,233611,https://www.anzscolookup.com.au/occupations/233611,Engineers Australia,"MLTSSL, CSOL","Subclass 189, Subclass 190, Subclass 491, Subclass 485","Subclass 482, Subclass 186, Subclass 494","190: 7 states, 491: 7 states"
minister of religion,272211,272211,https://www.anzscolookup.com.au/occupations/272211,Manual verification required,STSOL,Not available,Not available,"190: 0 states, 491: 0 states"
Mixed Crop And Livestock Farmer,121411,121411,https://www.anzscolookup.com.au/occupations/121411,VETASSESS,ROL,Subclass 491,Subclass 494,"190: 0 states, 491: 5 states"
Mixed Crop Farmer,121216,121216,https://www.anzscolookup.com.au/occupations/121216,VETASSESS,ROL,Subclass 491,Subclass 494,"190: 0 states, 491: 5 states"
Mixed Livestock Farmer,121317,121317,https://www.anzscolookup.com.au/occupations/121317,VETASSESS,ROL,Subclass 491,Subclass 494,"190: 0 states, 491: 4 states"
mothercraft nurse,411412,411412,https://www.anzscolookup.com.au/occupations/411412,VETASSESS,ROL,Not available,Subclass 494,"190: 0 states, 491: 0 states"
Motor Mechanic (General),321211,321211,https://www.anzscolookup.com.au/occupations/321211,TRA,"MLTSSL, CSOL","Subclass 189, Subclass 190, Subclass 491, Subclass 485","Subclass 482, Subclass 186, Subclass 494","190: 6 states, 491: 8 states"
Motorcycle Mechanic,321213,321213,https://www.anzscolookup.com.au/occupations/321213,TRA,"MLTSSL, CSOL","Subclass 189, Subclass 190, Subclass 491, Subclass 485","Subclass 482, Subclass 186, Subclass 494","190: 6 states, 491: 7 states"
Multimedia Designer,232413,232413,https://www.anzscolookup.com.au/occupations/232413,VETASSESS,"ROL, CSOL",Subclass 491,"Subclass 482, Subclass 186, Subclass 494","190: 0 states, 491: 4 states"
Multimedia Specialist,261211,261211,https://www.anzscolookup.com.au/occupations/261211,ACS,"MLTSSL, CSOL","Subclass 189, Subclass 190, Subclass 491, Subclass 485","Subclass 482, Subclass 186, Subclass 494","190: 4 states, 491: 4 states"
Music Director,211212,211212,https://www.anzscolookup.com.au/occupations/211212,VETASSESS,"MLTSSL, CSOL","Subclass 189, Subclass 190, Subclass 491, Subclass 485","Subclass 482, Subclass 186, Subclass 494","190: 3 states, 491: 3 states"
Music Professionals (NEC),211299,211299,https://www.anzscolookup.com.au/occupations/211299,VETASSESS,"STSOL, ROL","Subclass 190, Subclass 491",Subclass 494,"190: 3 states, 491: 3 states"
Music Teacher (Private Tuition),249214,249214,https://www.anzscolookup.com.au/occupations/249214,VETASSESS,"STSOL, CSOL, ROL","Subclass 190, Subclass 491","Subclass 482, Subclass 186, Subclass 494","190: 3 states, 491: 3 states"
musical instrument maker or repairer,399515,399515,https://www.anzscolookup.com.au/occupations/399515,TRA,ROL,Not available,Subclass 494,"190: 0 states, 491: 0 states"
Musician (Instrumental),211213,211213,https://www.anzscolookup.com.au/occupations/211213,VETASSESS,MLTSSL,"Subclass 189, Subclass 190, Subclass 491, Subclass 485",Subclass 494,"190: 3 states, 491: 3 states"
Natural And Physical Science Professionals (NEC),234999,234999,https://www.anzscolookup.com.au/occupations/234999,VETASSESS,"MLTSSL, CSOL","Subclass 189, Subclass 190, Subclass 491, Subclass 485","Subclass 482, Subclass 186, Subclass 494","190: 6 states, 491: 6 states"
Naturopath,252213,252213,https://www.anzscolookup.com.au/occupations/252213,VETASSESS,"STSOL, ROL","Subclass 190, Subclass 491",Subclass 494,"190: 5 states, 491: 5 states"
Naval Architect / Marine Designer,233916,233916,https://www.anzscolookup.com.au/occupations/233916,Engineers Australia,"MLTSSL, CSOL","Subclass 189, Subclass 190, Subclass 491, Subclass 485","Subclass 482, Subclass 186, Subclass 494","190: 7 states, 491: 7 states"
Network Administrator,263112,263112,https://www.anzscolookup.com.au/occupations/263112,ACS,"STSOL, CSOL, ROL","Subclass 190, Subclass 491","Subclass 482, Subclass 186, Subclass 494","190: 7 states, 491: 7 states"
Network Analyst,263113,263113,https://www.anzscolookup.com.au/occupations/263113,ACS,"STSOL, CSOL, ROL","Subclass 190, Subclass 491","Subclass 482, Subclass 186, Subclass 494","190: 7 states, 491: 7 states"
Neurologist,253318,253318,https://www.anzscolookup.com.au/occupations/253318,MedBA,"MLTSSL, CSOL","Subclass 189, Subclass 190, Subclass 491, Subclass 485","Subclass 482, Subclass 186, Subclass 494","190: 8 states, 491: 8 states"
Neurosurgeon,253513,253513,https://www.anzscolookup.com.au/occupations/253513,MedBA,"MLTSSL, CSOL","Subclass 189, Subclass 190, Subclass 491, Subclass 485","Subclass 482, Subclass 186, Subclass 494","190: 8 states, 491: 7 states"
Newspaper Or Periodical Editor,212412,212412,https://www.anzscolookup.com.au/occupations/212412,VETASSESS,"STSOL, ROL","Subclass 190, Subclass 491",Subclass 494,"190: 3 states, 491: 4 states"
Nuclear Medicine Technologist,251213,251213,https://www.anzscolookup.com.au/occupations/251213,ANZSNM,"MLTSSL, CSOL","Subclass 189, Subclass 190, Subclass 491, Subclass 485","Subclass 482, Subclass 186, Subclass 494","190: 8 states, 491: 8 states"
Nurse Educator,254211,254211,https://www.anzscolookup.com.au/occupations/254211,ANMAC,"STSOL, CSOL, ROL","Subclass 190, Subclass 491","Subclass 482, Subclass 186, Subclass 494","190: 6 states, 491: 6 states"
Nurse Manager,254311,254311,https://www.anzscolookup.com.au/occupations/254311,ANMAC,"STSOL, ROL","Subclass 190, Subclass 491",Subclass 494,"190: 7 states, 491: 6 states"
Nurse Practitioner,254411,254411,https://www.anzscolookup.com.au/occupations/254411,ANMAC,"MLTSSL, CSOL","Subclass 189, Subclass 190, Subclass 491, Subclass 485","Subclass 482, Subclass 186, Subclass 494","190: 8 states, 491: 8 states"
Nurse Researcher,254212,254212,https://www.anzscolookup.com.au/occupations/254212,ANMAC,"STSOL, CSOL, ROL","Subclass 190, Subclass 491","Subclass 482, Subclass 186, Subclass 494","190: 6 states, 491: 6 states"
Nurseryperson,362411,362411,https://www.anzscolookup.com.au/occupations/362411,TRA,"ROL, CSOL",Subclass 491,"Subclass 482, Subclass 186, Subclass 494","190: 0 states, 491: 4 states"
Nursing Clinical Director,134212,134212,https://www.anzscolookup.com.au/occupations/134212,ANMAC,"MLTSSL, CSOL","Subclass 189, Subclass 190, Subclass 491, Subclass 485","Subclass 482, Subclass 186, Subclass 494","190: 8 states, 491: 8 states"
Nutritionist,251112,251112,https://www.anzscolookup.com.au/occupations/251112,VETASSESS,"STSOL, ROL","Subclass 190, Subclass 491",Subclass 494,"190: 6 states, 491: 6 states"
Obstetrician And Gynaecologist,253913,253913,https://www.anzscolookup.com.au/occupations/253913,MedBA,"MLTSSL, CSOL","Subclass 189, Subclass 190, Subclass 491, Subclass 485","Subclass 482, Subclass 186, Subclass 494","190: 8 states, 491: 8 states"
Occupational Health And Safety Adviser,251312,251312,https://www.anzscolookup.com.au/occupations/251312,VETASSESS,"STSOL, CSOL, ROL","Subclass 190, Subclass 491","Subclass 482, Subclass 186, Subclass 494","190: 7 states, 491: 7 states"
Occupational Therapist,252411,252411,https://www.anzscolookup.com.au/occupations/252411,OTC,"MLTSSL, CSOL","Subclass 189, Subclass 190, Subclass 491, Subclass 485","Subclass 482, Subclass 186, Subclass 494","190: 8 states, 491: 8 states"
Office Manager,512111,512111,https://www.anzscolookup.com.au/occupations/512111,VETASSESS,"CSOL, ROL",Not available,"Subclass 482, Subclass 186, Subclass 494","190: 0 states, 491: 0 states"
Operating Theatre Technician,311214,311214,https://www.anzscolookup.com.au/occupations/311214,VETASSESS,ROL,Subclass 491,Subclass 494,"190: 0 states, 491: 7 states"
Ophthalmologist,253914,253914,https://www.anzscolookup.com.au/occupations/253914,MedBA,"MLTSSL, CSOL","Subclass 189, Subclass 190, Subclass 491, Subclass 485","Subclass 482, Subclass 186, Subclass 494","190: 8 states, 491: 8 states"
Optical Dispenser \ Dispensing Optician,399913,399913,https://www.anzscolookup.com.au/occupations/399913,TRA,"CSOL, ROL",Not available,"Subclass 482, Subclass 186, Subclass 494","190: 0 states, 491: 0 states"
Optical Mechanic,399914,399914,https://www.anzscolookup.com.au/occupations/399914,TRA,"CSOL, ROL",Not available,"Subclass 482, Subclass 186, Subclass 494","190: 0 states, 491: 0 states"
Optometrist,251411,251411,https://www.anzscolookup.com.au/occupations/251411,OCANZ,"MLTSSL, CSOL","Subclass 189, Subclass 190, Subclass 491, Subclass 485","Subclass 482, Subclass 186, Subclass 494","190: 6 states, 491: 6 states"
Organisation And Methods Analyst,224712,224712,https://www.anzscolookup.com.au/occupations/224712,VETASSESS,"STSOL, CSOL, ROL","Subclass 190, Subclass 491","Subclass 482, Subclass 186, Subclass 494","190: 5 states, 491: 5 states"
Organisational Psychologist,272313,272313,https://www.anzscolookup.com.au/occupations/272313,APS,"MLTSSL, CSOL","Subclass 189, Subclass 190, Subclass 491, Subclass 485","Subclass 482, Subclass 186, Subclass 494","190: 8 states, 491: 8 states"
Orthopaedic Surgeon,253514,253514,https://www.anzscolookup.com.au/occupations/253514,MedBA,"MLTSSL, CSOL","Subclass 189, Subclass 190, Subclass 491, Subclass 485","Subclass 482, Subclass 186, Subclass 494","190: 8 states, 491: 7 states"
Orthoptist,251412,251412,https://www.anzscolookup.com.au/occupations/251412,VETASSESS,"STSOL, CSOL, ROL","Subclass 190, Subclass 491","Subclass 482, Subclass 186, Subclass 494","190: 6 states, 491: 6 states"
Orthotist Or Prosthetist,251912,251912,https://www.anzscolookup.com.au/occupations/251912,AOPA,"MLTSSL, CSOL","Subclass 189, Subclass 190, Subclass 491, Subclass 485","Subclass 482, Subclass 186, Subclass 494","190: 6 states, 491: 7 states"
Osteopath,252112,252112,https://www.anzscolookup.com.au/occupations/252112,AOAC,MLTSSL,"Subclass 189, Subclass 190, Subclass 491, Subclass 485",Subclass 494,"190: 7 states, 491: 6 states"
Other Draftsperson,312914,312914,https://www.anzscolookup.com.au/occupations/312914,VETASSESS,CSOL,Not available,"Subclass 482, Subclass 186","190: 0 states, 491: 0 states"
Other Spatial Scientist,232214,232214,https://www.anzscolookup.com.au/occupations/232214,VETASSESS,"MLTSSL, CSOL","Subclass 189, Subclass 190, Subclass 491, Subclass 485","Subclass 482, Subclass 186, Subclass 494","190: 6 states, 491: 6 states"
Other Sports Coach Or Instructor,452317,452317,https://www.anzscolookup.com.au/occupations/452317,VETASSESS,"STSOL, CSOL, ROL","Subclass 190, Subclass 491","Subclass 482, Subclass 186, Subclass 494","190: 4 states, 491: 4 states"
other sports official,452323,452323,https://www.anzscolookup.com.au/occupations/452323,VETASSESS,ROL,Not available,Subclass 494,"190: 0 states, 491: 0 states"
Otorhinolaryngologist,253515,253515,https://www.anzscolookup.com.au/occupations/253515,MedBA,"MLTSSL, CSOL","Subclass 189, Subclass 190, Subclass 491, Subclass 485","Subclass 482, Subclass 186, Subclass 494","190: 8 states, 491: 7 states"
Out of School Hours Care Worker,421114,421114,https://www.anzscolookup.com.au/occupations/421114,ACECQA,CSOL,Not available,"Subclass 482, Subclass 186","190: 0 states, 491: 0 states"
Paediatric Surgeon,253516,253516,https://www.anzscolookup.com.au/occupations/253516,MedBA,"MLTSSL, CSOL","Subclass 189, Subclass 190, Subclass 491, Subclass 485","Subclass 482, Subclass 186, Subclass 494","190: 8 states, 491: 7 states"
Paediatrician,253321,253321,https://www.anzscolookup.com.au/occupations/253321,MedBA,"MLTSSL, CSOL","Subclass 189, Subclass 190, Subclass 491, Subclass 485","Subclass 482, Subclass 186, Subclass 494","190: 8 states, 491: 8 states"
Painter,332211,332211,https://www.anzscolookup.com.au/occupations/332211,TRA,"MLTSSL, CSOL","Subclass 189, Subclass 190, Subclass 491, Subclass 485","Subclass 482, Subclass 186, Subclass 494","190: 7 states, 491: 8 states"
painter (visual arts),211411,211411,https://www.anzscolookup.com.au/occupations/211411,VETASSESS,ROL,Not available,Subclass 494,"190: 0 states, 491: 0 states"
Panelbeater,324111,324111,https://www.anzscolookup.com.au/occupations/324111,TRA,"MLTSSL, CSOL","Subclass 189, Subclass 190, Subclass 491, Subclass 485","Subclass 482, Subclass 186, Subclass 494","190: 6 states, 491: 6 states"
park ranger,234314,234314,https://www.anzscolookup.com.au/occupations/234314,VETASSESS,ROL,Not available,Subclass 494,"190: 0 states, 491: 0 states"
Pastrycook,351112,351112,https://www.anzscolookup.com.au/occupations/351112,TRA,"STSOL, CSOL, ROL","Subclass 190, Subclass 491","Subclass 482, Subclass 186, Subclass 494","190: 4 states, 491: 5 states"
Patents Examiner,224914,224914,https://www.anzscolookup.com.au/occupations/224914,VETASSESS,"STSOL, CSOL, ROL","Subclass 190, Subclass 491","Subclass 482, Subclass 186, Subclass 494","190: 3 states, 491: 3 states"
Pathologist,253915,253915,https://www.anzscolookup.com.au/occupations/253915,MedBA,"MLTSSL, CSOL","Subclass 189, Subclass 190, Subclass 491, Subclass 485","Subclass 482, Subclass 186, Subclass 494","190: 8 states, 491: 8 states"
Pathology Collector / Phlebotomist,311216,311216,https://www.anzscolookup.com.au/occupations/311216,AIMS,ROL,Subclass 491,Subclass 494,"190: 0 states, 491: 7 states"
Penetration Tester,261317,261317,https://www.anzscolookup.com.au/occupations/261317,ACS,CSOL,Not available,"Subclass 482, Subclass 186","190: 0 states, 491: 0 states"
Performing Arts Technicians (NEC),399599,399599,https://www.anzscolookup.com.au/occupations/399599,VETASSESS,"STSOL, CSOL, ROL","Subclass 190, Subclass 491","Subclass 482, Subclass 186, Subclass 494","190: 3 states, 491: 3 states"
personal assistant,521111,521111,https://www.anzscolookup.com.au/occupations/521111,VETASSESS,ROL,Not available,Subclass 494,"190: 0 states, 491: 0 states"
pet groomer,361113,361113,https://www.anzscolookup.com.au/occupations/361113,VETASSESS,ROL,Not available,Subclass 494,"190: 0 states, 491: 0 states"
Petroleum Engineer,233612,233612,https://www.anzscolookup.com.au/occupations/233612,Engineers Australia,"MLTSSL, CSOL","Subclass 189, Subclass 190, Subclass 491, Subclass 485","Subclass 482, Subclass 186, Subclass 494","190: 7 states, 491: 7 states"
Pharmacy Technician,311215,311215,https://www.anzscolookup.com.au/occupations/311215,VETASSESS,"STSOL, CSOL, ROL","Subclass 190, Subclass 491","Subclass 482, Subclass 186, Subclass 494","190: 7 states, 491: 7 states"
Photographer,211311,211311,https://www.anzscolookup.com.au/occupations/211311,VETASSESS,"STSOL, ROL","Subclass 190, Subclass 491",Subclass 494,"190: 3 states, 491: 3 states"
photographer’s assistant,399915,399915,https://www.anzscolookup.com.au/occupations/399915,VETASSESS,ROL,Not available,Subclass 494,"190: 0 states, 491: 0 states"
Physicist,234914,234914,https://www.anzscolookup.com.au/occupations/234914,VETASSESS / ACPSEM,"MLTSSL, CSOL","Subclass 189, Subclass 190, Subclass 491, Subclass 485","Subclass 482, Subclass 186, Subclass 494","190: 6 states, 491: 6 states"
Physiotherapist,252511,252511,https://www.anzscolookup.com.au/occupations/252511,APC,"MLTSSL, CSOL","Subclass 189, Subclass 190, Subclass 491, Subclass 485","Subclass 482, Subclass 186, Subclass 494","190: 8 states, 491: 8 states"
Picture Framer,394212,394212,https://www.anzscolookup.com.au/occupations/394212,TRA,"CSOL, ROL",Not available,"Subclass 482, Subclass 186, Subclass 494","190: 0 states, 491: 0 states"
Pig Farmer,121318,121318,https://www.anzscolookup.com.au/occupations/121318,VETASSESS,"ROL, CSOL",Subclass 491,"Subclass 482, Subclass 186, Subclass 494","190: 0 states, 491: 4 states"
Plasterer (Wall And Ceiling),333211,333211,https://www.anzscolookup.com.au/occupations/333211,TRA,"MLTSSL, CSOL","Subclass 189, Subclass 190, Subclass 491, Subclass 485","Subclass 482, Subclass 186, Subclass 494","190: 8 states, 491: 8 states"
Plastic And Reconstructive Surgeon,253517,253517,https://www.anzscolookup.com.au/occupations/253517,MedBA,"MLTSSL, CSOL","Subclass 189, Subclass 190, Subclass 491, Subclass 485","Subclass 482, Subclass 186, Subclass 494","190: 7 states, 491: 6 states"
Plastics Technician,399916,399916,https://www.anzscolookup.com.au/occupations/399916,TRA,"CSOL, ROL",Not available,"Subclass 482, Subclass 186, Subclass 494","190: 0 states, 491: 0 states"
plumber (general),334116,334116,https://www.anzscolookup.com.au/occupations/334116,TRA,"MLTSSL, CSOL","Subclass 189, Subclass 190, Subclass 491, Subclass 485","Subclass 482, Subclass 186, Subclass 494","190: 4 states, 491: 4 states"
Plumber (General),334111,334111,https://www.anzscolookup.com.au/occupations/334111,Manual verification required,,Not available,Not available,"190: 0 states, 491: 0 states"
plumbing inspector,312115,312115,https://www.anzscolookup.com.au/occupations/312115,VETASSESS,ROL,Not available,Subclass 494,"190: 0 states, 491: 0 states"
Podiatrist,252611,252611,https://www.anzscolookup.com.au/occupations/252611,PodBA,"MLTSSL, CSOL","Subclass 189, Subclass 190, Subclass 491, Subclass 485","Subclass 482, Subclass 186, Subclass 494","190: 7 states, 491: 7 states"
Policy Analyst,224412,224412,https://www.anzscolookup.com.au/occupations/224412,VETASSESS,ROL,Subclass 491,Subclass 494,"190: 0 states, 491: 4 states"
Policy And Planning Manager,132411,132411,https://www.anzscolookup.com.au/occupations/132411,VETASSESS,"ROL, CSOL",Subclass 491,"Subclass 482, Subclass 186, Subclass 494","190: 0 states, 491: 6 states"
Post Office Manager,142115,142115,https://www.anzscolookup.com.au/occupations/142115,VETASSESS,ROL,Subclass 491,Subclass 494,"190: 0 states, 491: 5 states"
potter or ceramic artist,211412,211412,https://www.anzscolookup.com.au/occupations/211412,VETASSESS,ROL,Not available,Subclass 494,"190: 0 states, 491: 0 states"
Poultry Farmer,121321,121321,https://www.anzscolookup.com.au/occupations/121321,VETASSESS,"STSOL, CSOL, ROL","Subclass 190, Subclass 491","Subclass 482, Subclass 186, Subclass 494","190: 4 states, 491: 4 states"
Power Generation Plant Operator,399213,399213,https://www.anzscolookup.com.au/occupations/399213,TRA,"STSOL, CSOL, ROL","Subclass 190, Subclass 491","Subclass 482, Subclass 186, Subclass 494","190: 4 states, 491: 5 states"
practice managers (nec),512299,512299,https://www.anzscolookup.com.au/occupations/512299,VETASSESS,ROL,Not available,Subclass 494,"190: 0 states, 491: 0 states"
Precision Instrument Maker And Repairer,323314,323314,https://www.anzscolookup.com.au/occupations/323314,TRA,"STSOL, CSOL, ROL","Subclass 190, Subclass 491","Subclass 482, Subclass 186, Subclass 494","190: 4 states, 491: 4 states"
Pressure Welder,322312,322312,https://www.anzscolookup.com.au/occupations/322312,TRA,"MLTSSL, CSOL","Subclass 189, Subclass 190, Subclass 491, Subclass 485","Subclass 482, Subclass 186, Subclass 494","190: 7 states, 491: 7 states"
Primary Health Organisation Manager,134213,134213,https://www.anzscolookup.com.au/occupations/134213,VETASSESS,"MLTSSL, CSOL","Subclass 189, Subclass 190, Subclass 491, Subclass 485","Subclass 482, Subclass 186, Subclass 494","190: 7 states, 491: 7 states"
Primary Products Assurance And Inspection Officers (NEC),311399,311399,https://www.anzscolookup.com.au/occupations/311399,VETASSESS,"STSOL, CSOL, ROL","Subclass 190, Subclass 491","Subclass 482, Subclass 186, Subclass 494","190: 5 states, 491: 5 states"
Primary Products Quality Assurance Officer,311314,311314,https://www.anzscolookup.com.au/occupations/311314,VETASSESS,CSOL,Not available,"Subclass 482, Subclass 186","190: 0 states, 491: 0 states"
Primary School Teacher,241213,241213,https://www.anzscolookup.com.au/occupations/241213,AITSL,"STSOL, CSOL, ROL","Subclass 190, Subclass 491","Subclass 482, Subclass 186, Subclass 494","190: 8 states, 491: 8 states"
Print Finisher,392111,392111,https://www.anzscolookup.com.au/occupations/392111,TRA,"STSOL, CSOL, ROL","Subclass 190, Subclass 491","Subclass 482, Subclass 186, Subclass 494","190: 3 states, 491: 4 states"
Print Journalist,212413,212413,https://www.anzscolookup.com.au/occupations/212413,VETASSESS,"STSOL, CSOL, ROL","Subclass 190, Subclass 491","Subclass 482, Subclass 186, Subclass 494","190: 3 states, 491: 4 states"
Printing Machinist,392311,392311,https://www.anzscolookup.com.au/occupations/392311,TRA,"STSOL, CSOL, ROL","Subclass 190, Subclass 491","Subclass 482, Subclass 186, Subclass 494","190: 3 states, 491: 3 states"
Private Tutors And Teachers (NEC),249299,249299,https://www.anzscolookup.com.au/occupations/249299,VETASSESS,"STSOL, CSOL, ROL","Subclass 190, Subclass 491","Subclass 482, Subclass 186, Subclass 494","190: 3 states, 491: 3 states"
Procurement Manager,133612,133612,https://www.anzscolookup.com.au/occupations/133612,IML,"ROL, CSOL",Subclass 491,"Subclass 482, Subclass 186, Subclass 494","190: 0 states, 491: 6 states"
Production Manager (Forestry),133511,133511,https://www.anzscolookup.com.au/occupations/133511,VETASSESS,"STSOL, CSOL, ROL","Subclass 190, Subclass 491","Subclass 482, Subclass 186, Subclass 494","190: 6 states, 491: 7 states"
Production Manager (Manufacturing),133512,133512,https://www.anzscolookup.com.au/occupations/133512,VETASSESS,"STSOL, CSOL, ROL","Subclass 190, Subclass 491","Subclass 482, Subclass 186, Subclass 494","190: 7 states, 491: 7 states"
Production Manager (Mining),133513,133513,https://www.anzscolookup.com.au/occupations/133513,VETASSESS,"STSOL, ROL","Subclass 190, Subclass 491",Subclass 494,"190: 6 states, 491: 7 states"
Production Or Plant Engineer,233513,233513,https://www.anzscolookup.com.au/occupations/233513,Engineers Australia,"MLTSSL, CSOL","Subclass 189, Subclass 190, Subclass 491, Subclass 485","Subclass 482, Subclass 186, Subclass 494","190: 8 states, 491: 8 states"
Program Director (Television Or Radio),212315,212315,https://www.anzscolookup.com.au/occupations/212315,VETASSESS,"STSOL, CSOL, ROL","Subclass 190, Subclass 491","Subclass 482, Subclass 186, Subclass 494","190: 4 states, 491: 4 states"
Program Or Project Administrator,511112,511112,https://www.anzscolookup.com.au/occupations/511112,VETASSESS,"STSOL, CSOL, ROL","Subclass 190, Subclass 491","Subclass 482, Subclass 186, Subclass 494","190: 5 states, 491: 5 states"
Project Builder,133112,133112,https://www.anzscolookup.com.au/occupations/133112,VETASSESS,"ROL, CSOL",Subclass 491,"Subclass 482, Subclass 186, Subclass 494","190: 0 states, 491: 8 states"
Property Manager,612112,612112,https://www.anzscolookup.com.au/occupations/612112,VETASSESS,ROL,Subclass 491,Subclass 494,"190: 0 states, 491: 4 states"
Psychiatrist,253411,253411,https://www.anzscolookup.com.au/occupations/253411,MedBA,"MLTSSL, CSOL","Subclass 189, Subclass 190, Subclass 491, Subclass 485","Subclass 482, Subclass 186, Subclass 494","190: 8 states, 491: 7 states"
Psychologists (NEC),272399,272399,https://www.anzscolookup.com.au/occupations/272399,APS,"MLTSSL, CSOL","Subclass 189, Subclass 190, Subclass 491, Subclass 485","Subclass 482, Subclass 186, Subclass 494","190: 8 states, 491: 8 states"
Psychotherapist,272314,272314,https://www.anzscolookup.com.au/occupations/272314,VETASSESS,"STSOL, CSOL, ROL","Subclass 190, Subclass 491","Subclass 482, Subclass 186, Subclass 494","190: 8 states, 491: 8 states"
Public Relations Manager,131114,131114,https://www.anzscolookup.com.au/occupations/131114,IML,ROL,Subclass 491,Subclass 494,"190: 0 states, 491: 4 states"
Public Relations Professional,225311,225311,https://www.anzscolookup.com.au/occupations/225311,including education sales representatives,"STSOL, CSOL, ROL","Subclass 190, Subclass 491","Subclass 482, Subclass 186, Subclass 494","190: 4 states, 491: 4 states"
quality assurance manager,139916,139916,https://www.anzscolookup.com.au/occupations/139916,VETASSESS,"STSOL, CSOL","Subclass 190, Subclass 491","Subclass 482, Subclass 186, Subclass 494","190: 3 states, 491: 3 states"
Quality Assurance Manager,139914,139914,https://www.anzscolookup.com.au/occupations/139914,Manual verification required,,Not available,Not available,"190: 0 states, 491: 0 states"
Quantity Surveyor,233213,233213,https://www.anzscolookup.com.au/occupations/233213,AIQS,"MLTSSL, CSOL","Subclass 189, Subclass 190, Subclass 491, Subclass 485","Subclass 482, Subclass 186, Subclass 494","190: 8 states, 491: 8 states"
quarantine officer,311313,311313,https://www.anzscolookup.com.au/occupations/311313,VETASSESS,ROL,Not available,Subclass 494,"190: 0 states, 491: 0 states"
Radiation Oncologist,253918,253918,https://www.anzscolookup.com.au/occupations/253918,MedBA,"MLTSSL, CSOL","Subclass 189, Subclass 190, Subclass 491, Subclass 485","Subclass 482, Subclass 186, Subclass 494","190: 8 states, 491: 8 states"
Radio Communications Technician,313211,313211,https://www.anzscolookup.com.au/occupations/313211,TRA,MLTSSL,"Subclass 189, Subclass 190, Subclass 491, Subclass 485",Subclass 494,"190: 5 states, 491: 5 states"
Radio Journalist,212414,212414,https://www.anzscolookup.com.au/occupations/212414,VETASSESS,"CSOL, ROL",Not available,"Subclass 482, Subclass 186, Subclass 494","190: 0 states, 491: 0 states"
radio presenter,212113,212113,https://www.anzscolookup.com.au/occupations/212113,VETASSESS,ROL,Not available,Subclass 494,"190: 0 states, 491: 0 states"
railway station manager,149412,149412,https://www.anzscolookup.com.au/occupations/149412,VETASSESS,ROL,Not available,Subclass 494,"190: 0 states, 491: 0 states"
real estate agency principal (Aus) / real estate agency licensee (NZ),612113,612113,https://www.anzscolookup.com.au/occupations/612113,VETASSESS,ROL,Not available,Subclass 494,"190: 0 states, 491: 0 states"
real estate agent,612114,612114,https://www.anzscolookup.com.au/occupations/612114,VETASSESS,ROL,Not available,Subclass 494,"190: 0 states, 491: 0 states"
Real Estate Representative,612115,612115,https://www.anzscolookup.com.au/occupations/612115,VETASSESS,ROL,Subclass 491,Subclass 494,"190: 0 states, 491: 3 states"
Records Manager,224214,224214,https://www.anzscolookup.com.au/occupations/224214,VETASSESS,"STSOL, ROL","Subclass 190, Subclass 491",Subclass 494,"190: 4 states, 491: 4 states"
Recreation Officer / Recreation Coordinator,272612,272612,https://www.anzscolookup.com.au/occupations/272612,VETASSESS,"STSOL, CSOL, ROL","Subclass 190, Subclass 491","Subclass 482, Subclass 186, Subclass 494","190: 5 states, 491: 6 states"
Recruitment Consultant,223112,223112,https://www.anzscolookup.com.au/occupations/223112,VETASSESS,"STSOL, CSOL, ROL","Subclass 190, Subclass 491","Subclass 482, Subclass 186, Subclass 494","190: 5 states, 491: 5 states"
Regional Education Manager,134412,134412,https://www.anzscolookup.com.au/occupations/134412,VETASSESS,ROL,Subclass 491,Subclass 494,"190: 0 states, 491: 4 states"
Registered Nurse (Aged Care),254412,254412,https://www.anzscolookup.com.au/occupations/254412,ANMAC,"MLTSSL, CSOL","Subclass 189, Subclass 190, Subclass 491, Subclass 485","Subclass 482, Subclass 186, Subclass 494","190: 8 states, 491: 8 states"
Registered Nurse (Child And Family Health),254413,254413,https://www.anzscolookup.com.au/occupations/254413,ANMAC,"MLTSSL, CSOL","Subclass 189, Subclass 190, Subclass 491, Subclass 485","Subclass 482, Subclass 186, Subclass 494","190: 8 states, 491: 8 states"
Registered Nurse (Community Health),254414,254414,https://www.anzscolookup.com.au/occupations/254414,ANMAC,"MLTSSL, CSOL","Subclass 189, Subclass 190, Subclass 491, Subclass 485","Subclass 482, Subclass 186, Subclass 494","190: 8 states, 491: 8 states"
Registered Nurse (Critical Care And Emergency),254415,254415,https://www.anzscolookup.com.au/occupations/254415,ANMAC,"MLTSSL, CSOL","Subclass 189, Subclass 190, Subclass 491, Subclass 485","Subclass 482, Subclass 186, Subclass 494","190: 8 states, 491: 8 states"
Registered Nurse (Developmental Disability),254416,254416,https://www.anzscolookup.com.au/occupations/254416,ANMAC,"MLTSSL, CSOL","Subclass 189, Subclass 190, Subclass 491, Subclass 485","Subclass 482, Subclass 186, Subclass 494","190: 8 states, 491: 8 states"
Registered Nurse (Disability And Rehabilitation),254417,254417,https://www.anzscolookup.com.au/occupations/254417,ANMAC,"MLTSSL, CSOL","Subclass 189, Subclass 190, Subclass 491, Subclass 485","Subclass 482, Subclass 186, Subclass 494","190: 8 states, 491: 8 states"
Registered Nurse (Medical Practice),254421,254421,https://www.anzscolookup.com.au/occupations/254421,ANMAC,"MLTSSL, CSOL","Subclass 189, Subclass 190, Subclass 491, Subclass 485","Subclass 482, Subclass 186, Subclass 494","190: 8 states, 491: 8 states"
Registered Nurse (Medical),254418,254418,https://www.anzscolookup.com.au/occupations/254418,ANMAC,"MLTSSL, CSOL","Subclass 189, Subclass 190, Subclass 491, Subclass 485","Subclass 482, Subclass 186, Subclass 494","190: 8 states, 491: 8 states"
Registered Nurse (Mental Health),254422,254422,https://www.anzscolookup.com.au/occupations/254422,ANMAC,"MLTSSL, CSOL","Subclass 189, Subclass 190, Subclass 491, Subclass 485","Subclass 482, Subclass 186, Subclass 494","190: 8 states, 491: 8 states"
Registered Nurse (Paediatrics),254425,254425,https://www.anzscolookup.com.au/occupations/254425,ANMAC,"MLTSSL, CSOL","Subclass 189, Subclass 190, Subclass 491, Subclass 485","Subclass 482, Subclass 186, Subclass 494","190: 8 states, 491: 8 states"
Registered Nurse (Perioperative),254423,254423,https://www.anzscolookup.com.au/occupations/254423,ANMAC,"MLTSSL, CSOL","Subclass 189, Subclass 190, Subclass 491, Subclass 485","Subclass 482, Subclass 186, Subclass 494","190: 8 states, 491: 8 states"
Registered Nurse (Surgical),254424,254424,https://www.anzscolookup.com.au/occupations/254424,ANMAC,"MLTSSL, CSOL","Subclass 189, Subclass 190, Subclass 491, Subclass 485","Subclass 482, Subclass 186, Subclass 494","190: 8 states, 491: 8 states"
Registered Nurses (NEC),254499,254499,https://www.anzscolookup.com.au/occupations/254499,ANMAC,"MLTSSL, CSOL","Subclass 189, Subclass 190, Subclass 491, Subclass 485","Subclass 482, Subclass 186, Subclass 494","190: 8 states, 491: 8 states"
Regulatory Affairs Manager,139917,139917,https://www.anzscolookup.com.au/occupations/139917,VETASSESS,CSOL,Not available,"Subclass 482, Subclass 186","190: 0 states, 491: 0 states"
Rehabilitation Counsellor,272114,272114,https://www.anzscolookup.com.au/occupations/272114,VETASSESS,"STSOL, CSOL, ROL","Subclass 190, Subclass 491","Subclass 482, Subclass 186, Subclass 494","190: 5 states, 491: 6 states"
Renal Medicine Specialist,253322,253322,https://www.anzscolookup.com.au/occupations/253322,MedBA,"MLTSSL, CSOL","Subclass 189, Subclass 190, Subclass 491, Subclass 485","Subclass 482, Subclass 186, Subclass 494","190: 8 states, 491: 8 states"
Renderer (Solid Plaster),333212,333212,https://www.anzscolookup.com.au/occupations/333212,TRA,"MLTSSL, CSOL","Subclass 189, Subclass 190, Subclass 491, Subclass 485","Subclass 482, Subclass 186, Subclass 494","190: 8 states, 491: 8 states"
Research And Development Manager,132511,132511,https://www.anzscolookup.com.au/occupations/132511,VETASSESS,"STSOL, CSOL, ROL","Subclass 190, Subclass 491","Subclass 482, Subclass 186, Subclass 494","190: 6 states, 491: 6 states"
Resident Medical Officer,253112,253112,https://www.anzscolookup.com.au/occupations/253112,MedBA,"STSOL, CSOL, ROL","Subclass 190, Subclass 491","Subclass 482, Subclass 186, Subclass 494","190: 8 states, 491: 8 states"
Residential Care Officer,411715,411715,https://www.anzscolookup.com.au/occupations/411715,ACWA,"STSOL, CSOL, ROL","Subclass 190, Subclass 491","Subclass 482, Subclass 186, Subclass 494","190: 6 states, 491: 7 states"
Respiratory Scientist,234612,234612,https://www.anzscolookup.com.au/occupations/234612,VETASSESS,CSOL,Not available,"Subclass 482, Subclass 186","190: 0 states, 491: 0 states"
Respiratory Technician,311217,311217,https://www.anzscolookup.com.au/occupations/311217,VETASSESS,CSOL,Not available,"Subclass 482, Subclass 186","190: 0 states, 491: 0 states"
Retail Buyer,639211,639211,https://www.anzscolookup.com.au/occupations/639211,VETASSESS,"STSOL, CSOL, ROL","Subclass 190, Subclass 491","Subclass 482, Subclass 186, Subclass 494","190: 3 states, 491: 3 states"
Retail Manager (General),142111,142111,https://www.anzscolookup.com.au/occupations/142111,VETASSESS,"CSOL, ROL",Not available,"Subclass 482, Subclass 186, Subclass 494","190: 0 states, 491: 0 states"
Retail Pharmacist,251513,251513,https://www.anzscolookup.com.au/occupations/251513,APharmC,"STSOL, CSOL, ROL","Subclass 190, Subclass 491","Subclass 482, Subclass 186, Subclass 494","190: 7 states, 491: 8 states"
retirement village manager,141912,141912,https://www.anzscolookup.com.au/occupations/141912,VETASSESS,ROL,Not available,Subclass 494,"190: 0 states, 491: 0 states"
Rheumatologist,253323,253323,https://www.anzscolookup.com.au/occupations/253323,MedBA,"MLTSSL, CSOL","Subclass 189, Subclass 190, Subclass 491, Subclass 485","Subclass 482, Subclass 186, Subclass 494","190: 8 states, 491: 8 states"
Roof Plumber,334115,334115,https://www.anzscolookup.com.au/occupations/334115,TRA,"MLTSSL, CSOL","Subclass 189, Subclass 190, Subclass 491, Subclass 485","Subclass 482, Subclass 186, Subclass 494","190: 8 states, 491: 8 states"
Roof Tiler,333311,333311,https://www.anzscolookup.com.au/occupations/333311,TRA,"STSOL, CSOL, ROL","Subclass 190, Subclass 491","Subclass 482, Subclass 186, Subclass 494","190: 8 states, 491: 8 states"
Safety Inspector,312611,312611,https://www.anzscolookup.com.au/occupations/312611,VETASSESS,ROL,Subclass 491,Subclass 494,"190: 0 states, 491: 6 states"
sail maker,393113,393113,https://www.anzscolookup.com.au/occupations/393113,TRA,ROL,Not available,Subclass 494,"190: 0 states, 491: 0 states"
Sales And Marketing Manager,131112,131112,https://www.anzscolookup.com.au/occupations/131112,IML,"STSOL, CSOL, ROL","Subclass 190, Subclass 491","Subclass 482, Subclass 186, Subclass 494","190: 4 states, 491: 6 states"
Sales Representative (Industrial Products),225411,225411,https://www.anzscolookup.com.au/occupations/225411,VETASSESS,"CSOL, ROL",Not available,"Subclass 482, Subclass 186, Subclass 494","190: 0 states, 491: 0 states"
Sales Representative (Medical and Pharmaceutical Products),225412,225412,https://www.anzscolookup.com.au/occupations/225412,VETASSESS,"CSOL, ROL",Not available,"Subclass 482, Subclass 186, Subclass 494","190: 0 states, 491: 0 states"
saw doctor,323315,323315,https://www.anzscolookup.com.au/occupations/323315,TRA,ROL,Not available,Subclass 494,"190: 0 states, 491: 0 states"
school laboratory technician,311414,311414,https://www.anzscolookup.com.au/occupations/311414,VETASSESS,ROL,Not available,Subclass 494,"190: 0 states, 491: 0 states"
School Principal,134311,134311,https://www.anzscolookup.com.au/occupations/134311,VETASSESS,"STSOL, CSOL, ROL","Subclass 190, Subclass 491","Subclass 482, Subclass 186, Subclass 494","190: 6 states, 491: 5 states"
Science Technicians (NEC),311499,311499,https://www.anzscolookup.com.au/occupations/311499,VETASSESS,"STSOL, CSOL, ROL","Subclass 190, Subclass 491","Subclass 482, Subclass 186, Subclass 494","190: 5 states, 491: 5 states"
Screen Printer,392112,392112,https://www.anzscolookup.com.au/occupations/392112,TRA,"CSOL, ROL",Not available,"Subclass 482, Subclass 186, Subclass 494","190: 0 states, 491: 0 states"
sculptor,211413,211413,https://www.anzscolookup.com.au/occupations/211413,VETASSESS,ROL,Not available,Subclass 494,"190: 0 states, 491: 0 states"
Secondary School Teacher,241411,241411,https://www.anzscolookup.com.au/occupations/241411,AITSL,"MLTSSL, CSOL","Subclass 189, Subclass 190, Subclass 491, Subclass 485","Subclass 482, Subclass 186, Subclass 494","190: 8 states, 491: 8 states"
secretary (general),521211,521211,https://www.anzscolookup.com.au/occupations/521211,VETASSESS,ROL,Not available,Subclass 494,"190: 0 states, 491: 0 states"
security consultant,442216,442216,https://www.anzscolookup.com.au/occupations/442216,VETASSESS,ROL,Not available,Subclass 494,"190: 0 states, 491: 0 states"
shearer,361211,361211,https://www.anzscolookup.com.au/occupations/361211,VETASSESS,ROL,Not available,Subclass 494,"190: 0 states, 491: 0 states"
Sheep Farmer,121322,121322,https://www.anzscolookup.com.au/occupations/121322,VETASSESS,ROL,Subclass 491,Subclass 494,"190: 0 states, 491: 4 states"
Sheetmetal Worker,322211,322211,https://www.anzscolookup.com.au/occupations/322211,TRA,"MLTSSL, CSOL","Subclass 189, Subclass 190, Subclass 491, Subclass 485","Subclass 482, Subclass 186, Subclass 494","190: 7 states, 491: 7 states"
Ship's Engineer,231212,231212,https://www.anzscolookup.com.au/occupations/231212,AMSA,"CSOL, ROL",Not available,"Subclass 482, Subclass 186, Subclass 494","190: 0 states, 491: 0 states"
Ship’s Master,231213,231213,https://www.anzscolookup.com.au/occupations/231213,AMSA,ROL,Subclass 491,Subclass 494,"190: 0 states, 491: 5 states"
ship’s officer,231214,231214,https://www.anzscolookup.com.au/occupations/231214,AMSA,ROL,Not available,Subclass 494,"190: 0 states, 491: 0 states"
Shipwright,399112,399112,https://www.anzscolookup.com.au/occupations/399112,TRA,"MLTSSL, CSOL","Subclass 189, Subclass 190, Subclass 491, Subclass 485","Subclass 482, Subclass 186, Subclass 494","190: 3 states, 491: 3 states"
Shoemaker,393114,393114,https://www.anzscolookup.com.au/occupations/393114,TRA,"CSOL, ROL",Not available,"Subclass 482, Subclass 186, Subclass 494","190: 0 states, 491: 0 states"
Signwriter,399611,399611,https://www.anzscolookup.com.au/occupations/399611,TRA,"STSOL, CSOL, ROL","Subclass 190, Subclass 491","Subclass 482, Subclass 186, Subclass 494","190: 3 states, 491: 3 states"
singer,211214,211214,https://www.anzscolookup.com.au/occupations/211214,VETASSESS,ROL,Not available,Subclass 494,"190: 0 states, 491: 0 states"
Small Engine Mechanic,321214,321214,https://www.anzscolookup.com.au/occupations/321214,TRA,"MLTSSL, CSOL","Subclass 189, Subclass 190, Subclass 491, Subclass 485","Subclass 482, Subclass 186, Subclass 494","190: 6 states, 491: 7 states"
small offset printer,392312,392312,https://www.anzscolookup.com.au/occupations/392312,TRA,ROL,Not available,Subclass 494,"190: 0 states, 491: 0 states"
Snowsport Instructor,452314,452314,https://www.anzscolookup.com.au/occupations/452314,VETASSESS,"STSOL, ROL","Subclass 190, Subclass 491",Subclass 494,"190: 3 states, 491: 3 states"
Social Professionals (NEC),272499,272499,https://www.anzscolookup.com.au/occupations/272499,VETASSESS,"STSOL, ROL","Subclass 190, Subclass 491",Subclass 494,"190: 4 states, 491: 5 states"
Social Worker,272511,272511,https://www.anzscolookup.com.au/occupations/272511,AASW,"MLTSSL, CSOL","Subclass 189, Subclass 190, Subclass 491, Subclass 485","Subclass 482, Subclass 186, Subclass 494","190: 7 states, 491: 8 states"
Software And Applications Programmers (NEC),261399,261399,https://www.anzscolookup.com.au/occupations/261399,ACS,"MLTSSL, CSOL","Subclass 189, Subclass 190, Subclass 491, Subclass 485","Subclass 482, Subclass 186, Subclass 494","190: 8 states, 491: 8 states"
Software Engineer,261313,261313,https://www.anzscolookup.com.au/occupations/261313,ACS,"MLTSSL, CSOL","Subclass 189, Subclass 190, Subclass 491, Subclass 485","Subclass 482, Subclass 186, Subclass 494","190: 8 states, 491: 8 states"
Software Tester,261314,261314,https://www.anzscolookup.com.au/occupations/261314,ACS,"STSOL, CSOL, ROL","Subclass 190, Subclass 491","Subclass 482, Subclass 186, Subclass 494","190: 7 states, 491: 7 states"
Solicitor,271311,271311,https://www.anzscolookup.com.au/occupations/271311,a legal admissions authority of a State or Territory,"MLTSSL, CSOL","Subclass 189, Subclass 190, Subclass 491, Subclass 485","Subclass 482, Subclass 186, Subclass 494","190: 6 states, 491: 6 states"
Sonographer,251214,251214,https://www.anzscolookup.com.au/occupations/251214,ASMIRT,"MLTSSL, CSOL","Subclass 189, Subclass 190, Subclass 491, Subclass 485","Subclass 482, Subclass 186, Subclass 494","190: 8 states, 491: 8 states"
Sound Technician,399516,399516,https://www.anzscolookup.com.au/occupations/399516,TRA,"STSOL, CSOL, ROL","Subclass 190, Subclass 491","Subclass 482, Subclass 186, Subclass 494","190: 3 states, 491: 3 states"
Special Education Teachers (NEC),241599,241599,https://www.anzscolookup.com.au/occupations/241599,AITSL,"MLTSSL, CSOL","Subclass 189, Subclass 190, Subclass 491, Subclass 485","Subclass 482, Subclass 186, Subclass 494","190: 7 states, 491: 7 states"
Special Needs Teacher,241511,241511,https://www.anzscolookup.com.au/occupations/241511,AITSL,"MLTSSL, CSOL","Subclass 189, Subclass 190, Subclass 491, Subclass 485","Subclass 482, Subclass 186, Subclass 494","190: 7 states, 491: 7 states"
specialist managers nec,139999,139999,https://www.anzscolookup.com.au/occupations/139999,VETASSESS,"STSOL, ROL","Subclass 190, Subclass 491",Subclass 494,"190: 6 states, 491: 6 states"
Specialist Physician (General Medicine),253311,253311,https://www.anzscolookup.com.au/occupations/253311,MedBA,"MLTSSL, CSOL","Subclass 189, Subclass 190, Subclass 491, Subclass 485","Subclass 482, Subclass 186, Subclass 494","190: 8 states, 491: 8 states"
Specialist Physicians (NEC),253399,253399,https://www.anzscolookup.com.au/occupations/253399,MedBA,"MLTSSL, CSOL","Subclass 189, Subclass 190, Subclass 491, Subclass 485","Subclass 482, Subclass 186, Subclass 494","190: 8 states, 491: 8 states"
Speech Pathologist / Speech Language Therapist,252712,252712,https://www.anzscolookup.com.au/occupations/252712,SPA,"MLTSSL, CSOL","Subclass 189, Subclass 190, Subclass 491, Subclass 485","Subclass 482, Subclass 186, Subclass 494","190: 8 states, 491: 8 states"
Sports Administrator,139915,139915,https://www.anzscolookup.com.au/occupations/139915,VETASSESS,ROL,Subclass 491,Subclass 494,"190: 0 states, 491: 6 states"
Sports Centre Manager,149113,149113,https://www.anzscolookup.com.au/occupations/149113,VETASSESS,ROL,Subclass 491,Subclass 494,"190: 0 states, 491: 3 states"
Sports Development Officer,452321,452321,https://www.anzscolookup.com.au/occupations/452321,VETASSESS,"STSOL, CSOL, ROL","Subclass 190, Subclass 491","Subclass 482, Subclass 186, Subclass 494","190: 4 states, 491: 4 states"
sports umpire,452322,452322,https://www.anzscolookup.com.au/occupations/452322,VETASSESS,ROL,Not available,Subclass 494,"190: 0 states, 491: 0 states"
Sportspersons (NEC),452499,452499,https://www.anzscolookup.com.au/occupations/452499,VETASSESS,"STSOL, ROL","Subclass 190, Subclass 491",Subclass 494,"190: 3 states, 491: 3 states"
Stage Manager,212316,212316,https://www.anzscolookup.com.au/occupations/212316,VETASSESS,"STSOL, CSOL, ROL","Subclass 190, Subclass 491","Subclass 482, Subclass 186, Subclass 494","190: 3 states, 491: 3 states"
statistician,224116,224116,https://www.anzscolookup.com.au/occupations/224116,VETASSESS,"MLTSSL, CSOL","Subclass 189, Subclass 190, Subclass 491, Subclass 485","Subclass 482, Subclass 186, Subclass 494","190: 3 states, 491: 3 states"
Statistician,224113,224113,https://www.anzscolookup.com.au/occupations/224113,Manual verification required,,Not available,Not available,"190: 0 states, 491: 0 states"
stock and station agent,611112,611112,https://www.anzscolookup.com.au/occupations/611112,VETASSESS,ROL,Not available,Subclass 494,"190: 0 states, 491: 0 states"
Stockbroking Dealer,222213,222213,https://www.anzscolookup.com.au/occupations/222213,VETASSESS,"STSOL, ROL","Subclass 190, Subclass 491",Subclass 494,"190: 4 states, 491: 4 states"
Stonemason,331112,331112,https://www.anzscolookup.com.au/occupations/331112,TRA,"MLTSSL, CSOL","Subclass 189, Subclass 190, Subclass 491, Subclass 485","Subclass 482, Subclass 186, Subclass 494","190: 8 states, 491: 8 states"
Structural Engineer,233214,233214,https://www.anzscolookup.com.au/occupations/233214,Engineers Australia,"MLTSSL, CSOL","Subclass 189, Subclass 190, Subclass 491, Subclass 485","Subclass 482, Subclass 186, Subclass 494","190: 8 states, 491: 8 states"
Student Counsellor,272115,272115,https://www.anzscolookup.com.au/occupations/272115,VETASSESS,"STSOL, CSOL, ROL","Subclass 190, Subclass 491","Subclass 482, Subclass 186, Subclass 494","190: 5 states, 491: 7 states"
Sugar Cane Grower,121217,121217,https://www.anzscolookup.com.au/occupations/121217,VETASSESS,ROL,Subclass 491,Subclass 494,"190: 0 states, 491: 5 states"
Supply And Distribution Manager,133611,133611,https://www.anzscolookup.com.au/occupations/133611,IML,"STSOL, CSOL, ROL","Subclass 190, Subclass 491","Subclass 482, Subclass 186, Subclass 494","190: 6 states, 491: 6 states"
Supply Chain Analyst,224714,224714,https://www.anzscolookup.com.au/occupations/224714,VETASSESS,CSOL,Not available,"Subclass 482, Subclass 186","190: 0 states, 491: 0 states"
Surgeon (General),253511,253511,https://www.anzscolookup.com.au/occupations/253511,MedBA,"MLTSSL, CSOL","Subclass 189, Subclass 190, Subclass 491, Subclass 485","Subclass 482, Subclass 186, Subclass 494","190: 8 states, 491: 7 states"
Surveying Or Spatial Science Technician,312116,312116,https://www.anzscolookup.com.au/occupations/312116,VETASSESS,"ROL, CSOL",Subclass 491,"Subclass 482, Subclass 186, Subclass 494","190: 0 states, 491: 8 states"
Surveyor,232212,232212,https://www.anzscolookup.com.au/occupations/232212,ISNSW,"MLTSSL, CSOL","Subclass 189, Subclass 190, Subclass 491, Subclass 485","Subclass 482, Subclass 186, Subclass 494","190: 8 states, 491: 8 states"
Swimming Coach Or Instructor,452315,452315,https://www.anzscolookup.com.au/occupations/452315,VETASSESS,"STSOL, ROL","Subclass 190, Subclass 491",Subclass 494,"190: 3 states, 491: 3 states"
Systems Administrator,262113,262113,https://www.anzscolookup.com.au/occupations/262113,ACS,"STSOL, CSOL, ROL","Subclass 190, Subclass 491","Subclass 482, Subclass 186, Subclass 494","190: 7 states, 491: 7 states"
Systems Analyst,261112,261112,https://www.anzscolookup.com.au/occupations/261112,ACS,"MLTSSL, CSOL","Subclass 189, Subclass 190, Subclass 491, Subclass 485","Subclass 482, Subclass 186, Subclass 494","190: 7 states, 491: 7 states"
Taxation Accountant,221113,221113,https://www.anzscolookup.com.au/occupations/221113,CPAA / IPA / CAANZ,"MLTSSL, CSOL","Subclass 189, Subclass 190, Subclass 491, Subclass 485","Subclass 482, Subclass 186, Subclass 494","190: 5 states, 491: 6 states"
Teacher Of English To Speakers Of Other Languages,249311,249311,https://www.anzscolookup.com.au/occupations/249311,VETASSESS,"STSOL, ROL","Subclass 190, Subclass 491",Subclass 494,"190: 4 states, 491: 5 states"
Teacher Of The Hearing Impaired,241512,241512,https://www.anzscolookup.com.au/occupations/241512,AITSL,"MLTSSL, CSOL","Subclass 189, Subclass 190, Subclass 491, Subclass 485","Subclass 482, Subclass 186, Subclass 494","190: 7 states, 491: 7 states"
Teacher Of The Sight Impaired,241513,241513,https://www.anzscolookup.com.au/occupations/241513,AITSL,"MLTSSL, CSOL","Subclass 189, Subclass 190, Subclass 491, Subclass 485","Subclass 482, Subclass 186, Subclass 494","190: 7 states, 491: 7 states"
Technical Cable Jointer,342212,342212,https://www.anzscolookup.com.au/occupations/342212,TRA,"MLTSSL, CSOL","Subclass 189, Subclass 190, Subclass 491, Subclass 485","Subclass 482, Subclass 186, Subclass 494","190: 8 states, 491: 8 states"
Technical Director,212317,212317,https://www.anzscolookup.com.au/occupations/212317,VETASSESS,"STSOL, CSOL, ROL","Subclass 190, Subclass 491","Subclass 482, Subclass 186, Subclass 494","190: 3 states, 491: 3 states"
technical sales representatives nec,225499,225499,https://www.anzscolookup.com.au/occupations/225499,VETASSESS,"STSOL, CSOL, ROL","Subclass 190, Subclass 491","Subclass 482, Subclass 186, Subclass 494","190: 4 states, 491: 4 states"
Technical Writer,212415,212415,https://www.anzscolookup.com.au/occupations/212415,VETASSESS,"STSOL, CSOL, ROL","Subclass 190, Subclass 491","Subclass 482, Subclass 186, Subclass 494","190: 3 states, 491: 4 states"
Technicians and Trades Workers nec,399999,399999,https://www.anzscolookup.com.au/occupations/399999,TRA,"CSOL, ROL",Not available,"Subclass 482, Subclass 186, Subclass 494","190: 0 states, 491: 0 states"
Telecommunications Cable Jointer,342412,342412,https://www.anzscolookup.com.au/occupations/342412,TRA,"CSOL, ROL",Not available,"Subclass 482, Subclass 186, Subclass 494","190: 0 states, 491: 0 states"
Telecommunications Engineer,263311,263311,https://www.anzscolookup.com.au/occupations/263311,Engineers Australia,MLTSSL,"Subclass 189, Subclass 190, Subclass 491, Subclass 485",Subclass 494,"190: 6 states, 491: 6 states"
Telecommunications Field Engineer,313212,313212,https://www.anzscolookup.com.au/occupations/313212,Engineers Australia,"MLTSSL, CSOL","Subclass 189, Subclass 190, Subclass 491, Subclass 485","Subclass 482, Subclass 186, Subclass 494","190: 5 states, 491: 5 states"
Telecommunications Linesworker / Telecommunications Line Mechanic,342413,342413,https://www.anzscolookup.com.au/occupations/342413,TRA,"STSOL, CSOL, ROL","Subclass 190, Subclass 491","Subclass 482, Subclass 186, Subclass 494","190: 7 states, 491: 7 states"
Telecommunications Network Engineer,263312,263312,https://www.anzscolookup.com.au/occupations/263312,Engineers Australia,"MLTSSL, CSOL","Subclass 189, Subclass 190, Subclass 491, Subclass 485","Subclass 482, Subclass 186, Subclass 494","190: 6 states, 491: 6 states"
Telecommunications Network Planner,313213,313213,https://www.anzscolookup.com.au/occupations/313213,Engineers Australia,"MLTSSL, CSOL","Subclass 189, Subclass 190, Subclass 491, Subclass 485","Subclass 482, Subclass 186, Subclass 494","190: 5 states, 491: 5 states"
Telecommunications Technical Officer Or Technologist,313214,313214,https://www.anzscolookup.com.au/occupations/313214,Engineers Australia,"MLTSSL, CSOL","Subclass 189, Subclass 190, Subclass 491, Subclass 485","Subclass 482, Subclass 186, Subclass 494","190: 5 states, 491: 5 states"
Telecommunications Technician,342414,342414,https://www.anzscolookup.com.au/occupations/342414,TRA,"CSOL, ROL",Not available,"Subclass 482, Subclass 186, Subclass 494","190: 0 states, 491: 0 states"
television equipment operator,399517,399517,https://www.anzscolookup.com.au/occupations/399517,TRA,ROL,Not available,Subclass 494,"190: 0 states, 491: 0 states"
Television Journalist,212416,212416,https://www.anzscolookup.com.au/occupations/212416,VETASSESS,"STSOL, CSOL, ROL","Subclass 190, Subclass 491","Subclass 482, Subclass 186, Subclass 494","190: 3 states, 491: 4 states"
television presenter,212114,212114,https://www.anzscolookup.com.au/occupations/212114,VETASSESS,ROL,Not available,Subclass 494,"190: 0 states, 491: 0 states"
Tennis Coach,452316,452316,https://www.anzscolookup.com.au/occupations/452316,VETASSESS,MLTSSL,"Subclass 189, Subclass 190, Subclass 491, Subclass 485",Subclass 494,"190: 3 states, 491: 3 states"
"Textile, Clothing and Footwear Mechanic",323215,323215,https://www.anzscolookup.com.au/occupations/323215,TRA,"CSOL, ROL",Not available,"Subclass 482, Subclass 186, Subclass 494","190: 0 states, 491: 0 states"
Thoracic Medicine Specialist,253324,253324,https://www.anzscolookup.com.au/occupations/253324,MedBA,"MLTSSL, CSOL","Subclass 189, Subclass 190, Subclass 491, Subclass 485","Subclass 482, Subclass 186, Subclass 494","190: 8 states, 491: 8 states"
Toolmaker,323412,323412,https://www.anzscolookup.com.au/occupations/323412,TRA,"STSOL, CSOL, ROL","Subclass 190, Subclass 491","Subclass 482, Subclass 186, Subclass 494","190: 4 states, 491: 3 states"
Tour Guide,451412,451412,https://www.anzscolookup.com.au/occupations/451412,VETASSESS,CSOL,Not available,"Subclass 482, Subclass 186","190: 0 states, 491: 0 states"
Traditional Chinese Medicine Practitioner,252214,252214,https://www.anzscolookup.com.au/occupations/252214,Chinese Medicine Board of Australia,"STSOL, CSOL, ROL","Subclass 190, Subclass 491","Subclass 482, Subclass 186, Subclass 494","190: 5 states, 491: 5 states"
training and development professional,223311,223311,https://www.anzscolookup.com.au/occupations/223311,VETASSESS,ROL,Not available,Subclass 494,"190: 0 states, 491: 0 states"
Translator,272413,272413,https://www.anzscolookup.com.au/occupations/272413,NAATI,"ROL, CSOL",Subclass 491,"Subclass 482, Subclass 186, Subclass 494","190: 0 states, 491: 5 states"
Transport Company Manager,149413,149413,https://www.anzscolookup.com.au/occupations/149413,VETASSESS,"STSOL, ROL","Subclass 190, Subclass 491",Subclass 494,"190: 4 states, 491: 5 states"
Transport Engineer,233215,233215,https://www.anzscolookup.com.au/occupations/233215,Engineers Australia,"MLTSSL, CSOL","Subclass 189, Subclass 190, Subclass 491, Subclass 485","Subclass 482, Subclass 186, Subclass 494","190: 8 states, 491: 8 states"
Travel Agency Manager,142116,142116,https://www.anzscolookup.com.au/occupations/142116,VETASSESS,"CSOL, ROL",Not available,"Subclass 482, Subclass 186, Subclass 494","190: 0 states, 491: 0 states"
travel attendants (nec),451799,451799,https://www.anzscolookup.com.au/occupations/451799,VETASSESS,ROL,Not available,Subclass 494,"190: 0 states, 491: 0 states"
Travel Consultant,451612,451612,https://www.anzscolookup.com.au/occupations/451612,VETASSESS,CSOL,Not available,"Subclass 482, Subclass 186","190: 0 states, 491: 0 states"
Tree Worker,362512,362512,https://www.anzscolookup.com.au/occupations/362512,VETASSESS,CSOL,Not available,"Subclass 482, Subclass 186","190: 0 states, 491: 0 states"
trust officer,599215,599215,https://www.anzscolookup.com.au/occupations/599215,VETASSESS,ROL,Not available,Subclass 494,"190: 0 states, 491: 0 states"
turf grower,121218,121218,https://www.anzscolookup.com.au/occupations/121218,VETASSESS,ROL,Not available,Subclass 494,"190: 0 states, 491: 0 states"
University Lecturer,242111,242111,https://www.anzscolookup.com.au/occupations/242111,VETASSESS,"MLTSSL, CSOL","Subclass 189, Subclass 190, Subclass 491, Subclass 485","Subclass 482, Subclass 186, Subclass 494","190: 5 states, 491: 6 states"
university tutor,242112,242112,https://www.anzscolookup.com.au/occupations/242112,VETASSESS,ROL,Not available,Subclass 494,"190: 0 states, 491: 0 states"
Upholsterer,393311,393311,https://www.anzscolookup.com.au/occupations/393311,TRA,"STSOL, CSOL, ROL","Subclass 190, Subclass 491","Subclass 482, Subclass 186, Subclass 494","190: 4 states, 491: 4 states"
Urban And Regional Planner,232611,232611,https://www.anzscolookup.com.au/occupations/232611,VETASSESS,"STSOL, CSOL, ROL","Subclass 190, Subclass 491","Subclass 482, Subclass 186, Subclass 494","190: 7 states, 491: 8 states"
Urologist,253518,253518,https://www.anzscolookup.com.au/occupations/253518,MedBA,"MLTSSL, CSOL","Subclass 189, Subclass 190, Subclass 491, Subclass 485","Subclass 482, Subclass 186, Subclass 494","190: 8 states, 491: 7 states"
Valuer,224512,224512,https://www.anzscolookup.com.au/occupations/224512,VETASSESS,"MLTSSL, CSOL","Subclass 189, Subclass 190, Subclass 491, Subclass 485","Subclass 482, Subclass 186, Subclass 494","190: 4 states, 491: 4 states"
Vascular Surgeon,253521,253521,https://www.anzscolookup.com.au/occupations/253521,MedBA,"MLTSSL, CSOL","Subclass 189, Subclass 190, Subclass 491, Subclass 485","Subclass 482, Subclass 186, Subclass 494","190: 8 states, 491: 7 states"
Vegetable Grower (Aus)/Market Gardener (Nz),121221,121221,https://www.anzscolookup.com.au/occupations/121221,VETASSESS,"STSOL, ROL","Subclass 190, Subclass 491",Subclass 494,"190: 4 states, 491: 5 states"
Vehicle Body Builder,324211,324211,https://www.anzscolookup.com.au/occupations/324211,TRA,"STSOL, CSOL, ROL","Subclass 190, Subclass 491","Subclass 482, Subclass 186, Subclass 494","190: 4 states, 491: 4 states"
Vehicle Painter,324311,324311,https://www.anzscolookup.com.au/occupations/324311,TRA,"ROL, CSOL",Subclass 491,"Subclass 482, Subclass 186, Subclass 494","190: 0 states, 491: 5 states"
Vehicle Trimmer,324212,324212,https://www.anzscolookup.com.au/occupations/324212,TRA,"STSOL, CSOL, ROL","Subclass 190, Subclass 491","Subclass 482, Subclass 186, Subclass 494","190: 4 states, 491: 4 states"
Veterinarian,234711,234711,https://www.anzscolookup.com.au/occupations/234711,AVBC,"MLTSSL, CSOL","Subclass 189, Subclass 190, Subclass 491, Subclass 485","Subclass 482, Subclass 186, Subclass 494","190: 8 states, 491: 8 states"
Veterinary Nurse,361311,361311,https://www.anzscolookup.com.au/occupations/361311,VETASSESS,"STSOL, CSOL, ROL","Subclass 190, Subclass 491","Subclass 482, Subclass 186, Subclass 494","190: 7 states, 491: 7 states"
Video Producer,212318,212318,https://www.anzscolookup.com.au/occupations/212318,VETASSESS,"STSOL, CSOL, ROL","Subclass 190, Subclass 491","Subclass 482, Subclass 186, Subclass 494","190: 3 states, 491: 3 states"
visual arts and crafts professionals (nec),211499,211499,https://www.anzscolookup.com.au/occupations/211499,VETASSESS,ROL,Not available,Subclass 494,"190: 0 states, 491: 0 states"
Vocational Education Teacher / Polytechnic Teacher,242211,242211,https://www.anzscolookup.com.au/occupations/242211,See subsection (2),"ROL, CSOL",Subclass 491,"Subclass 482, Subclass 186, Subclass 494","190: 0 states, 491: 7 states"
Wall And Floor Tiler,333411,333411,https://www.anzscolookup.com.au/occupations/333411,TRA,"MLTSSL, CSOL","Subclass 189, Subclass 190, Subclass 491, Subclass 485","Subclass 482, Subclass 186, Subclass 494","190: 8 states, 491: 8 states"
watch and clock maker and repairer,323316,323316,https://www.anzscolookup.com.au/occupations/323316,TRA,ROL,Not available,Subclass 494,"190: 0 states, 491: 0 states"
Web Administrator,313113,313113,https://www.anzscolookup.com.au/occupations/313113,ACS,"STSOL, CSOL, ROL","Subclass 190, Subclass 491","Subclass 482, Subclass 186, Subclass 494","190: 6 states, 491: 6 states"
Web Designer,232414,232414,https://www.anzscolookup.com.au/occupations/232414,VETASSESS,"STSOL, CSOL, ROL","Subclass 190, Subclass 491","Subclass 482, Subclass 186, Subclass 494","190: 4 states, 491: 4 states"
Web Developer,261212,261212,https://www.anzscolookup.com.au/occupations/261212,ACS,"STSOL, CSOL, ROL","Subclass 190, Subclass 491","Subclass 482, Subclass 186, Subclass 494","190: 5 states, 491: 5 states"
Welder (First Class),322313,322313,https://www.anzscolookup.com.au/occupations/322313,TRA,"MLTSSL, CSOL","Subclass 189, Subclass 190, Subclass 491, Subclass 485","Subclass 482, Subclass 186, Subclass 494","190: 7 states, 491: 7 states"
Welfare Centre Manager,134214,134214,https://www.anzscolookup.com.au/occupations/134214,ACWA,MLTSSL,"Subclass 189, Subclass 190, Subclass 491, Subclass 485",Subclass 494,"190: 7 states, 491: 7 states"
Welfare Worker,272613,272613,https://www.anzscolookup.com.au/occupations/272613,ACWA,"STSOL, ROL","Subclass 190, Subclass 491",Subclass 494,"190: 6 states, 491: 6 states"
wholesaler,133312,133312,https://www.anzscolookup.com.au/occupations/133312,VETASSESS,ROL,Not available,Subclass 494,"190: 0 states, 491: 0 states"
Wine Maker,234213,234213,https://www.anzscolookup.com.au/occupations/234213,VETASSESS,"ROL, CSOL",Subclass 491,"Subclass 482, Subclass 186, Subclass 494","190: 0 states, 491: 6 states"
Wood Machinist,394213,394213,https://www.anzscolookup.com.au/occupations/394213,TRA,"STSOL, CSOL, ROL","Subclass 190, Subclass 491","Subclass 482, Subclass 186, Subclass 494","190: 4 states, 491: 5 states"
Wood Machinists And Other Wood Trades Workers (NEC),394299,394299,https://www.anzscolookup.com.au/occupations/394299,TRA,"STSOL, CSOL, ROL","Subclass 190, Subclass 491","Subclass 482, Subclass 186, Subclass 494","190: 3 states, 491: 4 states"
wood turner,394214,394214,https://www.anzscolookup.com.au/occupations/394214,TRA,ROL,Not available,Subclass 494,"190: 0 states, 491: 0 states"
wool buyer,639212,639212,https://www.anzscolookup.com.au/occupations/639212,"VETASSESS Zealand. In these cases, ANZSCO uses a dual title, which notes the country specific titles, to describe the occupations, e.g. “grain, oilseed / pasture grower (Aus) / field crop grower (NZ)”. These dual titles have been used in column 1 of the table in this subsection for consistency with ANZSCO.",ROL,Not available,Subclass 494,"190: 0 states, 491: 0 states"
wool classer,399917,399917,https://www.anzscolookup.com.au/occupations/399917,TRA,ROL,Not available,Subclass 494,"190: 0 states, 491: 0 states"
Workplace Relations Adviser,223113,223113,https://www.anzscolookup.com.au/occupations/223113,VETASSESS,"ROL, CSOL",Subclass 491,"Subclass 482, Subclass 186, Subclass 494","190: 0 states, 491: 5 states"
Youth Worker,411716,411716,https://www.anzscolookup.com.au/occupations/411716,ACWA,"STSOL, CSOL, ROL","Subclass 190, Subclass 491","Subclass 482, Subclass 186, Subclass 494","190: 6 states, 491: 8 states"
Zookeeper,361114,361114,https://www.anzscolookup.com.au/occupations/361114,VETASSESS,ROL,Subclass 491,Subclass 494,"190: 0 states, 491: 3 states"
zoologist,234522,234522,https://www.anzscolookup.com.au/occupations/234522,VETASSESS,"MLTSSL, CSOL","Subclass 189, Subclass 190, Subclass 491, Subclass 485","Subclass 482, Subclass 186, Subclass 494","190: 3 states, 491: 3 states"
Zoologist,234518,234518,https://www.anzscolookup.com.au/occupations/234518,Manual verification required,,Not available,Not available,"190: 0 states, 491: 0 states"
