title,code,industry,link,Assessing Authority,Quick_SKILLED VISAS,Quick_EMPLOYER-SPONSORED,Quick_STATE NOMINATION,Visa_189,Visa_190,Visa_491,Visa_485,Visa_482,Visa_186,Visa_494,Visa_407,List_All applicable lists,List_Skilled visas,List_Employer-sponsored,List_Regional employer-sponsored,List_Training,List_Skilled assessing authorities,ACT_190,ACT_491,ACT_Streams,NT_190,NT_491,NT_Streams,NSW_190,NSW_491,NSW_Streams,QLD_190,QLD_491,QLD_Streams,SA_190,SA_491,SA_Streams,TAS_190,TAS_491,TAS_Streams,VIC_190,VIC_491,VIC_Streams,WA_190,WA_491,WA_Streams
Aboriginal and Torres Strait Islander health worker,411511,411511,https://www.anzscolookup.com.au/occupations/411511,VETASSESS,Not available,Not available,"Not available, 190: 0 states, 491: 0 states",Ineligible | Not listed,Ineligible | Not listed,Ineligible | Not listed,Ineligible | Not listed,Ineligible | Not listed,Ineligible | Not listed,Eligible | ROL,Ineligible | Not listed,ROL,Not available,Not available,ROL,Not available,Manual verification required,Ineligible,Ineligible,,Ineligible,Ineligible,,Ineligible,Ineligible,,Ineligible,Ineligible,,Ineligible,Ineligible,,Ineligible,Ineligible,,Ineligible,Ineligible,,Ineligible,Ineligible,
Accommodation And Hospitality Managers (NEC),141999,141999,https://www.anzscolookup.com.au/occupations/141999,VETASSESS,STSOL,CSOL,"10 options, 190: 4 states, 491: 6 states",Ineligible | Not listed,Eligible | STSOL,Eligible | STSOL,Ineligible | Not listed,Eligible | CSOL,Eligible | CSOL,Eligible | ROL,Eligible | STSOL,"STSOL, CSOL, ROL",STSOL,CSOL,ROL,STSOL,VETASSESS,Ineligible,Ineligible,,Eligible,Eligible,,Ineligible,Ineligible,,Ineligible,Eligible,,Ineligible,Eligible,,Eligible,Eligible,,Eligible,Eligible,,Eligible,Eligible,
Accountant (General),221111,221111,https://www.anzscolookup.com.au/occupations/221111,CPAA / CAANZ / IPA,MLTSSL,CSOL,"11 options, 190: 5 states, 491: 6 states",Eligible | MLTSSL,Eligible | MLTSSL,Eligible | MLTSSL,Eligible | MLTSSL,Eligible | CSOL,Eligible | CSOL,Eligible | MLTSSL,Eligible | MLTSSL,"MLTSSL, CSOL",MLTSSL,CSOL,MLTSSL,MLTSSL,"CPAA, CAANZ, IPA",Eligible,Eligible,,Eligible,Eligible,,Ineligible,Ineligible,,Ineligible,Ineligible,,Ineligible,Eligible,,Eligible,Eligible,,Eligible,Eligible,,Eligible,Eligible,
actor,211111,211111,https://www.anzscolookup.com.au/occupations/211111,VETASSESS,Not available,Not available,"Not available, 190: 0 states, 491: 0 states",Ineligible | Not listed,Ineligible | Not listed,Ineligible | Not listed,Ineligible | Not listed,Ineligible | Not listed,Ineligible | Not listed,Eligible | ROL,Ineligible | Not listed,ROL,Not available,Not available,ROL,Not available,Manual verification required,Ineligible,Ineligible,,Ineligible,Ineligible,,Ineligible,Ineligible,,Ineligible,Ineligible,,Ineligible,Ineligible,,Ineligible,Ineligible,,Ineligible,Ineligible,,Ineligible,Ineligible,
"actors, dancers and other entertainers (nec)",211199,211199,https://www.anzscolookup.com.au/occupations/211199,VETASSESS,Not available,Not available,"Not available, 190: 0 states, 491: 0 states",Ineligible | Not listed,Ineligible | Not listed,Ineligible | Not listed,Ineligible | Not listed,Ineligible | Not listed,Ineligible | Not listed,Eligible | ROL,Ineligible | Not listed,ROL,Not available,Not available,ROL,Not available,Manual verification required,Ineligible,Ineligible,,Ineligible,Ineligible,,Ineligible,Ineligible,,Ineligible,Ineligible,,Ineligible,Ineligible,,Ineligible,Ineligible,,Ineligible,Ineligible,,Ineligible,Ineligible,
Actuary,224111,224111,https://www.anzscolookup.com.au/occupations/224111,VETASSESS,MLTSSL,CSOL,"8 options, 190: 4 states, 491: 4 states",Eligible | MLTSSL,Eligible | MLTSSL,Eligible | MLTSSL,Eligible | MLTSSL,Eligible | CSOL,Eligible | CSOL,Eligible | MLTSSL,Eligible | MLTSSL,"MLTSSL, CSOL",MLTSSL,CSOL,MLTSSL,MLTSSL,VETASSESS,Ineligible,Ineligible,,Eligible,Eligible,,Ineligible,Ineligible,,Ineligible,Ineligible,,Eligible,Eligible,,Eligible,Eligible,,Eligible,Eligible,,Ineligible,Ineligible,
Acupuncturist,252211,252211,https://www.anzscolookup.com.au/occupations/252211,Chinese Medicine Board of Australia,STSOL,Not available,"12 options, 190: 6 states, 491: 6 states",Ineligible | Not listed,Eligible | STSOL,Eligible | STSOL,Ineligible | Not listed,Ineligible | Not listed,Ineligible | Not listed,Eligible | ROL,Eligible | STSOL,"STSOL, ROL",STSOL,Not available,ROL,STSOL,Chinese Medicine Board of Australia,Eligible,Eligible,,Eligible,Eligible,,Ineligible,Ineligible,,Ineligible,Ineligible,,Eligible,Eligible,,Eligible,Eligible,,Eligible,Eligible,,Eligible,Eligible,
Advertising Manager,131113,131113,https://www.anzscolookup.com.au/occupations/131113,IML,STSOL,CSOL,"7 options, 190: 3 states, 491: 4 states",Ineligible | Not listed,Eligible | STSOL,Eligible | STSOL,Ineligible | Not listed,Eligible | CSOL,Eligible | CSOL,Eligible | ROL,Eligible | STSOL,"STSOL, CSOL, ROL",STSOL,CSOL,ROL,STSOL,IML,Ineligible,Ineligible,,Eligible,Eligible,,Ineligible,Ineligible,,Ineligible,Ineligible,,Ineligible,Eligible,,Eligible,Eligible,,Eligible,Eligible,,Ineligible,Ineligible,
Advertising Specialist,225111,225111,https://www.anzscolookup.com.au/occupations/225111,VETASSESS,STSOL,CSOL,"8 options, 190: 4 states, 491: 4 states",Ineligible | Not listed,Eligible | STSOL,Eligible | STSOL,Ineligible | Not listed,Eligible | CSOL,Eligible | CSOL,Eligible | ROL,Eligible | STSOL,"STSOL, CSOL, ROL",STSOL,CSOL,ROL,STSOL,VETASSESS,Ineligible,Ineligible,,Eligible,Eligible,,Ineligible,Ineligible,,Ineligible,Ineligible,,Eligible,Eligible,,Eligible,Eligible,,Eligible,Eligible,,Ineligible,Ineligible,
Aeronautical Engineer,233911,233911,https://www.anzscolookup.com.au/occupations/233911,Engineers Australia,MLTSSL,CSOL,"14 options, 190: 7 states, 491: 7 states",Eligible | MLTSSL,Eligible | MLTSSL,Eligible | MLTSSL,Eligible | MLTSSL,Eligible | CSOL,Eligible | CSOL,Eligible | MLTSSL,Eligible | MLTSSL,"MLTSSL, CSOL",MLTSSL,CSOL,MLTSSL,MLTSSL,Engineers Australia,Eligible,Eligible,,Eligible,Eligible,,Eligible,Eligible,,Ineligible,Ineligible,,Eligible,Eligible,,Eligible,Eligible,,Eligible,Eligible,,Eligible,Eligible,
Aeroplane Pilot,231111,231111,https://www.anzscolookup.com.au/occupations/231111,CASA,ROL,CSOL,"6 options, 190: 0 states, 491: 6 states",Ineligible | Not listed,Ineligible | Not listed,Eligible | ROL,Ineligible | Not listed,Eligible | CSOL,Eligible | CSOL,Eligible | ROL,Eligible | ROL,"ROL, CSOL",ROL,CSOL,ROL,ROL,CASA,Ineligible,Ineligible,,Ineligible,Eligible,,Ineligible,Ineligible,,Ineligible,Eligible,,Ineligible,Eligible,,Ineligible,Eligible,,Ineligible,Eligible,,Ineligible,Eligible,
Agricultural and Agritech Technician,311112,311112,https://www.anzscolookup.com.au/occupations/311112,VETASSESS,Not available,CSOL,"Not available, 190: 0 states, 491: 0 states",Ineligible | Not listed,Ineligible | Not listed,Ineligible | Not listed,Ineligible | Not listed,Eligible | CSOL,Eligible | CSOL,Ineligible | Not listed,Ineligible | Not listed,CSOL,Not available,CSOL,Not available,Not available,Manual verification required,Ineligible,Ineligible,,Ineligible,Ineligible,,Ineligible,Ineligible,,Ineligible,Ineligible,,Ineligible,Ineligible,,Ineligible,Ineligible,,Ineligible,Ineligible,,Ineligible,Ineligible,
Agricultural Consultant,234111,234111,https://www.anzscolookup.com.au/occupations/234111,VETASSESS,MLTSSL,CSOL,"13 options, 190: 7 states, 491: 6 states",Eligible | MLTSSL,Eligible | MLTSSL,Eligible | MLTSSL,Eligible | MLTSSL,Eligible | CSOL,Eligible | CSOL,Eligible | MLTSSL,Eligible | MLTSSL,"MLTSSL, CSOL",MLTSSL,CSOL,MLTSSL,MLTSSL,VETASSESS,Ineligible,Ineligible,,Eligible,Eligible,,Eligible,Ineligible,,Eligible,Eligible,,Eligible,Eligible,,Eligible,Eligible,,Eligible,Eligible,,Eligible,Eligible,
Agricultural Engineer,233912,233912,https://www.anzscolookup.com.au/occupations/233912,Engineers Australia,MLTSSL,CSOL,"16 options, 190: 8 states, 491: 8 states",Eligible | MLTSSL,Eligible | MLTSSL,Eligible | MLTSSL,Eligible | MLTSSL,Eligible | CSOL,Eligible | CSOL,Eligible | MLTSSL,Eligible | MLTSSL,"MLTSSL, CSOL",MLTSSL,CSOL,MLTSSL,MLTSSL,Engineers Australia,Eligible,Eligible,,Eligible,Eligible,,Eligible,Eligible,,Eligible,Eligible,,Eligible,Eligible,,Eligible,Eligible,,Eligible,Eligible,,Eligible,Eligible,
Agricultural Research Scientist,234114,234114,https://www.anzscolookup.com.au/occupations/234114,VETASSESS,Not available,CSOL,"Not available, 190: 0 states, 491: 0 states",Ineligible | Not listed,Ineligible | Not listed,Ineligible | Not listed,Ineligible | Not listed,Eligible | CSOL,Eligible | CSOL,Ineligible | Not listed,Ineligible | Not listed,CSOL,Not available,CSOL,Not available,Not available,Manual verification required,Ineligible,Ineligible,,Ineligible,Ineligible,,Ineligible,Ineligible,,Ineligible,Ineligible,,Ineligible,Ineligible,,Ineligible,Ineligible,,Ineligible,Ineligible,,Ineligible,Ineligible,
Agricultural Scientist,234112,234112,https://www.anzscolookup.com.au/occupations/234112,VETASSESS,MLTSSL,Not available,"13 options, 190: 7 states, 491: 6 states",Eligible | MLTSSL,Eligible | MLTSSL,Eligible | MLTSSL,Eligible | MLTSSL,Ineligible | Not listed,Ineligible | Not listed,Eligible | MLTSSL,Eligible | MLTSSL,MLTSSL,MLTSSL,Not available,MLTSSL,MLTSSL,VETASSESS,Ineligible,Ineligible,,Eligible,Eligible,,Eligible,Ineligible,,Eligible,Eligible,,Eligible,Eligible,,Eligible,Eligible,,Eligible,Eligible,,Eligible,Eligible,
Agricultural Technician,311111,311111,https://www.anzscolookup.com.au/occupations/311111,VETASSESS,ROL,Not available,"6 options, 190: 0 states, 491: 6 states",Ineligible | Not listed,Ineligible | Not listed,Eligible | ROL,Ineligible | Not listed,Ineligible | Not listed,Ineligible | Not listed,Eligible | ROL,Eligible | ROL,ROL,ROL,Not available,ROL,ROL,VETASSESS,Ineligible,Ineligible,,Ineligible,Eligible,,Ineligible,Eligible,,Ineligible,Ineligible,,Ineligible,Eligible,,Ineligible,Eligible,,Ineligible,Eligible,,Ineligible,Eligible,
Agronomist,234115,234115,https://www.anzscolookup.com.au/occupations/234115,VETASSESS,Not available,CSOL,"Not available, 190: 0 states, 491: 0 states",Ineligible | Not listed,Ineligible | Not listed,Ineligible | Not listed,Ineligible | Not listed,Eligible | CSOL,Eligible | CSOL,Ineligible | Not listed,Ineligible | Not listed,CSOL,Not available,CSOL,Not available,Not available,Manual verification required,Ineligible,Ineligible,,Ineligible,Ineligible,,Ineligible,Ineligible,,Ineligible,Ineligible,,Ineligible,Ineligible,,Ineligible,Ineligible,,Ineligible,Ineligible,,Ineligible,Ineligible,
Air Transport Professionals nec,231199,231199,https://www.anzscolookup.com.au/occupations/231199,VETASSESS,Not available,CSOL,"Not available, 190: 0 states, 491: 0 states",Ineligible | Not listed,Ineligible | Not listed,Ineligible | Not listed,Ineligible | Not listed,Eligible | CSOL,Eligible | CSOL,Eligible | ROL,Ineligible | Not listed,"CSOL, ROL",Not available,CSOL,ROL,Not available,Manual verification required,Ineligible,Ineligible,,Ineligible,Ineligible,,Ineligible,Ineligible,,Ineligible,Ineligible,,Ineligible,Ineligible,,Ineligible,Ineligible,,Ineligible,Ineligible,,Ineligible,Ineligible,
Airconditioning And Mechanical Services Plumber,334112,334112,https://www.anzscolookup.com.au/occupations/334112,TRA,MLTSSL,CSOL,"16 options, 190: 8 states, 491: 8 states",Eligible | MLTSSL,Eligible | MLTSSL,Eligible | MLTSSL,Eligible | MLTSSL,Eligible | CSOL,Eligible | CSOL,Eligible | MLTSSL,Eligible | MLTSSL,"MLTSSL, CSOL",MLTSSL,CSOL,MLTSSL,MLTSSL,TRA,Eligible,Eligible,,Eligible,Eligible,,Eligible,Eligible,,Eligible,Eligible,,Eligible,Eligible,,Eligible,Eligible,,Eligible,Eligible,,Eligible,Eligible,
Airconditioning And Refrigeration Mechanic,342111,342111,https://www.anzscolookup.com.au/occupations/342111,TRA,MLTSSL,CSOL,"16 options, 190: 8 states, 491: 8 states",Eligible | MLTSSL,Eligible | MLTSSL,Eligible | MLTSSL,Eligible | MLTSSL,Eligible | CSOL,Eligible | CSOL,Eligible | MLTSSL,Eligible | MLTSSL,"MLTSSL, CSOL",MLTSSL,CSOL,MLTSSL,MLTSSL,TRA,Eligible,Eligible,,Eligible,Eligible,,Eligible,Eligible,,Eligible,Eligible,,Eligible,Eligible,,Eligible,Eligible,,Eligible,Eligible,,Eligible,Eligible,
Aircraft Maintenance Engineer (Avionics),323111,323111,https://www.anzscolookup.com.au/occupations/323111,TRA,STSOL,CSOL,"16 options, 190: 8 states, 491: 8 states",Ineligible | Not listed,Eligible | STSOL,Eligible | STSOL,Ineligible | Not listed,Eligible | CSOL,Eligible | CSOL,Eligible | ROL,Eligible | STSOL,"STSOL, CSOL, ROL",STSOL,CSOL,ROL,STSOL,TRA,Eligible,Eligible,,Eligible,Eligible,,Eligible,Eligible,,Eligible,Eligible,,Eligible,Eligible,,Eligible,Eligible,,Eligible,Eligible,,Eligible,Eligible,
Aircraft Maintenance Engineer (Mechanical),323112,323112,https://www.anzscolookup.com.au/occupations/323112,TRA,STSOL,CSOL,"16 options, 190: 8 states, 491: 8 states",Ineligible | Not listed,Eligible | STSOL,Eligible | STSOL,Ineligible | Not listed,Eligible | CSOL,Eligible | CSOL,Eligible | ROL,Eligible | STSOL,"STSOL, CSOL, ROL",STSOL,CSOL,ROL,STSOL,TRA,Eligible,Eligible,,Eligible,Eligible,,Eligible,Eligible,,Eligible,Eligible,,Eligible,Eligible,,Eligible,Eligible,,Eligible,Eligible,,Eligible,Eligible,
Aircraft Maintenance Engineer (Structures),323113,323113,https://www.anzscolookup.com.au/occupations/323113,TRA,STSOL,CSOL,"16 options, 190: 8 states, 491: 8 states",Ineligible | Not listed,Eligible | STSOL,Eligible | STSOL,Ineligible | Not listed,Eligible | CSOL,Eligible | CSOL,Eligible | ROL,Eligible | STSOL,"STSOL, CSOL, ROL",STSOL,CSOL,ROL,STSOL,TRA,Eligible,Eligible,,Eligible,Eligible,,Eligible,Eligible,,Eligible,Eligible,,Eligible,Eligible,,Eligible,Eligible,,Eligible,Eligible,,Eligible,Eligible,
Ambulance Officer,411111,411111,https://www.anzscolookup.com.au/occupations/411111,VETASSESS,STSOL,CSOL,"12 options, 190: 6 states, 491: 6 states",Ineligible | Not listed,Eligible | STSOL,Eligible | STSOL,Ineligible | Not listed,Eligible | CSOL,Eligible | CSOL,Eligible | ROL,Eligible | STSOL,"STSOL, CSOL, ROL",STSOL,CSOL,ROL,STSOL,VETASSESS,Eligible,Eligible,,Eligible,Eligible,,Ineligible,Ineligible,,Ineligible,Ineligible,,Eligible,Eligible,,Eligible,Eligible,,Eligible,Eligible,,Eligible,Eligible,
Amusement Centre Manager,149111,149111,https://www.anzscolookup.com.au/occupations/149111,VETASSESS,ROL,Not available,"3 options, 190: 0 states, 491: 3 states",Ineligible | Not listed,Ineligible | Not listed,Eligible | ROL,Ineligible | Not listed,Ineligible | Not listed,Ineligible | Not listed,Eligible | ROL,Eligible | ROL,ROL,ROL,Not available,ROL,ROL,VETASSESS,Ineligible,Ineligible,,Ineligible,Eligible,,Ineligible,Ineligible,,Ineligible,Ineligible,,Ineligible,Ineligible,,Ineligible,Eligible,,Ineligible,Eligible,,Ineligible,Ineligible,
Anaesthetic Technician,311211,311211,https://www.anzscolookup.com.au/occupations/311211,VETASSESS,STSOL,CSOL,"14 options, 190: 7 states, 491: 7 states",Ineligible | Not listed,Eligible | STSOL,Eligible | STSOL,Ineligible | Not listed,Eligible | CSOL,Eligible | CSOL,Eligible | ROL,Eligible | STSOL,"STSOL, CSOL, ROL",STSOL,CSOL,ROL,STSOL,VETASSESS,Eligible,Eligible,,Eligible,Eligible,,Eligible,Eligible,,Ineligible,Ineligible,,Eligible,Eligible,,Eligible,Eligible,,Eligible,Eligible,,Eligible,Eligible,
Anaesthetist,253211,253211,https://www.anzscolookup.com.au/occupations/253211,MedBA,ROL,CSOL,"7 options, 190: 0 states, 491: 7 states",Ineligible | Not listed,Ineligible | Not listed,Eligible | ROL,Ineligible | Not listed,Eligible | CSOL,Eligible | CSOL,Eligible | ROL,Eligible | ROL,"ROL, CSOL",ROL,CSOL,ROL,ROL,MedBA,Ineligible,Eligible,,Ineligible,Eligible,,Ineligible,Ineligible,,Ineligible,Eligible,,Ineligible,Eligible,,Ineligible,Eligible,,Ineligible,Eligible,,Ineligible,Eligible,
Analyst Programmer,261311,261311,https://www.anzscolookup.com.au/occupations/261311,ACS,MLTSSL,CSOL,"16 options, 190: 8 states, 491: 8 states",Eligible | MLTSSL,Eligible | MLTSSL,Eligible | MLTSSL,Eligible | MLTSSL,Eligible | CSOL,Eligible | CSOL,Eligible | MLTSSL,Eligible | MLTSSL,"MLTSSL, CSOL",MLTSSL,CSOL,MLTSSL,MLTSSL,ACS,Eligible,Eligible,,Eligible,Eligible,,Eligible,Eligible,,Eligible,Eligible,,Eligible,Eligible,,Eligible,Eligible,,Eligible,Eligible,,Eligible,Eligible,
Animal Attendants And Trainers (NEC),361199,361199,https://www.anzscolookup.com.au/occupations/361199,VETASSESS,STSOL,Not available,"6 options, 190: 3 states, 491: 3 states",Ineligible | Not listed,Eligible | STSOL,Eligible | STSOL,Ineligible | Not listed,Ineligible | Not listed,Ineligible | Not listed,Eligible | ROL,Eligible | STSOL,"STSOL, ROL",STSOL,Not available,ROL,STSOL,VETASSESS,Ineligible,Ineligible,,Eligible,Eligible,,Ineligible,Ineligible,,Ineligible,Ineligible,,Ineligible,Ineligible,,Eligible,Eligible,,Eligible,Eligible,,Ineligible,Ineligible,
Animal Husbandry Technician,311113,311113,https://www.anzscolookup.com.au/occupations/311113,VETASSESS,Not available,CSOL,"Not available, 190: 0 states, 491: 0 states",Ineligible | Not listed,Ineligible | Not listed,Ineligible | Not listed,Ineligible | Not listed,Eligible | CSOL,Eligible | CSOL,Ineligible | Not listed,Ineligible | Not listed,CSOL,Not available,CSOL,Not available,Not available,Manual verification required,Ineligible,Ineligible,,Ineligible,Ineligible,,Ineligible,Ineligible,,Ineligible,Ineligible,,Ineligible,Ineligible,,Ineligible,Ineligible,,Ineligible,Ineligible,,Ineligible,Ineligible,
antique dealer,142112,142112,https://www.anzscolookup.com.au/occupations/142112,VETASSESS,Not available,Not available,"Not available, 190: 0 states, 491: 0 states",Ineligible | Not listed,Ineligible | Not listed,Ineligible | Not listed,Ineligible | Not listed,Ineligible | Not listed,Ineligible | Not listed,Eligible | ROL,Ineligible | Not listed,ROL,Not available,Not available,ROL,Not available,Manual verification required,Ineligible,Ineligible,,Ineligible,Ineligible,,Ineligible,Ineligible,,Ineligible,Ineligible,,Ineligible,Ineligible,,Ineligible,Ineligible,,Ineligible,Ineligible,,Ineligible,Ineligible,
Apiarist,121311,121311,https://www.anzscolookup.com.au/occupations/121311,VETASSESS,STSOL,CSOL,"9 options, 190: 4 states, 491: 5 states",Ineligible | Not listed,Eligible | STSOL,Eligible | STSOL,Ineligible | Not listed,Eligible | CSOL,Eligible | CSOL,Eligible | ROL,Eligible | STSOL,"STSOL, CSOL, ROL",STSOL,CSOL,ROL,STSOL,VETASSESS,Ineligible,Ineligible,,Eligible,Eligible,,Ineligible,Ineligible,,Ineligible,Eligible,,Ineligible,Ineligible,,Eligible,Eligible,,Eligible,Eligible,,Eligible,Eligible,
apparel cutter,393211,393211,https://www.anzscolookup.com.au/occupations/393211,TRA,Not available,Not available,"Not available, 190: 0 states, 491: 0 states",Ineligible | Not listed,Ineligible | Not listed,Ineligible | Not listed,Ineligible | Not listed,Ineligible | Not listed,Ineligible | Not listed,Eligible | ROL,Ineligible | Not listed,ROL,Not available,Not available,ROL,Not available,Manual verification required,Ineligible,Ineligible,,Ineligible,Ineligible,,Ineligible,Ineligible,,Ineligible,Ineligible,,Ineligible,Ineligible,,Ineligible,Ineligible,,Ineligible,Ineligible,,Ineligible,Ineligible,
Aquaculture Farmer,121111,121111,https://www.anzscolookup.com.au/occupations/121111,VETASSESS,ROL,CSOL,"5 options, 190: 0 states, 491: 5 states",Ineligible | Not listed,Ineligible | Not listed,Eligible | ROL,Ineligible | Not listed,Eligible | CSOL,Eligible | CSOL,Eligible | ROL,Eligible | ROL,"ROL, CSOL",ROL,CSOL,ROL,ROL,VETASSESS,Ineligible,Ineligible,,Ineligible,Eligible,,Ineligible,Ineligible,,Ineligible,Eligible,,Ineligible,Ineligible,,Ineligible,Eligible,,Ineligible,Eligible,,Ineligible,Eligible,
Aquaculture or Fisheries Scientist,234116,234116,https://www.anzscolookup.com.au/occupations/234116,VETASSESS,Not available,CSOL,"Not available, 190: 0 states, 491: 0 states",Ineligible | Not listed,Ineligible | Not listed,Ineligible | Not listed,Ineligible | Not listed,Eligible | CSOL,Eligible | CSOL,Ineligible | Not listed,Ineligible | Not listed,CSOL,Not available,CSOL,Not available,Not available,Manual verification required,Ineligible,Ineligible,,Ineligible,Ineligible,,Ineligible,Ineligible,,Ineligible,Ineligible,,Ineligible,Ineligible,,Ineligible,Ineligible,,Ineligible,Ineligible,,Ineligible,Ineligible,
Aquaculture or Fisheries Technician,311114,311114,https://www.anzscolookup.com.au/occupations/311114,VETASSESS,Not available,CSOL,"Not available, 190: 0 states, 491: 0 states",Ineligible | Not listed,Ineligible | Not listed,Ineligible | Not listed,Ineligible | Not listed,Eligible | CSOL,Eligible | CSOL,Ineligible | Not listed,Ineligible | Not listed,CSOL,Not available,CSOL,Not available,Not available,Manual verification required,Ineligible,Ineligible,,Ineligible,Ineligible,,Ineligible,Ineligible,,Ineligible,Ineligible,,Ineligible,Ineligible,,Ineligible,Ineligible,,Ineligible,Ineligible,,Ineligible,Ineligible,
arborist,362511,362511,https://www.anzscolookup.com.au/occupations/362511,TRA,STSOL,CSOL,"6 options, 190: 3 states, 491: 3 states",Ineligible | Not listed,Eligible | STSOL,Eligible | STSOL,Ineligible | Not listed,Eligible | CSOL,Eligible | CSOL,Eligible | STSOL,Eligible | STSOL,"STSOL, CSOL",STSOL,CSOL,STSOL,STSOL,TRA,Ineligible,Ineligible,,Eligible,Eligible,,Ineligible,Ineligible,,Ineligible,Ineligible,,Ineligible,Ineligible,,Eligible,Eligible,,Eligible,Eligible,,Ineligible,Ineligible,
Arborist,362212,362212,https://www.anzscolookup.com.au/occupations/362212,Manual verification required,"Not available, Not available, Not available","Not available, Not available, Not available","Not available, 190: 0 states, 491: 0 states",Ineligible | Not listed,Ineligible | Not listed,Ineligible | Not listed,Ineligible | Not listed,Ineligible | Not listed,Ineligible | Not listed,Ineligible | Not listed,Ineligible | Not listed,,,,,,,Ineligible,Ineligible,,Ineligible,Ineligible,,Ineligible,Ineligible,,Ineligible,Ineligible,,Ineligible,Ineligible,,Ineligible,Ineligible,,Ineligible,Ineligible,,Ineligible,Ineligible,
archaeologist,272414,272414,https://www.anzscolookup.com.au/occupations/272414,VETASSESS,Not available,Not available,"Not available, 190: 0 states, 491: 0 states",Ineligible | Not listed,Ineligible | Not listed,Ineligible | Not listed,Ineligible | Not listed,Ineligible | Not listed,Ineligible | Not listed,Eligible | ROL,Ineligible | Not listed,ROL,Not available,Not available,ROL,Not available,Manual verification required,Ineligible,Ineligible,,Ineligible,Ineligible,,Ineligible,Ineligible,,Ineligible,Ineligible,,Ineligible,Ineligible,,Ineligible,Ineligible,,Ineligible,Ineligible,,Ineligible,Ineligible,
Architect,232111,232111,https://www.anzscolookup.com.au/occupations/232111,AACA,MLTSSL,CSOL,"14 options, 190: 7 states, 491: 7 states",Eligible | MLTSSL,Eligible | MLTSSL,Eligible | MLTSSL,Eligible | MLTSSL,Eligible | CSOL,Eligible | CSOL,Eligible | MLTSSL,Eligible | MLTSSL,"MLTSSL, CSOL",MLTSSL,CSOL,MLTSSL,MLTSSL,AACA,Eligible,Eligible,,Eligible,Eligible,,Eligible,Eligible,,Ineligible,Ineligible,,Eligible,Eligible,,Eligible,Eligible,,Eligible,Eligible,,Eligible,Eligible,
Architectural Draftsperson,312111,312111,https://www.anzscolookup.com.au/occupations/312111,VETASSESS,STSOL,CSOL,"16 options, 190: 8 states, 491: 8 states",Ineligible | Not listed,Eligible | STSOL,Eligible | STSOL,Ineligible | Not listed,Eligible | CSOL,Eligible | CSOL,Eligible | ROL,Eligible | STSOL,"STSOL, CSOL, ROL",STSOL,CSOL,ROL,STSOL,VETASSESS,Eligible,Eligible,,Eligible,Eligible,,Eligible,Eligible,,Eligible,Eligible,,Eligible,Eligible,,Eligible,Eligible,,Eligible,Eligible,,Eligible,Eligible,
"Architectural, Building And Surveying Technicians (NEC)",312199,312199,https://www.anzscolookup.com.au/occupations/312199,VETASSESS,STSOL,CSOL,"16 options, 190: 8 states, 491: 8 states",Ineligible | Not listed,Eligible | STSOL,Eligible | STSOL,Ineligible | Not listed,Eligible | CSOL,Eligible | CSOL,Eligible | ROL,Eligible | STSOL,"STSOL, CSOL, ROL",STSOL,CSOL,ROL,STSOL,VETASSESS,Eligible,Eligible,,Eligible,Eligible,,Eligible,Eligible,,Eligible,Eligible,,Eligible,Eligible,,Eligible,Eligible,,Eligible,Eligible,,Eligible,Eligible,
archivist,224211,224211,https://www.anzscolookup.com.au/occupations/224211,VETASSESS,Not available,Not available,"Not available, 190: 0 states, 491: 0 states",Ineligible | Not listed,Ineligible | Not listed,Ineligible | Not listed,Ineligible | Not listed,Ineligible | Not listed,Ineligible | Not listed,Eligible | ROL,Ineligible | Not listed,ROL,Not available,Not available,ROL,Not available,Manual verification required,Ineligible,Ineligible,,Ineligible,Ineligible,,Ineligible,Ineligible,,Ineligible,Ineligible,,Ineligible,Ineligible,,Ineligible,Ineligible,,Ineligible,Ineligible,,Ineligible,Ineligible,
"art director (film, television or stage)",212311,212311,https://www.anzscolookup.com.au/occupations/212311,VETASSESS,Not available,Not available,"Not available, 190: 0 states, 491: 0 states",Ineligible | Not listed,Ineligible | Not listed,Ineligible | Not listed,Ineligible | Not listed,Ineligible | Not listed,Ineligible | Not listed,Eligible | ROL,Ineligible | Not listed,ROL,Not available,Not available,ROL,Not available,Manual verification required,Ineligible,Ineligible,,Ineligible,Ineligible,,Ineligible,Ineligible,,Ineligible,Ineligible,,Ineligible,Ineligible,,Ineligible,Ineligible,,Ineligible,Ineligible,,Ineligible,Ineligible,
Art Teacher (Private Tuition),249211,249211,https://www.anzscolookup.com.au/occupations/249211,VETASSESS,STSOL,Not available,"6 options, 190: 3 states, 491: 3 states",Ineligible | Not listed,Eligible | STSOL,Eligible | STSOL,Ineligible | Not listed,Ineligible | Not listed,Ineligible | Not listed,Eligible | ROL,Eligible | STSOL,"STSOL, ROL",STSOL,Not available,ROL,STSOL,VETASSESS,Ineligible,Ineligible,,Eligible,Eligible,,Ineligible,Ineligible,,Ineligible,Ineligible,,Ineligible,Ineligible,,Eligible,Eligible,,Eligible,Eligible,,Ineligible,Ineligible,
Artistic Director,212111,212111,https://www.anzscolookup.com.au/occupations/212111,VETASSESS,MLTSSL,CSOL,"6 options, 190: 3 states, 491: 3 states",Eligible | MLTSSL,Eligible | MLTSSL,Eligible | MLTSSL,Eligible | MLTSSL,Eligible | CSOL,Eligible | CSOL,Eligible | MLTSSL,Eligible | MLTSSL,"MLTSSL, CSOL",MLTSSL,CSOL,MLTSSL,MLTSSL,VETASSESS,Ineligible,Ineligible,,Eligible,Eligible,,Ineligible,Ineligible,,Ineligible,Ineligible,,Ineligible,Ineligible,,Eligible,Eligible,,Eligible,Eligible,,Ineligible,Ineligible,
Arts Administrator Or Manager,139911,139911,https://www.anzscolookup.com.au/occupations/139911,VETASSESS,MLTSSL,CSOL,"12 options, 190: 6 states, 491: 6 states",Eligible | MLTSSL,Eligible | MLTSSL,Eligible | MLTSSL,Eligible | MLTSSL,Eligible | CSOL,Eligible | CSOL,Eligible | MLTSSL,Eligible | MLTSSL,"MLTSSL, CSOL",MLTSSL,CSOL,MLTSSL,MLTSSL,VETASSESS,Eligible,Eligible,,Eligible,Eligible,,Ineligible,Ineligible,,Ineligible,Ineligible,,Eligible,Eligible,,Eligible,Eligible,,Eligible,Eligible,,Eligible,Eligible,
auctioneer,611111,611111,https://www.anzscolookup.com.au/occupations/611111,VETASSESS,Not available,Not available,"Not available, 190: 0 states, 491: 0 states",Ineligible | Not listed,Ineligible | Not listed,Ineligible | Not listed,Ineligible | Not listed,Ineligible | Not listed,Ineligible | Not listed,Eligible | ROL,Ineligible | Not listed,ROL,Not available,Not available,ROL,Not available,Manual verification required,Ineligible,Ineligible,,Ineligible,Ineligible,,Ineligible,Ineligible,,Ineligible,Ineligible,,Ineligible,Ineligible,,Ineligible,Ineligible,,Ineligible,Ineligible,,Ineligible,Ineligible,
Audiologist,252711,252711,https://www.anzscolookup.com.au/occupations/252711,VETASSESS,MLTSSL,CSOL,"16 options, 190: 8 states, 491: 8 states",Eligible | MLTSSL,Eligible | MLTSSL,Eligible | MLTSSL,Eligible | MLTSSL,Eligible | CSOL,Eligible | CSOL,Eligible | MLTSSL,Eligible | MLTSSL,"MLTSSL, CSOL",MLTSSL,CSOL,MLTSSL,MLTSSL,VETASSESS,Eligible,Eligible,,Eligible,Eligible,,Eligible,Eligible,,Eligible,Eligible,,Eligible,Eligible,,Eligible,Eligible,,Eligible,Eligible,,Eligible,Eligible,
author,212211,212211,https://www.anzscolookup.com.au/occupations/212211,VETASSESS,Not available,Not available,"Not available, 190: 0 states, 491: 0 states",Ineligible | Not listed,Ineligible | Not listed,Ineligible | Not listed,Ineligible | Not listed,Ineligible | Not listed,Ineligible | Not listed,Eligible | ROL,Ineligible | Not listed,ROL,Not available,Not available,ROL,Not available,Manual verification required,Ineligible,Ineligible,,Ineligible,Ineligible,,Ineligible,Ineligible,,Ineligible,Ineligible,,Ineligible,Ineligible,,Ineligible,Ineligible,,Ineligible,Ineligible,,Ineligible,Ineligible,
Automotive Electrician,321111,321111,https://www.anzscolookup.com.au/occupations/321111,TRA,MLTSSL,CSOL,"14 options, 190: 6 states, 491: 8 states",Eligible | MLTSSL,Eligible | MLTSSL,Eligible | MLTSSL,Eligible | MLTSSL,Eligible | CSOL,Eligible | CSOL,Eligible | MLTSSL,Eligible | MLTSSL,"MLTSSL, CSOL",MLTSSL,CSOL,MLTSSL,MLTSSL,TRA,Eligible,Eligible,,Eligible,Eligible,,Eligible,Eligible,,Ineligible,Eligible,,Ineligible,Eligible,,Eligible,Eligible,,Eligible,Eligible,,Eligible,Eligible,
Baker,351111,351111,https://www.anzscolookup.com.au/occupations/351111,TRA,STSOL,CSOL,"9 options, 190: 4 states, 491: 5 states",Ineligible | Not listed,Eligible | STSOL,Eligible | STSOL,Ineligible | Not listed,Eligible | CSOL,Eligible | CSOL,Eligible | ROL,Eligible | STSOL,"STSOL, CSOL, ROL",STSOL,CSOL,ROL,STSOL,TRA,Ineligible,Ineligible,,Eligible,Eligible,,Ineligible,Ineligible,,Ineligible,Ineligible,,Ineligible,Eligible,,Eligible,Eligible,,Eligible,Eligible,,Eligible,Eligible,
Barrister,271111,271111,https://www.anzscolookup.com.au/occupations/271111,a legal admissions authority of a State or Territory,MLTSSL,CSOL,"10 options, 190: 5 states, 491: 5 states",Eligible | MLTSSL,Eligible | MLTSSL,Eligible | MLTSSL,Eligible | MLTSSL,Eligible | CSOL,Eligible | CSOL,Eligible | MLTSSL,Eligible | MLTSSL,"MLTSSL, CSOL",MLTSSL,CSOL,MLTSSL,MLTSSL,a legal admissions authority of a State or Territory,Ineligible,Ineligible,,Eligible,Eligible,,Ineligible,Ineligible,,Ineligible,Ineligible,,Eligible,Eligible,,Eligible,Eligible,,Eligible,Eligible,,Eligible,Eligible,
Beauty Therapist,451111,451111,https://www.anzscolookup.com.au/occupations/451111,VETASSESS,Not available,CSOL,"Not available, 190: 0 states, 491: 0 states",Ineligible | Not listed,Ineligible | Not listed,Ineligible | Not listed,Ineligible | Not listed,Eligible | CSOL,Eligible | CSOL,Ineligible | Not listed,Ineligible | Not listed,CSOL,Not available,CSOL,Not available,Not available,Manual verification required,Ineligible,Ineligible,,Ineligible,Ineligible,,Ineligible,Ineligible,,Ineligible,Ineligible,,Ineligible,Ineligible,,Ineligible,Ineligible,,Ineligible,Ineligible,,Ineligible,Ineligible,
bed and breakfast operator,141911,141911,https://www.anzscolookup.com.au/occupations/141911,VETASSESS,Not available,Not available,"Not available, 190: 0 states, 491: 0 states",Ineligible | Not listed,Ineligible | Not listed,Ineligible | Not listed,Ineligible | Not listed,Ineligible | Not listed,Ineligible | Not listed,Eligible | ROL,Ineligible | Not listed,ROL,Not available,Not available,ROL,Not available,Manual verification required,Ineligible,Ineligible,,Ineligible,Ineligible,,Ineligible,Ineligible,,Ineligible,Ineligible,,Ineligible,Ineligible,,Ineligible,Ineligible,,Ineligible,Ineligible,,Ineligible,Ineligible,
Beef Cattle Farmer,121312,121312,https://www.anzscolookup.com.au/occupations/121312,VETASSESS,ROL,Not available,"5 options, 190: 0 states, 491: 5 states",Ineligible | Not listed,Ineligible | Not listed,Eligible | ROL,Ineligible | Not listed,Ineligible | Not listed,Ineligible | Not listed,Eligible | ROL,Eligible | ROL,ROL,ROL,Not available,ROL,ROL,VETASSESS,Ineligible,Ineligible,,Ineligible,Eligible,,Ineligible,Ineligible,,Ineligible,Eligible,,Ineligible,Ineligible,,Ineligible,Eligible,,Ineligible,Eligible,,Ineligible,Eligible,
betting agency manager,142113,142113,https://www.anzscolookup.com.au/occupations/142113,VETASSESS,Not available,Not available,"Not available, 190: 0 states, 491: 0 states",Ineligible | Not listed,Ineligible | Not listed,Ineligible | Not listed,Ineligible | Not listed,Ineligible | Not listed,Ineligible | Not listed,Eligible | ROL,Ineligible | Not listed,ROL,Not available,Not available,ROL,Not available,Manual verification required,Ineligible,Ineligible,,Ineligible,Ineligible,,Ineligible,Ineligible,,Ineligible,Ineligible,,Ineligible,Ineligible,,Ineligible,Ineligible,,Ineligible,Ineligible,,Ineligible,Ineligible,
Biochemist,234513,234513,https://www.anzscolookup.com.au/occupations/234513,VETASSESS,MLTSSL,CSOL,"12 options, 190: 6 states, 491: 6 states",Eligible | MLTSSL,Eligible | MLTSSL,Eligible | MLTSSL,Eligible | MLTSSL,Eligible | CSOL,Eligible | CSOL,Eligible | MLTSSL,Eligible | MLTSSL,"MLTSSL, CSOL",MLTSSL,CSOL,MLTSSL,MLTSSL,VETASSESS,Ineligible,Ineligible,,Eligible,Eligible,,Ineligible,Ineligible,,Eligible,Eligible,,Eligible,Eligible,,Eligible,Eligible,,Eligible,Eligible,,Eligible,Eligible,
Biomedical Engineer,233913,233913,https://www.anzscolookup.com.au/occupations/233913,Engineers Australia,MLTSSL,CSOL,"16 options, 190: 8 states, 491: 8 states",Eligible | MLTSSL,Eligible | MLTSSL,Eligible | MLTSSL,Eligible | MLTSSL,Eligible | CSOL,Eligible | CSOL,Eligible | MLTSSL,Eligible | MLTSSL,"MLTSSL, CSOL",MLTSSL,CSOL,MLTSSL,MLTSSL,Engineers Australia,Eligible,Eligible,,Eligible,Eligible,,Eligible,Eligible,,Eligible,Eligible,,Eligible,Eligible,,Eligible,Eligible,,Eligible,Eligible,,Eligible,Eligible,
Biotechnologist,234514,234514,https://www.anzscolookup.com.au/occupations/234514,VETASSESS,MLTSSL,Not available,"12 options, 190: 6 states, 491: 6 states",Eligible | MLTSSL,Eligible | MLTSSL,Eligible | MLTSSL,Eligible | MLTSSL,Ineligible | Not listed,Ineligible | Not listed,Eligible | MLTSSL,Eligible | MLTSSL,MLTSSL,MLTSSL,Not available,MLTSSL,MLTSSL,VETASSESS,Ineligible,Ineligible,,Eligible,Eligible,,Ineligible,Ineligible,,Eligible,Eligible,,Eligible,Eligible,,Eligible,Eligible,,Eligible,Eligible,,Eligible,Eligible,
blacksmith,322111,322111,https://www.anzscolookup.com.au/occupations/322111,TRA,Not available,Not available,"Not available, 190: 0 states, 491: 0 states",Ineligible | Not listed,Ineligible | Not listed,Ineligible | Not listed,Ineligible | Not listed,Ineligible | Not listed,Ineligible | Not listed,Eligible | ROL,Ineligible | Not listed,ROL,Not available,Not available,ROL,Not available,Manual verification required,Ineligible,Ineligible,,Ineligible,Ineligible,,Ineligible,Ineligible,,Ineligible,Ineligible,,Ineligible,Ineligible,,Ineligible,Ineligible,,Ineligible,Ineligible,,Ineligible,Ineligible,
Boarding Kennel or Cattery Operator,149911,149911,https://www.anzscolookup.com.au/occupations/149911,VETASSESS,Not available,CSOL,"Not available, 190: 0 states, 491: 0 states",Ineligible | Not listed,Ineligible | Not listed,Ineligible | Not listed,Ineligible | Not listed,Eligible | CSOL,Eligible | CSOL,Eligible | ROL,Ineligible | Not listed,"CSOL, ROL",Not available,CSOL,ROL,Not available,Manual verification required,Ineligible,Ineligible,,Ineligible,Ineligible,,Ineligible,Ineligible,,Ineligible,Ineligible,,Ineligible,Ineligible,,Ineligible,Ineligible,,Ineligible,Ineligible,,Ineligible,Ineligible,
Boat Builder And Repairer,399111,399111,https://www.anzscolookup.com.au/occupations/399111,TRA,MLTSSL,CSOL,"7 options, 190: 3 states, 491: 4 states",Eligible | MLTSSL,Eligible | MLTSSL,Eligible | MLTSSL,Eligible | MLTSSL,Eligible | CSOL,Eligible | CSOL,Eligible | MLTSSL,Eligible | MLTSSL,"MLTSSL, CSOL",MLTSSL,CSOL,MLTSSL,MLTSSL,TRA,Ineligible,Ineligible,,Eligible,Eligible,,Ineligible,Ineligible,,Ineligible,Eligible,,Ineligible,Ineligible,,Eligible,Eligible,,Eligible,Eligible,,Ineligible,Ineligible,
Book Or Script Editor,212212,212212,https://www.anzscolookup.com.au/occupations/212212,VETASSESS,STSOL,Not available,"6 options, 190: 3 states, 491: 3 states",Ineligible | Not listed,Eligible | STSOL,Eligible | STSOL,Ineligible | Not listed,Ineligible | Not listed,Ineligible | Not listed,Eligible | ROL,Eligible | STSOL,"STSOL, ROL",STSOL,Not available,ROL,STSOL,VETASSESS,Ineligible,Ineligible,,Eligible,Eligible,,Ineligible,Ineligible,,Ineligible,Ineligible,,Ineligible,Ineligible,,Eligible,Eligible,,Eligible,Eligible,,Ineligible,Ineligible,
Botanist,234515,234515,https://www.anzscolookup.com.au/occupations/234515,VETASSESS,MLTSSL,CSOL,"10 options, 190: 5 states, 491: 5 states",Eligible | MLTSSL,Eligible | MLTSSL,Eligible | MLTSSL,Eligible | MLTSSL,Eligible | CSOL,Eligible | CSOL,Eligible | MLTSSL,Eligible | MLTSSL,"MLTSSL, CSOL",MLTSSL,CSOL,MLTSSL,MLTSSL,VETASSESS,Ineligible,Ineligible,,Eligible,Eligible,,Ineligible,Ineligible,,Ineligible,Ineligible,,Eligible,Eligible,,Eligible,Eligible,,Eligible,Eligible,,Eligible,Eligible,
Bricklayer,331111,331111,https://www.anzscolookup.com.au/occupations/331111,TRA,MLTSSL,CSOL,"16 options, 190: 8 states, 491: 8 states",Eligible | MLTSSL,Eligible | MLTSSL,Eligible | MLTSSL,Eligible | MLTSSL,Eligible | CSOL,Eligible | CSOL,Eligible | MLTSSL,Eligible | MLTSSL,"MLTSSL, CSOL",MLTSSL,CSOL,MLTSSL,MLTSSL,TRA,Eligible,Eligible,,Eligible,Eligible,,Eligible,Eligible,,Eligible,Eligible,,Eligible,Eligible,,Eligible,Eligible,,Eligible,Eligible,,Eligible,Eligible,
broadcast transmitter operator,399511,399511,https://www.anzscolookup.com.au/occupations/399511,TRA,Not available,Not available,"Not available, 190: 0 states, 491: 0 states",Ineligible | Not listed,Ineligible | Not listed,Ineligible | Not listed,Ineligible | Not listed,Ineligible | Not listed,Ineligible | Not listed,Eligible | ROL,Ineligible | Not listed,ROL,Not available,Not available,ROL,Not available,Manual verification required,Ineligible,Ineligible,,Ineligible,Ineligible,,Ineligible,Ineligible,,Ineligible,Ineligible,,Ineligible,Ineligible,,Ineligible,Ineligible,,Ineligible,Ineligible,,Ineligible,Ineligible,
Building And Engineering Technicians (NEC),312999,312999,https://www.anzscolookup.com.au/occupations/312999,VETASSESS / Engineers Australia,ROL,CSOL,"8 options, 190: 0 states, 491: 8 states",Ineligible | Not listed,Ineligible | Not listed,Eligible | ROL,Ineligible | Not listed,Eligible | CSOL,Eligible | CSOL,Eligible | ROL,Eligible | ROL,"ROL, CSOL",ROL,CSOL,ROL,ROL,"VETASSESS, Engineers Australia",Ineligible,Eligible,,Ineligible,Eligible,,Ineligible,Eligible,,Ineligible,Eligible,,Ineligible,Eligible,,Ineligible,Eligible,,Ineligible,Eligible,,Ineligible,Eligible,
Building Associate,312112,312112,https://www.anzscolookup.com.au/occupations/312112,VETASSESS,Not available,CSOL,"Not available, 190: 0 states, 491: 0 states",Ineligible | Not listed,Ineligible | Not listed,Ineligible | Not listed,Ineligible | Not listed,Eligible | CSOL,Eligible | CSOL,Eligible | ROL,Ineligible | Not listed,"CSOL, ROL",Not available,CSOL,ROL,Not available,Manual verification required,Ineligible,Ineligible,,Ineligible,Ineligible,,Ineligible,Ineligible,,Ineligible,Ineligible,,Ineligible,Ineligible,,Ineligible,Ineligible,,Ineligible,Ineligible,,Ineligible,Ineligible,
Building Inspector,312113,312113,https://www.anzscolookup.com.au/occupations/312113,VETASSESS,STSOL,CSOL,"16 options, 190: 8 states, 491: 8 states",Ineligible | Not listed,Eligible | STSOL,Eligible | STSOL,Ineligible | Not listed,Eligible | CSOL,Eligible | CSOL,Eligible | ROL,Eligible | STSOL,"STSOL, CSOL, ROL",STSOL,CSOL,ROL,STSOL,VETASSESS,Eligible,Eligible,,Eligible,Eligible,,Eligible,Eligible,,Eligible,Eligible,,Eligible,Eligible,,Eligible,Eligible,,Eligible,Eligible,,Eligible,Eligible,
business broker,612111,612111,https://www.anzscolookup.com.au/occupations/612111,VETASSESS,Not available,Not available,"Not available, 190: 0 states, 491: 0 states",Ineligible | Not listed,Ineligible | Not listed,Ineligible | Not listed,Ineligible | Not listed,Ineligible | Not listed,Ineligible | Not listed,Eligible | ROL,Ineligible | Not listed,ROL,Not available,Not available,ROL,Not available,Manual verification required,Ineligible,Ineligible,,Ineligible,Ineligible,,Ineligible,Ineligible,,Ineligible,Ineligible,,Ineligible,Ineligible,,Ineligible,Ineligible,,Ineligible,Ineligible,,Ineligible,Ineligible,
Business Machine Mechanic,342311,342311,https://www.anzscolookup.com.au/occupations/342311,TRA,STSOL,CSOL,"10 options, 190: 5 states, 491: 5 states",Ineligible | Not listed,Eligible | STSOL,Eligible | STSOL,Ineligible | Not listed,Eligible | CSOL,Eligible | CSOL,Eligible | ROL,Eligible | STSOL,"STSOL, CSOL, ROL",STSOL,CSOL,ROL,STSOL,TRA,Ineligible,Ineligible,,Eligible,Eligible,,Eligible,Eligible,,Ineligible,Ineligible,,Eligible,Eligible,,Eligible,Eligible,,Eligible,Eligible,,Ineligible,Ineligible,
Butcher Or Smallgoods Maker,351211,351211,https://www.anzscolookup.com.au/occupations/351211,TRA,STSOL,CSOL,"12 options, 190: 6 states, 491: 6 states",Ineligible | Not listed,Eligible | STSOL,Eligible | STSOL,Ineligible | Not listed,Eligible | CSOL,Eligible | CSOL,Eligible | ROL,Eligible | STSOL,"STSOL, CSOL, ROL",STSOL,CSOL,ROL,STSOL,TRA,Eligible,Eligible,,Eligible,Eligible,,Ineligible,Ineligible,,Ineligible,Ineligible,,Eligible,Eligible,,Eligible,Eligible,,Eligible,Eligible,,Eligible,Eligible,
Cabinet Maker,394112,394112,https://www.anzscolookup.com.au/occupations/394112,TRA,Not available,CSOL,"Not available, 190: 0 states, 491: 0 states",Ineligible | Not listed,Ineligible | Not listed,Ineligible | Not listed,Ineligible | Not listed,Eligible | CSOL,Eligible | CSOL,Ineligible | Not listed,Ineligible | Not listed,CSOL,Not available,CSOL,Not available,Not available,Manual verification required,Ineligible,Ineligible,,Ineligible,Ineligible,,Ineligible,Ineligible,,Ineligible,Ineligible,,Ineligible,Ineligible,,Ineligible,Ineligible,,Ineligible,Ineligible,,Ineligible,Ineligible,
Cabinetmaker,394111,394111,https://www.anzscolookup.com.au/occupations/394111,TRA,MLTSSL,Not available,"14 options, 190: 7 states, 491: 7 states",Eligible | MLTSSL,Eligible | MLTSSL,Eligible | MLTSSL,Eligible | MLTSSL,Ineligible | Not listed,Ineligible | Not listed,Eligible | MLTSSL,Eligible | MLTSSL,MLTSSL,MLTSSL,Not available,MLTSSL,MLTSSL,TRA,Ineligible,Ineligible,,Eligible,Eligible,,Eligible,Eligible,,Eligible,Eligible,,Eligible,Eligible,,Eligible,Eligible,,Eligible,Eligible,,Eligible,Eligible,
Cabler (Data And Telecommunications),342411,342411,https://www.anzscolookup.com.au/occupations/342411,TRA,STSOL,CSOL,"14 options, 190: 7 states, 491: 7 states",Ineligible | Not listed,Eligible | STSOL,Eligible | STSOL,Ineligible | Not listed,Eligible | CSOL,Eligible | CSOL,Eligible | ROL,Eligible | STSOL,"STSOL, CSOL, ROL",STSOL,CSOL,ROL,STSOL,TRA,Eligible,Eligible,,Eligible,Eligible,,Eligible,Eligible,,Ineligible,Ineligible,,Eligible,Eligible,,Eligible,Eligible,,Eligible,Eligible,,Eligible,Eligible,
Cafe Or Restaurant Manager,141111,141111,https://www.anzscolookup.com.au/occupations/141111,VETASSESS,STSOL,Not available,"12 options, 190: 5 states, 491: 7 states",Ineligible | Not listed,Eligible | STSOL,Eligible | STSOL,Ineligible | Not listed,Ineligible | Not listed,Ineligible | Not listed,Eligible | ROL,Eligible | STSOL,"STSOL, ROL",STSOL,Not available,ROL,STSOL,VETASSESS,Eligible,Eligible,,Eligible,Eligible,,Ineligible,Ineligible,,Ineligible,Eligible,,Ineligible,Eligible,,Eligible,Eligible,,Eligible,Eligible,,Eligible,Eligible,
call or contact centre manager,149211,149211,https://www.anzscolookup.com.au/occupations/149211,VETASSESS,Not available,Not available,"Not available, 190: 0 states, 491: 0 states",Ineligible | Not listed,Ineligible | Not listed,Ineligible | Not listed,Ineligible | Not listed,Ineligible | Not listed,Ineligible | Not listed,Eligible | ROL,Ineligible | Not listed,ROL,Not available,Not available,ROL,Not available,Manual verification required,Ineligible,Ineligible,,Ineligible,Ineligible,,Ineligible,Ineligible,,Ineligible,Ineligible,,Ineligible,Ineligible,,Ineligible,Ineligible,,Ineligible,Ineligible,,Ineligible,Ineligible,
call or contact centre team leader,541111,541111,https://www.anzscolookup.com.au/occupations/541111,VETASSESS,Not available,Not available,"Not available, 190: 0 states, 491: 0 states",Ineligible | Not listed,Ineligible | Not listed,Ineligible | Not listed,Ineligible | Not listed,Ineligible | Not listed,Ineligible | Not listed,Eligible | ROL,Ineligible | Not listed,ROL,Not available,Not available,ROL,Not available,Manual verification required,Ineligible,Ineligible,,Ineligible,Ineligible,,Ineligible,Ineligible,,Ineligible,Ineligible,,Ineligible,Ineligible,,Ineligible,Ineligible,,Ineligible,Ineligible,,Ineligible,Ineligible,
"Camera Operator (Film, Television Or Video)",399512,399512,https://www.anzscolookup.com.au/occupations/399512,TRA,STSOL,Not available,"6 options, 190: 3 states, 491: 3 states",Ineligible | Not listed,Eligible | STSOL,Eligible | STSOL,Ineligible | Not listed,Ineligible | Not listed,Ineligible | Not listed,Eligible | ROL,Eligible | STSOL,"STSOL, ROL",STSOL,Not available,ROL,STSOL,TRA,Ineligible,Ineligible,,Eligible,Eligible,,Ineligible,Ineligible,,Ineligible,Ineligible,,Ineligible,Ineligible,,Eligible,Eligible,,Eligible,Eligible,,Ineligible,Ineligible,
canvas goods fabricator,393111,393111,https://www.anzscolookup.com.au/occupations/393111,TRA,Not available,Not available,"Not available, 190: 0 states, 491: 0 states",Ineligible | Not listed,Ineligible | Not listed,Ineligible | Not listed,Ineligible | Not listed,Ineligible | Not listed,Ineligible | Not listed,Eligible | ROL,Ineligible | Not listed,ROL,Not available,Not available,ROL,Not available,Manual verification required,Ineligible,Ineligible,,Ineligible,Ineligible,,Ineligible,Ineligible,,Ineligible,Ineligible,,Ineligible,Ineligible,,Ineligible,Ineligible,,Ineligible,Ineligible,,Ineligible,Ineligible,
Caravan Park And Camping Ground Manager,141211,141211,https://www.anzscolookup.com.au/occupations/141211,VETASSESS,ROL,Not available,"4 options, 190: 0 states, 491: 4 states",Ineligible | Not listed,Ineligible | Not listed,Eligible | ROL,Ineligible | Not listed,Ineligible | Not listed,Ineligible | Not listed,Eligible | ROL,Eligible | ROL,ROL,ROL,Not available,ROL,ROL,VETASSESS,Ineligible,Ineligible,,Ineligible,Eligible,,Ineligible,Ineligible,,Ineligible,Ineligible,,Ineligible,Ineligible,,Ineligible,Eligible,,Ineligible,Eligible,,Ineligible,Eligible,
Cardiac Technician,311212,311212,https://www.anzscolookup.com.au/occupations/311212,VETASSESS,STSOL,CSOL,"14 options, 190: 7 states, 491: 7 states",Ineligible | Not listed,Eligible | STSOL,Eligible | STSOL,Ineligible | Not listed,Eligible | CSOL,Eligible | CSOL,Eligible | ROL,Eligible | STSOL,"STSOL, CSOL, ROL",STSOL,CSOL,ROL,STSOL,VETASSESS,Eligible,Eligible,,Eligible,Eligible,,Eligible,Eligible,,Ineligible,Ineligible,,Eligible,Eligible,,Eligible,Eligible,,Eligible,Eligible,,Eligible,Eligible,
Cardiologist,253312,253312,https://www.anzscolookup.com.au/occupations/253312,MedBA,MLTSSL,CSOL,"16 options, 190: 8 states, 491: 8 states",Eligible | MLTSSL,Eligible | MLTSSL,Eligible | MLTSSL,Eligible | MLTSSL,Eligible | CSOL,Eligible | CSOL,Eligible | MLTSSL,Eligible | MLTSSL,"MLTSSL, CSOL",MLTSSL,CSOL,MLTSSL,MLTSSL,MedBA,Eligible,Eligible,,Eligible,Eligible,,Eligible,Eligible,,Eligible,Eligible,,Eligible,Eligible,,Eligible,Eligible,,Eligible,Eligible,,Eligible,Eligible,
Cardiothoracic Surgeon,253512,253512,https://www.anzscolookup.com.au/occupations/253512,MedBA,MLTSSL,CSOL,"15 options, 190: 8 states, 491: 7 states",Eligible | MLTSSL,Eligible | MLTSSL,Eligible | MLTSSL,Eligible | MLTSSL,Eligible | CSOL,Eligible | CSOL,Eligible | MLTSSL,Eligible | MLTSSL,"MLTSSL, CSOL",MLTSSL,CSOL,MLTSSL,MLTSSL,MedBA,Eligible,Eligible,,Eligible,Eligible,,Eligible,Ineligible,,Eligible,Eligible,,Eligible,Eligible,,Eligible,Eligible,,Eligible,Eligible,,Eligible,Eligible,
Careers Counsellor,272111,272111,https://www.anzscolookup.com.au/occupations/272111,VETASSESS,STSOL,Not available,"11 options, 190: 5 states, 491: 6 states",Ineligible | Not listed,Eligible | STSOL,Eligible | STSOL,Ineligible | Not listed,Ineligible | Not listed,Ineligible | Not listed,Eligible | ROL,Eligible | STSOL,"STSOL, ROL",STSOL,Not available,ROL,STSOL,VETASSESS,Eligible,Eligible,,Eligible,Eligible,,Ineligible,Ineligible,,Ineligible,Ineligible,,Ineligible,Eligible,,Eligible,Eligible,,Eligible,Eligible,,Eligible,Eligible,
Carpenter,331212,331212,https://www.anzscolookup.com.au/occupations/331212,TRA,MLTSSL,CSOL,"16 options, 190: 8 states, 491: 8 states",Eligible | MLTSSL,Eligible | MLTSSL,Eligible | MLTSSL,Eligible | MLTSSL,Eligible | CSOL,Eligible | CSOL,Eligible | MLTSSL,Eligible | MLTSSL,"MLTSSL, CSOL",MLTSSL,CSOL,MLTSSL,MLTSSL,TRA,Eligible,Eligible,,Eligible,Eligible,,Eligible,Eligible,,Eligible,Eligible,,Eligible,Eligible,,Eligible,Eligible,,Eligible,Eligible,,Eligible,Eligible,
Carpenter And Joiner,331211,331211,https://www.anzscolookup.com.au/occupations/331211,TRA,MLTSSL,CSOL,"16 options, 190: 8 states, 491: 8 states",Eligible | MLTSSL,Eligible | MLTSSL,Eligible | MLTSSL,Eligible | MLTSSL,Eligible | CSOL,Eligible | CSOL,Eligible | MLTSSL,Eligible | MLTSSL,"MLTSSL, CSOL",MLTSSL,CSOL,MLTSSL,MLTSSL,TRA,Eligible,Eligible,,Eligible,Eligible,,Eligible,Eligible,,Eligible,Eligible,,Eligible,Eligible,,Eligible,Eligible,,Eligible,Eligible,,Eligible,Eligible,
Cartographer,232213,232213,https://www.anzscolookup.com.au/occupations/232213,VETASSESS,MLTSSL,CSOL,"12 options, 190: 6 states, 491: 6 states",Eligible | MLTSSL,Eligible | MLTSSL,Eligible | MLTSSL,Eligible | MLTSSL,Eligible | CSOL,Eligible | CSOL,Eligible | MLTSSL,Eligible | MLTSSL,"MLTSSL, CSOL",MLTSSL,CSOL,MLTSSL,MLTSSL,VETASSESS,Ineligible,Ineligible,,Eligible,Eligible,,Eligible,Eligible,,Ineligible,Ineligible,,Eligible,Eligible,,Eligible,Eligible,,Eligible,Eligible,,Eligible,Eligible,
Chef,351311,351311,https://www.anzscolookup.com.au/occupations/351311,TRA,MLTSSL,CSOL,"12 options, 190: 5 states, 491: 7 states",Eligible | MLTSSL,Eligible | MLTSSL,Eligible | MLTSSL,Eligible | MLTSSL,Eligible | CSOL,Eligible | CSOL,Eligible | MLTSSL,Eligible | MLTSSL,"MLTSSL, CSOL",MLTSSL,CSOL,MLTSSL,MLTSSL,TRA,Eligible,Eligible,,Eligible,Eligible,,Ineligible,Ineligible,,Ineligible,Eligible,,Ineligible,Eligible,,Eligible,Eligible,,Eligible,Eligible,,Eligible,Eligible,
Chemical Engineer,233111,233111,https://www.anzscolookup.com.au/occupations/233111,Engineers Australia,MLTSSL,CSOL,"14 options, 190: 7 states, 491: 7 states",Eligible | MLTSSL,Eligible | MLTSSL,Eligible | MLTSSL,Eligible | MLTSSL,Eligible | CSOL,Eligible | CSOL,Eligible | MLTSSL,Eligible | MLTSSL,"MLTSSL, CSOL",MLTSSL,CSOL,MLTSSL,MLTSSL,Engineers Australia,Ineligible,Ineligible,,Eligible,Eligible,,Eligible,Eligible,,Eligible,Eligible,,Eligible,Eligible,,Eligible,Eligible,,Eligible,Eligible,,Eligible,Eligible,
Chemical Plant Operator,399211,399211,https://www.anzscolookup.com.au/occupations/399211,TRA,Not available,CSOL,"Not available, 190: 0 states, 491: 0 states",Ineligible | Not listed,Ineligible | Not listed,Ineligible | Not listed,Ineligible | Not listed,Eligible | CSOL,Eligible | CSOL,Eligible | ROL,Ineligible | Not listed,"CSOL, ROL",Not available,CSOL,ROL,Not available,Manual verification required,Ineligible,Ineligible,,Ineligible,Ineligible,,Ineligible,Ineligible,,Ineligible,Ineligible,,Ineligible,Ineligible,,Ineligible,Ineligible,,Ineligible,Ineligible,,Ineligible,Ineligible,
Chemist,234211,234211,https://www.anzscolookup.com.au/occupations/234211,VETASSESS,MLTSSL,CSOL,"14 options, 190: 7 states, 491: 7 states",Eligible | MLTSSL,Eligible | MLTSSL,Eligible | MLTSSL,Eligible | MLTSSL,Eligible | CSOL,Eligible | CSOL,Eligible | MLTSSL,Eligible | MLTSSL,"MLTSSL, CSOL",MLTSSL,CSOL,MLTSSL,MLTSSL,VETASSESS,Ineligible,Ineligible,,Eligible,Eligible,,Eligible,Eligible,,Eligible,Eligible,,Eligible,Eligible,,Eligible,Eligible,,Eligible,Eligible,,Eligible,Eligible,
Chemistry Technician,311411,311411,https://www.anzscolookup.com.au/occupations/311411,VETASSESS,STSOL,CSOL,"10 options, 190: 5 states, 491: 5 states",Ineligible | Not listed,Eligible | STSOL,Eligible | STSOL,Ineligible | Not listed,Eligible | CSOL,Eligible | CSOL,Eligible | ROL,Eligible | STSOL,"STSOL, CSOL, ROL",STSOL,CSOL,ROL,STSOL,VETASSESS,Eligible,Eligible,,Eligible,Eligible,,Ineligible,Ineligible,,Ineligible,Ineligible,,Eligible,Eligible,,Eligible,Eligible,,Eligible,Eligible,,Ineligible,Ineligible,
Chief Executive or Managing Director,111111,111111,https://www.anzscolookup.com.au/occupations/111111,IML,Not available,CSOL,"Not available, 190: 0 states, 491: 0 states",Ineligible | Not listed,Ineligible | Not listed,Ineligible | Not listed,Ineligible | Not listed,Eligible | CSOL,Eligible | CSOL,Eligible | MLTSSL,Eligible | MLTSSL,"CSOL, MLTSSL",Not available,CSOL,MLTSSL,MLTSSL,Manual verification required,Ineligible,Ineligible,,Ineligible,Ineligible,,Ineligible,Ineligible,,Ineligible,Ineligible,,Ineligible,Ineligible,,Ineligible,Ineligible,,Ineligible,Ineligible,,Ineligible,Ineligible,
Chief Information Officer,135111,135111,https://www.anzscolookup.com.au/occupations/135111,ACS,Not available,CSOL,"Not available, 190: 0 states, 491: 0 states",Ineligible | Not listed,Ineligible | Not listed,Ineligible | Not listed,Ineligible | Not listed,Eligible | CSOL,Eligible | CSOL,Eligible | MLTSSL,Eligible | MLTSSL,"CSOL, MLTSSL",Not available,CSOL,MLTSSL,MLTSSL,Manual verification required,Ineligible,Ineligible,,Ineligible,Ineligible,,Ineligible,Ineligible,,Ineligible,Ineligible,,Ineligible,Ineligible,,Ineligible,Ineligible,,Ineligible,Ineligible,,Ineligible,Ineligible,
Child Care Centre Manager,134111,134111,https://www.anzscolookup.com.au/occupations/134111,ACECQA,MLTSSL,Not available,"15 options, 190: 7 states, 491: 8 states",Eligible | MLTSSL,Eligible | MLTSSL,Eligible | MLTSSL,Eligible | MLTSSL,Ineligible | Not listed,Ineligible | Not listed,Eligible | MLTSSL,Eligible | MLTSSL,MLTSSL,MLTSSL,Not available,MLTSSL,MLTSSL,ACECQA,Eligible,Eligible,,Eligible,Eligible,,Eligible,Eligible,,Ineligible,Eligible,,Eligible,Eligible,,Eligible,Eligible,,Eligible,Eligible,,Eligible,Eligible,
Child Care Worker,421111,421111,https://www.anzscolookup.com.au/occupations/421111,ACECQA,Not available,CSOL,"Not available, 190: 0 states, 491: 0 states",Ineligible | Not listed,Ineligible | Not listed,Ineligible | Not listed,Ineligible | Not listed,Eligible | CSOL,Eligible | CSOL,Eligible | ROL,Ineligible | Not listed,"CSOL, ROL",Not available,CSOL,ROL,Not available,Manual verification required,Ineligible,Ineligible,,Ineligible,Ineligible,,Ineligible,Ineligible,,Ineligible,Ineligible,,Ineligible,Ineligible,,Ineligible,Ineligible,,Ineligible,Ineligible,,Ineligible,Ineligible,
Chiropractor,252111,252111,https://www.anzscolookup.com.au/occupations/252111,CCEA,MLTSSL,Not available,"13 options, 190: 7 states, 491: 6 states",Eligible | MLTSSL,Eligible | MLTSSL,Eligible | MLTSSL,Eligible | MLTSSL,Ineligible | Not listed,Ineligible | Not listed,Eligible | MLTSSL,Eligible | MLTSSL,MLTSSL,MLTSSL,Not available,MLTSSL,MLTSSL,CCEA,Eligible,Eligible,,Eligible,Eligible,,Eligible,Ineligible,,Ineligible,Ineligible,,Eligible,Eligible,,Eligible,Eligible,,Eligible,Eligible,,Eligible,Eligible,
Cinema Or Theatre Manager,149912,149912,https://www.anzscolookup.com.au/occupations/149912,VETASSESS,ROL,CSOL,"4 options, 190: 0 states, 491: 4 states",Ineligible | Not listed,Ineligible | Not listed,Eligible | ROL,Ineligible | Not listed,Eligible | CSOL,Eligible | CSOL,Eligible | ROL,Eligible | ROL,"ROL, CSOL",ROL,CSOL,ROL,ROL,VETASSESS,Ineligible,Ineligible,,Ineligible,Eligible,,Ineligible,Ineligible,,Ineligible,Ineligible,,Ineligible,Ineligible,,Ineligible,Eligible,,Ineligible,Eligible,,Ineligible,Eligible,
Civil Engineer,233211,233211,https://www.anzscolookup.com.au/occupations/233211,Engineers Australia,MLTSSL,CSOL,"16 options, 190: 8 states, 491: 8 states",Eligible | MLTSSL,Eligible | MLTSSL,Eligible | MLTSSL,Eligible | MLTSSL,Eligible | CSOL,Eligible | CSOL,Eligible | MLTSSL,Eligible | MLTSSL,"MLTSSL, CSOL",MLTSSL,CSOL,MLTSSL,MLTSSL,Engineers Australia,Eligible,Eligible,,Eligible,Eligible,,Eligible,Eligible,,Eligible,Eligible,,Eligible,Eligible,,Eligible,Eligible,,Eligible,Eligible,,Eligible,Eligible,
Civil Engineering Draftsperson,312211,312211,https://www.anzscolookup.com.au/occupations/312211,Engineers Australia / VETASSESS,MLTSSL,CSOL,"16 options, 190: 8 states, 491: 8 states",Eligible | MLTSSL,Eligible | MLTSSL,Eligible | MLTSSL,Eligible | MLTSSL,Eligible | CSOL,Eligible | CSOL,Eligible | MLTSSL,Eligible | MLTSSL,"MLTSSL, CSOL",MLTSSL,CSOL,MLTSSL,MLTSSL,"Engineers Australia, VETASSESS",Eligible,Eligible,,Eligible,Eligible,,Eligible,Eligible,,Eligible,Eligible,,Eligible,Eligible,,Eligible,Eligible,,Eligible,Eligible,,Eligible,Eligible,
Civil Engineering Technician,312212,312212,https://www.anzscolookup.com.au/occupations/312212,VETASSESS,MLTSSL,CSOL,"16 options, 190: 8 states, 491: 8 states",Eligible | MLTSSL,Eligible | MLTSSL,Eligible | MLTSSL,Eligible | MLTSSL,Eligible | CSOL,Eligible | CSOL,Eligible | MLTSSL,Eligible | MLTSSL,"MLTSSL, CSOL",MLTSSL,CSOL,MLTSSL,MLTSSL,VETASSESS,Eligible,Eligible,,Eligible,Eligible,,Eligible,Eligible,,Eligible,Eligible,,Eligible,Eligible,,Eligible,Eligible,,Eligible,Eligible,,Eligible,Eligible,
Clerk of Court,599211,599211,https://www.anzscolookup.com.au/occupations/599211,VETASSESS,Not available,CSOL,"Not available, 190: 0 states, 491: 0 states",Ineligible | Not listed,Ineligible | Not listed,Ineligible | Not listed,Ineligible | Not listed,Eligible | CSOL,Eligible | CSOL,Eligible | ROL,Ineligible | Not listed,"CSOL, ROL",Not available,CSOL,ROL,Not available,Manual verification required,Ineligible,Ineligible,,Ineligible,Ineligible,,Ineligible,Ineligible,,Ineligible,Ineligible,,Ineligible,Ineligible,,Ineligible,Ineligible,,Ineligible,Ineligible,,Ineligible,Ineligible,
Clinical Coder,599915,599915,https://www.anzscolookup.com.au/occupations/599915,an information and organisation professional / an information and organisation professional,ROL,CSOL,"5 options, 190: 0 states, 491: 5 states",Ineligible | Not listed,Ineligible | Not listed,Eligible | ROL,Ineligible | Not listed,Eligible | CSOL,Eligible | CSOL,Eligible | ROL,Eligible | ROL,"ROL, CSOL",ROL,CSOL,ROL,ROL,"an information and organisation professional, an information and organisation professional",Ineligible,Ineligible,,Ineligible,Eligible,,Ineligible,Ineligible,,Ineligible,Ineligible,,Ineligible,Eligible,,Ineligible,Eligible,,Ineligible,Eligible,,Ineligible,Eligible,
Clinical Haematologist,253313,253313,https://www.anzscolookup.com.au/occupations/253313,MedBA,MLTSSL,CSOL,"16 options, 190: 8 states, 491: 8 states",Eligible | MLTSSL,Eligible | MLTSSL,Eligible | MLTSSL,Eligible | MLTSSL,Eligible | CSOL,Eligible | CSOL,Eligible | MLTSSL,Eligible | MLTSSL,"MLTSSL, CSOL",MLTSSL,CSOL,MLTSSL,MLTSSL,MedBA,Eligible,Eligible,,Eligible,Eligible,,Eligible,Eligible,,Eligible,Eligible,,Eligible,Eligible,,Eligible,Eligible,,Eligible,Eligible,,Eligible,Eligible,
Clinical Psychologist,272311,272311,https://www.anzscolookup.com.au/occupations/272311,APS,MLTSSL,CSOL,"16 options, 190: 8 states, 491: 8 states",Eligible | MLTSSL,Eligible | MLTSSL,Eligible | MLTSSL,Eligible | MLTSSL,Eligible | CSOL,Eligible | CSOL,Eligible | MLTSSL,Eligible | MLTSSL,"MLTSSL, CSOL",MLTSSL,CSOL,MLTSSL,MLTSSL,APS,Eligible,Eligible,,Eligible,Eligible,,Eligible,Eligible,,Eligible,Eligible,,Eligible,Eligible,,Eligible,Eligible,,Eligible,Eligible,,Eligible,Eligible,
clothing patternmaker,393212,393212,https://www.anzscolookup.com.au/occupations/393212,TRA,Not available,Not available,"Not available, 190: 0 states, 491: 0 states",Ineligible | Not listed,Ineligible | Not listed,Ineligible | Not listed,Ineligible | Not listed,Ineligible | Not listed,Ineligible | Not listed,Eligible | ROL,Ineligible | Not listed,ROL,Not available,Not available,ROL,Not available,Manual verification required,Ineligible,Ineligible,,Ineligible,Ineligible,,Ineligible,Ineligible,,Ineligible,Ineligible,,Ineligible,Ineligible,,Ineligible,Ineligible,,Ineligible,Ineligible,,Ineligible,Ineligible,
clothing trades workers (nec),393299,393299,https://www.anzscolookup.com.au/occupations/393299,VETASSESS,Not available,Not available,"Not available, 190: 0 states, 491: 0 states",Ineligible | Not listed,Ineligible | Not listed,Ineligible | Not listed,Ineligible | Not listed,Ineligible | Not listed,Ineligible | Not listed,Eligible | ROL,Ineligible | Not listed,ROL,Not available,Not available,ROL,Not available,Manual verification required,Ineligible,Ineligible,,Ineligible,Ineligible,,Ineligible,Ineligible,,Ineligible,Ineligible,,Ineligible,Ineligible,,Ineligible,Ineligible,,Ineligible,Ineligible,,Ineligible,Ineligible,
Commodities Trader,222111,222111,https://www.anzscolookup.com.au/occupations/222111,VETASSESS,STSOL,Not available,"10 options, 190: 5 states, 491: 5 states",Ineligible | Not listed,Eligible | STSOL,Eligible | STSOL,Ineligible | Not listed,Ineligible | Not listed,Ineligible | Not listed,Eligible | ROL,Eligible | STSOL,"STSOL, ROL",STSOL,Not available,ROL,STSOL,VETASSESS,Ineligible,Ineligible,,Eligible,Eligible,,Ineligible,Ineligible,,Ineligible,Ineligible,,Eligible,Eligible,,Eligible,Eligible,,Eligible,Eligible,,Eligible,Eligible,
communications operator,342312,342312,https://www.anzscolookup.com.au/occupations/342312,TRA,Not available,Not available,"Not available, 190: 0 states, 491: 0 states",Ineligible | Not listed,Ineligible | Not listed,Ineligible | Not listed,Ineligible | Not listed,Ineligible | Not listed,Ineligible | Not listed,Eligible | ROL,Ineligible | Not listed,ROL,Not available,Not available,ROL,Not available,Manual verification required,Ineligible,Ineligible,,Ineligible,Ineligible,,Ineligible,Ineligible,,Ineligible,Ineligible,,Ineligible,Ineligible,,Ineligible,Ineligible,,Ineligible,Ineligible,,Ineligible,Ineligible,
Community Arts Worker,272611,272611,https://www.anzscolookup.com.au/occupations/272611,VETASSESS,ROL,Not available,"5 options, 190: 0 states, 491: 5 states",Ineligible | Not listed,Ineligible | Not listed,Eligible | ROL,Ineligible | Not listed,Ineligible | Not listed,Ineligible | Not listed,Eligible | ROL,Eligible | ROL,ROL,ROL,Not available,ROL,ROL,VETASSESS,Ineligible,Eligible,,Ineligible,Eligible,,Ineligible,Ineligible,,Ineligible,Ineligible,,Ineligible,Ineligible,,Ineligible,Eligible,,Ineligible,Eligible,,Ineligible,Eligible,
Community Worker,411711,411711,https://www.anzscolookup.com.au/occupations/411711,ACWA,STSOL,CSOL,"14 options, 190: 7 states, 491: 7 states",Ineligible | Not listed,Eligible | STSOL,Eligible | STSOL,Ineligible | Not listed,Eligible | CSOL,Eligible | CSOL,Eligible | ROL,Eligible | STSOL,"STSOL, CSOL, ROL",STSOL,CSOL,ROL,STSOL,ACWA,Eligible,Eligible,,Eligible,Eligible,,Eligible,Eligible,,Ineligible,Ineligible,,Eligible,Eligible,,Eligible,Eligible,,Eligible,Eligible,,Eligible,Eligible,
Company Secretary,221211,221211,https://www.anzscolookup.com.au/occupations/221211,VETASSESS,STSOL,CSOL,"10 options, 190: 5 states, 491: 5 states",Ineligible | Not listed,Eligible | STSOL,Eligible | STSOL,Ineligible | Not listed,Eligible | CSOL,Eligible | CSOL,Eligible | ROL,Eligible | STSOL,"STSOL, CSOL, ROL",STSOL,CSOL,ROL,STSOL,VETASSESS,Eligible,Eligible,,Eligible,Eligible,,Ineligible,Ineligible,,Ineligible,Ineligible,,Ineligible,Ineligible,,Eligible,Eligible,,Eligible,Eligible,,Eligible,Eligible,
Complementary Health Therapists (NEC),252299,252299,https://www.anzscolookup.com.au/occupations/252299,VETASSESS,STSOL,CSOL,"10 options, 190: 5 states, 491: 5 states",Ineligible | Not listed,Eligible | STSOL,Eligible | STSOL,Ineligible | Not listed,Eligible | CSOL,Eligible | CSOL,Eligible | ROL,Eligible | STSOL,"STSOL, CSOL, ROL",STSOL,CSOL,ROL,STSOL,VETASSESS,Eligible,Eligible,,Eligible,Eligible,,Ineligible,Ineligible,,Ineligible,Ineligible,,Ineligible,Ineligible,,Eligible,Eligible,,Eligible,Eligible,,Eligible,Eligible,
composer,211211,211211,https://www.anzscolookup.com.au/occupations/211211,VETASSESS,Not available,Not available,"Not available, 190: 0 states, 491: 0 states",Ineligible | Not listed,Ineligible | Not listed,Ineligible | Not listed,Ineligible | Not listed,Ineligible | Not listed,Ineligible | Not listed,Eligible | ROL,Ineligible | Not listed,ROL,Not available,Not available,ROL,Not available,Manual verification required,Ineligible,Ineligible,,Ineligible,Ineligible,,Ineligible,Ineligible,,Ineligible,Ineligible,,Ineligible,Ineligible,,Ineligible,Ineligible,,Ineligible,Ineligible,,Ineligible,Ineligible,
Computer Network And Systems Engineer,263111,263111,https://www.anzscolookup.com.au/occupations/263111,ACS,MLTSSL,CSOL,"14 options, 190: 7 states, 491: 7 states",Eligible | MLTSSL,Eligible | MLTSSL,Eligible | MLTSSL,Eligible | MLTSSL,Eligible | CSOL,Eligible | CSOL,Eligible | MLTSSL,Eligible | MLTSSL,"MLTSSL, CSOL",MLTSSL,CSOL,MLTSSL,MLTSSL,ACS,Eligible,Eligible,,Eligible,Eligible,,Eligible,Eligible,,Ineligible,Ineligible,,Eligible,Eligible,,Eligible,Eligible,,Eligible,Eligible,,Eligible,Eligible,
Conference And Event Organiser,149311,149311,https://www.anzscolookup.com.au/occupations/149311,VETASSESS,STSOL,Not available,"10 options, 190: 5 states, 491: 5 states",Ineligible | Not listed,Eligible | STSOL,Eligible | STSOL,Ineligible | Not listed,Ineligible | Not listed,Ineligible | Not listed,Eligible | ROL,Eligible | STSOL,"STSOL, ROL",STSOL,Not available,ROL,STSOL,VETASSESS,Ineligible,Ineligible,,Eligible,Eligible,,Ineligible,Ineligible,,Ineligible,Ineligible,,Eligible,Eligible,,Eligible,Eligible,,Eligible,Eligible,,Eligible,Eligible,
Conservation Officer,234311,234311,https://www.anzscolookup.com.au/occupations/234311,VETASSESS,ROL,Not available,"6 options, 190: 0 states, 491: 6 states",Ineligible | Not listed,Ineligible | Not listed,Eligible | ROL,Ineligible | Not listed,Ineligible | Not listed,Ineligible | Not listed,Eligible | ROL,Eligible | ROL,ROL,ROL,Not available,ROL,ROL,VETASSESS,Ineligible,Eligible,,Ineligible,Eligible,,Ineligible,Eligible,,Ineligible,Ineligible,,Ineligible,Eligible,,Ineligible,Eligible,,Ineligible,Eligible,,Ineligible,Ineligible,
Conservator,234911,234911,https://www.anzscolookup.com.au/occupations/234911,VETASSESS,MLTSSL,CSOL,"10 options, 190: 5 states, 491: 5 states",Eligible | MLTSSL,Eligible | MLTSSL,Eligible | MLTSSL,Eligible | MLTSSL,Eligible | CSOL,Eligible | CSOL,Eligible | MLTSSL,Eligible | MLTSSL,"MLTSSL, CSOL",MLTSSL,CSOL,MLTSSL,MLTSSL,VETASSESS,Ineligible,Ineligible,,Eligible,Eligible,,Ineligible,Ineligible,,Ineligible,Ineligible,,Eligible,Eligible,,Eligible,Eligible,,Eligible,Eligible,,Eligible,Eligible,
Construction Estimator,312114,312114,https://www.anzscolookup.com.au/occupations/312114,VETASSESS,ROL,CSOL,"8 options, 190: 0 states, 491: 8 states",Ineligible | Not listed,Ineligible | Not listed,Eligible | ROL,Ineligible | Not listed,Eligible | CSOL,Eligible | CSOL,Eligible | ROL,Eligible | ROL,"ROL, CSOL",ROL,CSOL,ROL,ROL,VETASSESS,Ineligible,Eligible,,Ineligible,Eligible,,Ineligible,Eligible,,Ineligible,Eligible,,Ineligible,Eligible,,Ineligible,Eligible,,Ineligible,Eligible,,Ineligible,Eligible,
Construction Project Manager,133111,133111,https://www.anzscolookup.com.au/occupations/133111,VETASSESS,MLTSSL,CSOL,"16 options, 190: 8 states, 491: 8 states",Eligible | MLTSSL,Eligible | MLTSSL,Eligible | MLTSSL,Eligible | MLTSSL,Eligible | CSOL,Eligible | CSOL,Eligible | MLTSSL,Eligible | MLTSSL,"MLTSSL, CSOL",MLTSSL,CSOL,MLTSSL,MLTSSL,VETASSESS,Eligible,Eligible,,Eligible,Eligible,,Eligible,Eligible,,Eligible,Eligible,,Eligible,Eligible,,Eligible,Eligible,,Eligible,Eligible,,Eligible,Eligible,
Content Creator (Marketing),225114,225114,https://www.anzscolookup.com.au/occupations/225114,VETASSESS,Not available,CSOL,"Not available, 190: 0 states, 491: 0 states",Ineligible | Not listed,Ineligible | Not listed,Ineligible | Not listed,Ineligible | Not listed,Eligible | CSOL,Eligible | CSOL,Ineligible | Not listed,Ineligible | Not listed,CSOL,Not available,CSOL,Not available,Not available,Manual verification required,Ineligible,Ineligible,,Ineligible,Ineligible,,Ineligible,Ineligible,,Ineligible,Ineligible,,Ineligible,Ineligible,,Ineligible,Ineligible,,Ineligible,Ineligible,,Ineligible,Ineligible,
Contract Administrator,511111,511111,https://www.anzscolookup.com.au/occupations/511111,VETASSESS,STSOL,CSOL,"10 options, 190: 5 states, 491: 5 states",Ineligible | Not listed,Eligible | STSOL,Eligible | STSOL,Ineligible | Not listed,Eligible | CSOL,Eligible | CSOL,Eligible | ROL,Eligible | STSOL,"STSOL, CSOL, ROL",STSOL,CSOL,ROL,STSOL,VETASSESS,Eligible,Eligible,,Eligible,Eligible,,Ineligible,Ineligible,,Ineligible,Ineligible,,Eligible,Eligible,,Eligible,Eligible,,Eligible,Eligible,,Ineligible,Ineligible,
Conveyancer,599111,599111,https://www.anzscolookup.com.au/occupations/599111,VETASSESS,Not available,CSOL,"Not available, 190: 0 states, 491: 0 states",Ineligible | Not listed,Ineligible | Not listed,Ineligible | Not listed,Ineligible | Not listed,Eligible | CSOL,Eligible | CSOL,Eligible | ROL,Ineligible | Not listed,"CSOL, ROL",Not available,CSOL,ROL,Not available,Manual verification required,Ineligible,Ineligible,,Ineligible,Ineligible,,Ineligible,Ineligible,,Ineligible,Ineligible,,Ineligible,Ineligible,,Ineligible,Ineligible,,Ineligible,Ineligible,,Ineligible,Ineligible,
Cook,351411,351411,https://www.anzscolookup.com.au/occupations/351411,TRA,STSOL,CSOL,"12 options, 190: 5 states, 491: 7 states",Ineligible | Not listed,Eligible | STSOL,Eligible | STSOL,Ineligible | Not listed,Eligible | CSOL,Eligible | CSOL,Eligible | ROL,Eligible | STSOL,"STSOL, CSOL, ROL",STSOL,CSOL,ROL,STSOL,TRA,Eligible,Eligible,,Eligible,Eligible,,Ineligible,Ineligible,,Ineligible,Eligible,,Ineligible,Eligible,,Eligible,Eligible,,Eligible,Eligible,,Eligible,Eligible,
Copywriter,212411,212411,https://www.anzscolookup.com.au/occupations/212411,VETASSESS,STSOL,Not available,"7 options, 190: 3 states, 491: 4 states",Ineligible | Not listed,Eligible | STSOL,Eligible | STSOL,Ineligible | Not listed,Ineligible | Not listed,Ineligible | Not listed,Eligible | ROL,Eligible | STSOL,"STSOL, ROL",STSOL,Not available,ROL,STSOL,VETASSESS,Ineligible,Ineligible,,Eligible,Eligible,,Ineligible,Ineligible,,Ineligible,Ineligible,,Ineligible,Eligible,,Eligible,Eligible,,Eligible,Eligible,,Ineligible,Ineligible,
Corporate General Manager,111211,111211,https://www.anzscolookup.com.au/occupations/111211,IML,Not available,CSOL,"Not available, 190: 0 states, 491: 0 states",Ineligible | Not listed,Ineligible | Not listed,Ineligible | Not listed,Ineligible | Not listed,Eligible | CSOL,Eligible | CSOL,Eligible | MLTSSL,Eligible | MLTSSL,"CSOL, MLTSSL",Not available,CSOL,MLTSSL,MLTSSL,Manual verification required,Ineligible,Ineligible,,Ineligible,Ineligible,,Ineligible,Ineligible,,Ineligible,Ineligible,,Ineligible,Ineligible,,Ineligible,Ineligible,,Ineligible,Ineligible,,Ineligible,Ineligible,
Corporate Services Manager,132111,132111,https://www.anzscolookup.com.au/occupations/132111,VETASSESS,STSOL,CSOL,"8 options, 190: 4 states, 491: 4 states",Ineligible | Not listed,Eligible | STSOL,Eligible | STSOL,Ineligible | Not listed,Eligible | CSOL,Eligible | CSOL,Eligible | ROL,Eligible | STSOL,"STSOL, CSOL, ROL",STSOL,CSOL,ROL,STSOL,VETASSESS,Ineligible,Ineligible,,Eligible,Eligible,,Ineligible,Ineligible,,Ineligible,Ineligible,,Eligible,Eligible,,Eligible,Eligible,,Eligible,Eligible,,Ineligible,Ineligible,
corporate treasurer,221212,221212,https://www.anzscolookup.com.au/occupations/221212,CAANZ / CPAA / IPA,Not available,Not available,"Not available, 190: 0 states, 491: 0 states",Ineligible | Not listed,Ineligible | Not listed,Ineligible | Not listed,Ineligible | Not listed,Ineligible | Not listed,Ineligible | Not listed,Eligible | ROL,Ineligible | Not listed,ROL,Not available,Not available,ROL,Not available,Manual verification required,Ineligible,Ineligible,,Ineligible,Ineligible,,Ineligible,Ineligible,,Ineligible,Ineligible,,Ineligible,Ineligible,,Ineligible,Ineligible,,Ineligible,Ineligible,,Ineligible,Ineligible,
Cotton Grower,121211,121211,https://www.anzscolookup.com.au/occupations/121211,VETASSESS,ROL,Not available,"5 options, 190: 0 states, 491: 5 states",Ineligible | Not listed,Ineligible | Not listed,Eligible | ROL,Ineligible | Not listed,Ineligible | Not listed,Ineligible | Not listed,Eligible | ROL,Eligible | ROL,ROL,ROL,Not available,ROL,ROL,VETASSESS,Ineligible,Ineligible,,Ineligible,Eligible,,Ineligible,Eligible,,Ineligible,Ineligible,,Ineligible,Ineligible,,Ineligible,Eligible,,Ineligible,Eligible,,Ineligible,Eligible,
Counsellors (NEC),272199,272199,https://www.anzscolookup.com.au/occupations/272199,VETASSESS,STSOL,Not available,"14 options, 190: 7 states, 491: 7 states",Ineligible | Not listed,Eligible | STSOL,Eligible | STSOL,Ineligible | Not listed,Ineligible | Not listed,Ineligible | Not listed,Eligible | ROL,Eligible | STSOL,"STSOL, ROL",STSOL,Not available,ROL,STSOL,VETASSESS,Eligible,Eligible,,Eligible,Eligible,,Ineligible,Ineligible,,Eligible,Eligible,,Eligible,Eligible,,Eligible,Eligible,,Eligible,Eligible,,Eligible,Eligible,
court bailiff or sheriff (Aus) / court collections officer (NZ),599212,599212,https://www.anzscolookup.com.au/occupations/599212,VETASSESS,Not available,Not available,"Not available, 190: 0 states, 491: 0 states",Ineligible | Not listed,Ineligible | Not listed,Ineligible | Not listed,Ineligible | Not listed,Ineligible | Not listed,Ineligible | Not listed,Eligible | ROL,Ineligible | Not listed,ROL,Not available,Not available,ROL,Not available,Manual verification required,Ineligible,Ineligible,,Ineligible,Ineligible,,Ineligible,Ineligible,,Ineligible,Ineligible,,Ineligible,Ineligible,,Ineligible,Ineligible,,Ineligible,Ineligible,,Ineligible,Ineligible,
court orderly (Aus) / court registry officer (NZ),599213,599213,https://www.anzscolookup.com.au/occupations/599213,VETASSESS,Not available,Not available,"Not available, 190: 0 states, 491: 0 states",Ineligible | Not listed,Ineligible | Not listed,Ineligible | Not listed,Ineligible | Not listed,Ineligible | Not listed,Ineligible | Not listed,Eligible | ROL,Ineligible | Not listed,ROL,Not available,Not available,ROL,Not available,Manual verification required,Ineligible,Ineligible,,Ineligible,Ineligible,,Ineligible,Ineligible,,Ineligible,Ineligible,,Ineligible,Ineligible,,Ineligible,Ineligible,,Ineligible,Ineligible,,Ineligible,Ineligible,
Crop Farmers (NEC),121299,121299,https://www.anzscolookup.com.au/occupations/121299,VETASSESS,ROL,Not available,"5 options, 190: 0 states, 491: 5 states",Ineligible | Not listed,Ineligible | Not listed,Eligible | ROL,Ineligible | Not listed,Ineligible | Not listed,Ineligible | Not listed,Eligible | ROL,Eligible | ROL,ROL,ROL,Not available,ROL,ROL,VETASSESS,Ineligible,Ineligible,,Ineligible,Eligible,,Ineligible,Eligible,,Ineligible,Ineligible,,Ineligible,Ineligible,,Ineligible,Eligible,,Ineligible,Eligible,,Ineligible,Eligible,
Customer Service Manager,149212,149212,https://www.anzscolookup.com.au/occupations/149212,VETASSESS,STSOL,Not available,"10 options, 190: 5 states, 491: 5 states",Ineligible | Not listed,Eligible | STSOL,Eligible | STSOL,Ineligible | Not listed,Ineligible | Not listed,Ineligible | Not listed,Eligible | ROL,Eligible | STSOL,"STSOL, ROL",STSOL,Not available,ROL,STSOL,VETASSESS,Ineligible,Ineligible,,Eligible,Eligible,,Ineligible,Ineligible,,Ineligible,Ineligible,,Eligible,Eligible,,Eligible,Eligible,,Eligible,Eligible,,Eligible,Eligible,
Cyber Governance Risk and Compliance Specialist,262114,262114,https://www.anzscolookup.com.au/occupations/262114,ACS,Not available,CSOL,"Not available, 190: 0 states, 491: 0 states",Ineligible | Not listed,Ineligible | Not listed,Ineligible | Not listed,Ineligible | Not listed,Eligible | CSOL,Eligible | CSOL,Ineligible | Not listed,Ineligible | Not listed,CSOL,Not available,CSOL,Not available,Not available,Manual verification required,Ineligible,Ineligible,,Ineligible,Ineligible,,Ineligible,Ineligible,,Ineligible,Ineligible,,Ineligible,Ineligible,,Ineligible,Ineligible,,Ineligible,Ineligible,,Ineligible,Ineligible,
Cyber Security Advice and Assessment Specialist,262115,262115,https://www.anzscolookup.com.au/occupations/262115,ACS,Not available,CSOL,"Not available, 190: 0 states, 491: 0 states",Ineligible | Not listed,Ineligible | Not listed,Ineligible | Not listed,Ineligible | Not listed,Eligible | CSOL,Eligible | CSOL,Ineligible | Not listed,Ineligible | Not listed,CSOL,Not available,CSOL,Not available,Not available,Manual verification required,Ineligible,Ineligible,,Ineligible,Ineligible,,Ineligible,Ineligible,,Ineligible,Ineligible,,Ineligible,Ineligible,,Ineligible,Ineligible,,Ineligible,Ineligible,,Ineligible,Ineligible,
Cyber Security Analyst,262116,262116,https://www.anzscolookup.com.au/occupations/262116,ACS,Not available,CSOL,"Not available, 190: 0 states, 491: 0 states",Ineligible | Not listed,Ineligible | Not listed,Ineligible | Not listed,Ineligible | Not listed,Eligible | CSOL,Eligible | CSOL,Ineligible | Not listed,Ineligible | Not listed,CSOL,Not available,CSOL,Not available,Not available,Manual verification required,Ineligible,Ineligible,,Ineligible,Ineligible,,Ineligible,Ineligible,,Ineligible,Ineligible,,Ineligible,Ineligible,,Ineligible,Ineligible,,Ineligible,Ineligible,,Ineligible,Ineligible,
Cyber Security Architect,262117,262117,https://www.anzscolookup.com.au/occupations/262117,ACS,Not available,CSOL,"Not available, 190: 0 states, 491: 0 states",Ineligible | Not listed,Ineligible | Not listed,Ineligible | Not listed,Ineligible | Not listed,Eligible | CSOL,Eligible | CSOL,Ineligible | Not listed,Ineligible | Not listed,CSOL,Not available,CSOL,Not available,Not available,Manual verification required,Ineligible,Ineligible,,Ineligible,Ineligible,,Ineligible,Ineligible,,Ineligible,Ineligible,,Ineligible,Ineligible,,Ineligible,Ineligible,,Ineligible,Ineligible,,Ineligible,Ineligible,
Cyber Security Engineer,261315,261315,https://www.anzscolookup.com.au/occupations/261315,ACS,Not available,CSOL,"Not available, 190: 0 states, 491: 0 states",Ineligible | Not listed,Ineligible | Not listed,Ineligible | Not listed,Ineligible | Not listed,Eligible | CSOL,Eligible | CSOL,Ineligible | Not listed,Ineligible | Not listed,CSOL,Not available,CSOL,Not available,Not available,Manual verification required,Ineligible,Ineligible,,Ineligible,Ineligible,,Ineligible,Ineligible,,Ineligible,Ineligible,,Ineligible,Ineligible,,Ineligible,Ineligible,,Ineligible,Ineligible,,Ineligible,Ineligible,
Cyber Security Operations Coordinator,262118,262118,https://www.anzscolookup.com.au/occupations/262118,ACS,Not available,CSOL,"Not available, 190: 0 states, 491: 0 states",Ineligible | Not listed,Ineligible | Not listed,Ineligible | Not listed,Ineligible | Not listed,Eligible | CSOL,Eligible | CSOL,Ineligible | Not listed,Ineligible | Not listed,CSOL,Not available,CSOL,Not available,Not available,Manual verification required,Ineligible,Ineligible,,Ineligible,Ineligible,,Ineligible,Ineligible,,Ineligible,Ineligible,,Ineligible,Ineligible,,Ineligible,Ineligible,,Ineligible,Ineligible,,Ineligible,Ineligible,
Dairy Cattle Farmer,121313,121313,https://www.anzscolookup.com.au/occupations/121313,VETASSESS,ROL,CSOL,"4 options, 190: 0 states, 491: 4 states",Ineligible | Not listed,Ineligible | Not listed,Eligible | ROL,Ineligible | Not listed,Eligible | CSOL,Eligible | CSOL,Eligible | ROL,Eligible | ROL,"ROL, CSOL",ROL,CSOL,ROL,ROL,VETASSESS,Ineligible,Ineligible,,Ineligible,Eligible,,Ineligible,Ineligible,,Ineligible,Ineligible,,Ineligible,Ineligible,,Ineligible,Eligible,,Ineligible,Eligible,,Ineligible,Eligible,
Dance Teacher (Private Tuition),249212,249212,https://www.anzscolookup.com.au/occupations/249212,VETASSESS,STSOL,Not available,"6 options, 190: 3 states, 491: 3 states",Ineligible | Not listed,Eligible | STSOL,Eligible | STSOL,Ineligible | Not listed,Ineligible | Not listed,Ineligible | Not listed,Eligible | ROL,Eligible | STSOL,"STSOL, ROL",STSOL,Not available,ROL,STSOL,VETASSESS,Ineligible,Ineligible,,Eligible,Eligible,,Ineligible,Ineligible,,Ineligible,Ineligible,,Ineligible,Ineligible,,Eligible,Eligible,,Eligible,Eligible,,Ineligible,Ineligible,
Dancer Or Choreographer,211112,211112,https://www.anzscolookup.com.au/occupations/211112,VETASSESS,MLTSSL,Not available,"8 options, 190: 4 states, 491: 4 states",Eligible | MLTSSL,Eligible | MLTSSL,Eligible | MLTSSL,Eligible | MLTSSL,Ineligible | Not listed,Ineligible | Not listed,Eligible | MLTSSL,Eligible | MLTSSL,MLTSSL,MLTSSL,Not available,MLTSSL,MLTSSL,VETASSESS,Ineligible,Ineligible,,Eligible,Eligible,,Ineligible,Ineligible,,Ineligible,Ineligible,,Ineligible,Ineligible,,Eligible,Eligible,,Eligible,Eligible,,Eligible,Eligible,
Data Analyst,224114,224114,https://www.anzscolookup.com.au/occupations/224114,ACS,Not available,CSOL,"Not available, 190: 0 states, 491: 0 states",Ineligible | Not listed,Ineligible | Not listed,Ineligible | Not listed,Ineligible | Not listed,Eligible | CSOL,Eligible | CSOL,Ineligible | Not listed,Ineligible | Not listed,CSOL,Not available,CSOL,Not available,Not available,Manual verification required,Ineligible,Ineligible,,Ineligible,Ineligible,,Ineligible,Ineligible,,Ineligible,Ineligible,,Ineligible,Ineligible,,Ineligible,Ineligible,,Ineligible,Ineligible,,Ineligible,Ineligible,
Data Scientist,224115,224115,https://www.anzscolookup.com.au/occupations/224115,ACS,Not available,CSOL,"Not available, 190: 0 states, 491: 0 states",Ineligible | Not listed,Ineligible | Not listed,Ineligible | Not listed,Ineligible | Not listed,Eligible | CSOL,Eligible | CSOL,Ineligible | Not listed,Ineligible | Not listed,CSOL,Not available,CSOL,Not available,Not available,Manual verification required,Ineligible,Ineligible,,Ineligible,Ineligible,,Ineligible,Ineligible,,Ineligible,Ineligible,,Ineligible,Ineligible,,Ineligible,Ineligible,,Ineligible,Ineligible,,Ineligible,Ineligible,
Database Administrator,262111,262111,https://www.anzscolookup.com.au/occupations/262111,ACS,STSOL,CSOL,"14 options, 190: 7 states, 491: 7 states",Ineligible | Not listed,Eligible | STSOL,Eligible | STSOL,Ineligible | Not listed,Eligible | CSOL,Eligible | CSOL,Eligible | ROL,Eligible | STSOL,"STSOL, CSOL, ROL",STSOL,CSOL,ROL,STSOL,ACS,Eligible,Eligible,,Eligible,Eligible,,Eligible,Eligible,,Ineligible,Ineligible,,Eligible,Eligible,,Eligible,Eligible,,Eligible,Eligible,,Eligible,Eligible,
Deer Farmer,121314,121314,https://www.anzscolookup.com.au/occupations/121314,VETASSESS,ROL,Not available,"4 options, 190: 0 states, 491: 4 states",Ineligible | Not listed,Ineligible | Not listed,Eligible | ROL,Ineligible | Not listed,Ineligible | Not listed,Ineligible | Not listed,Eligible | ROL,Eligible | ROL,ROL,ROL,Not available,ROL,ROL,VETASSESS,Ineligible,Ineligible,,Ineligible,Eligible,,Ineligible,Ineligible,,Ineligible,Ineligible,,Ineligible,Ineligible,,Ineligible,Eligible,,Ineligible,Eligible,,Ineligible,Eligible,
Dental Hygienist,411211,411211,https://www.anzscolookup.com.au/occupations/411211,VETASSESS,ROL,CSOL,"7 options, 190: 0 states, 491: 7 states",Ineligible | Not listed,Ineligible | Not listed,Eligible | ROL,Ineligible | Not listed,Eligible | CSOL,Eligible | CSOL,Eligible | ROL,Eligible | ROL,"ROL, CSOL",ROL,CSOL,ROL,ROL,VETASSESS,Ineligible,Eligible,,Ineligible,Eligible,,Ineligible,Ineligible,,Ineligible,Eligible,,Ineligible,Eligible,,Ineligible,Eligible,,Ineligible,Eligible,,Ineligible,Eligible,
Dental Prosthetist,411212,411212,https://www.anzscolookup.com.au/occupations/411212,TRA,Not available,CSOL,"Not available, 190: 0 states, 491: 0 states",Ineligible | Not listed,Ineligible | Not listed,Ineligible | Not listed,Ineligible | Not listed,Eligible | CSOL,Eligible | CSOL,Eligible | ROL,Ineligible | Not listed,"CSOL, ROL",Not available,CSOL,ROL,Not available,Manual verification required,Ineligible,Ineligible,,Ineligible,Ineligible,,Ineligible,Ineligible,,Ineligible,Ineligible,,Ineligible,Ineligible,,Ineligible,Ineligible,,Ineligible,Ineligible,,Ineligible,Ineligible,
Dental Specialist,252311,252311,https://www.anzscolookup.com.au/occupations/252311,ADC,STSOL,CSOL,"14 options, 190: 6 states, 491: 8 states",Ineligible | Not listed,Eligible | STSOL,Eligible | STSOL,Ineligible | Not listed,Eligible | CSOL,Eligible | CSOL,Eligible | ROL,Eligible | STSOL,"STSOL, CSOL, ROL",STSOL,CSOL,ROL,STSOL,ADC,Eligible,Eligible,,Eligible,Eligible,,Ineligible,Eligible,,Ineligible,Eligible,,Eligible,Eligible,,Eligible,Eligible,,Eligible,Eligible,,Eligible,Eligible,
Dental Technician,411213,411213,https://www.anzscolookup.com.au/occupations/411213,TRA,STSOL,CSOL,"13 options, 190: 6 states, 491: 7 states",Ineligible | Not listed,Eligible | STSOL,Eligible | STSOL,Ineligible | Not listed,Eligible | CSOL,Eligible | CSOL,Eligible | ROL,Eligible | STSOL,"STSOL, CSOL, ROL",STSOL,CSOL,ROL,STSOL,TRA,Eligible,Eligible,,Eligible,Eligible,,Ineligible,Ineligible,,Ineligible,Eligible,,Eligible,Eligible,,Eligible,Eligible,,Eligible,Eligible,,Eligible,Eligible,
Dental Therapist,411214,411214,https://www.anzscolookup.com.au/occupations/411214,VETASSESS,ROL,CSOL,"7 options, 190: 0 states, 491: 7 states",Ineligible | Not listed,Ineligible | Not listed,Eligible | ROL,Ineligible | Not listed,Eligible | CSOL,Eligible | CSOL,Eligible | ROL,Eligible | ROL,"ROL, CSOL",ROL,CSOL,ROL,ROL,VETASSESS,Ineligible,Eligible,,Ineligible,Eligible,,Ineligible,Ineligible,,Ineligible,Eligible,,Ineligible,Eligible,,Ineligible,Eligible,,Ineligible,Eligible,,Ineligible,Eligible,
Dentist,252312,252312,https://www.anzscolookup.com.au/occupations/252312,ADC,ROL,CSOL,"8 options, 190: 0 states, 491: 8 states",Ineligible | Not listed,Ineligible | Not listed,Eligible | ROL,Ineligible | Not listed,Eligible | CSOL,Eligible | CSOL,Eligible | ROL,Eligible | ROL,"ROL, CSOL",ROL,CSOL,ROL,ROL,ADC,Ineligible,Eligible,,Ineligible,Eligible,,Ineligible,Eligible,,Ineligible,Eligible,,Ineligible,Eligible,,Ineligible,Eligible,,Ineligible,Eligible,,Ineligible,Eligible,
Dermatologist,253911,253911,https://www.anzscolookup.com.au/occupations/253911,MedBA,MLTSSL,CSOL,"16 options, 190: 8 states, 491: 8 states",Eligible | MLTSSL,Eligible | MLTSSL,Eligible | MLTSSL,Eligible | MLTSSL,Eligible | CSOL,Eligible | CSOL,Eligible | MLTSSL,Eligible | MLTSSL,"MLTSSL, CSOL",MLTSSL,CSOL,MLTSSL,MLTSSL,MedBA,Eligible,Eligible,,Eligible,Eligible,,Eligible,Eligible,,Eligible,Eligible,,Eligible,Eligible,,Eligible,Eligible,,Eligible,Eligible,,Eligible,Eligible,
Developer Programmer,261312,261312,https://www.anzscolookup.com.au/occupations/261312,ACS,MLTSSL,CSOL,"16 options, 190: 8 states, 491: 8 states",Eligible | MLTSSL,Eligible | MLTSSL,Eligible | MLTSSL,Eligible | MLTSSL,Eligible | CSOL,Eligible | CSOL,Eligible | MLTSSL,Eligible | MLTSSL,"MLTSSL, CSOL",MLTSSL,CSOL,MLTSSL,MLTSSL,ACS,Eligible,Eligible,,Eligible,Eligible,,Eligible,Eligible,,Eligible,Eligible,,Eligible,Eligible,,Eligible,Eligible,,Eligible,Eligible,,Eligible,Eligible,
Devops Engineer,261316,261316,https://www.anzscolookup.com.au/occupations/261316,ACS,Not available,CSOL,"Not available, 190: 0 states, 491: 0 states",Ineligible | Not listed,Ineligible | Not listed,Ineligible | Not listed,Ineligible | Not listed,Eligible | CSOL,Eligible | CSOL,Ineligible | Not listed,Ineligible | Not listed,CSOL,Not available,CSOL,Not available,Not available,Manual verification required,Ineligible,Ineligible,,Ineligible,Ineligible,,Ineligible,Ineligible,,Ineligible,Ineligible,,Ineligible,Ineligible,,Ineligible,Ineligible,,Ineligible,Ineligible,,Ineligible,Ineligible,
Diagnostic And Interventional Radiologist,253917,253917,https://www.anzscolookup.com.au/occupations/253917,MedBA,MLTSSL,CSOL,"16 options, 190: 8 states, 491: 8 states",Eligible | MLTSSL,Eligible | MLTSSL,Eligible | MLTSSL,Eligible | MLTSSL,Eligible | CSOL,Eligible | CSOL,Eligible | MLTSSL,Eligible | MLTSSL,"MLTSSL, CSOL",MLTSSL,CSOL,MLTSSL,MLTSSL,MedBA,Eligible,Eligible,,Eligible,Eligible,,Eligible,Eligible,,Eligible,Eligible,,Eligible,Eligible,,Eligible,Eligible,,Eligible,Eligible,,Eligible,Eligible,
Diesel Motor Mechanic,321212,321212,https://www.anzscolookup.com.au/occupations/321212,TRA,MLTSSL,CSOL,"14 options, 190: 6 states, 491: 8 states",Eligible | MLTSSL,Eligible | MLTSSL,Eligible | MLTSSL,Eligible | MLTSSL,Eligible | CSOL,Eligible | CSOL,Eligible | MLTSSL,Eligible | MLTSSL,"MLTSSL, CSOL",MLTSSL,CSOL,MLTSSL,MLTSSL,TRA,Eligible,Eligible,,Eligible,Eligible,,Eligible,Eligible,,Ineligible,Eligible,,Ineligible,Eligible,,Eligible,Eligible,,Eligible,Eligible,,Eligible,Eligible,
Dietitian,251111,251111,https://www.anzscolookup.com.au/occupations/251111,DAA,STSOL,CSOL,"13 options, 190: 6 states, 491: 7 states",Ineligible | Not listed,Eligible | STSOL,Eligible | STSOL,Ineligible | Not listed,Eligible | CSOL,Eligible | CSOL,Eligible | ROL,Eligible | STSOL,"STSOL, CSOL, ROL",STSOL,CSOL,ROL,STSOL,DAA,Eligible,Eligible,,Eligible,Eligible,,Ineligible,Ineligible,,Ineligible,Eligible,,Eligible,Eligible,,Eligible,Eligible,,Eligible,Eligible,,Eligible,Eligible,
"Director (Film, Television, Radio Or Stage)",212312,212312,https://www.anzscolookup.com.au/occupations/212312,VETASSESS,STSOL,Not available,"8 options, 190: 4 states, 491: 4 states",Ineligible | Not listed,Eligible | STSOL,Eligible | STSOL,Ineligible | Not listed,Ineligible | Not listed,Ineligible | Not listed,Eligible | ROL,Eligible | STSOL,"STSOL, ROL",STSOL,Not available,ROL,STSOL,VETASSESS,Ineligible,Ineligible,,Eligible,Eligible,,Ineligible,Ineligible,,Ineligible,Ineligible,,Ineligible,Ineligible,,Eligible,Eligible,,Eligible,Eligible,,Eligible,Eligible,
director of photography,212313,212313,https://www.anzscolookup.com.au/occupations/212313,VETASSESS,Not available,Not available,"Not available, 190: 0 states, 491: 0 states",Ineligible | Not listed,Ineligible | Not listed,Ineligible | Not listed,Ineligible | Not listed,Ineligible | Not listed,Ineligible | Not listed,Eligible | ROL,Ineligible | Not listed,ROL,Not available,Not available,ROL,Not available,Manual verification required,Ineligible,Ineligible,,Ineligible,Ineligible,,Ineligible,Ineligible,,Ineligible,Ineligible,,Ineligible,Ineligible,,Ineligible,Ineligible,,Ineligible,Ineligible,,Ineligible,Ineligible,
Disabilities Services Officer,411712,411712,https://www.anzscolookup.com.au/occupations/411712,ACWA,STSOL,Not available,"14 options, 190: 7 states, 491: 7 states",Ineligible | Not listed,Eligible | STSOL,Eligible | STSOL,Ineligible | Not listed,Ineligible | Not listed,Ineligible | Not listed,Eligible | ROL,Eligible | STSOL,"STSOL, ROL",STSOL,Not available,ROL,STSOL,ACWA,Eligible,Eligible,,Eligible,Eligible,,Eligible,Eligible,,Ineligible,Ineligible,,Eligible,Eligible,,Eligible,Eligible,,Eligible,Eligible,,Eligible,Eligible,
Diver,399911,399911,https://www.anzscolookup.com.au/occupations/399911,VETASSESS,Not available,CSOL,"Not available, 190: 0 states, 491: 0 states",Ineligible | Not listed,Ineligible | Not listed,Ineligible | Not listed,Ineligible | Not listed,Eligible | CSOL,Eligible | CSOL,Eligible | ROL,Ineligible | Not listed,"CSOL, ROL",Not available,CSOL,ROL,Not available,Manual verification required,Ineligible,Ineligible,,Ineligible,Ineligible,,Ineligible,Ineligible,,Ineligible,Ineligible,,Ineligible,Ineligible,,Ineligible,Ineligible,,Ineligible,Ineligible,,Ineligible,Ineligible,
Diversional Therapist,411311,411311,https://www.anzscolookup.com.au/occupations/411311,VETASSESS,STSOL,CSOL,"10 options, 190: 5 states, 491: 5 states",Ineligible | Not listed,Eligible | STSOL,Eligible | STSOL,Ineligible | Not listed,Eligible | CSOL,Eligible | CSOL,Eligible | ROL,Eligible | STSOL,"STSOL, CSOL, ROL",STSOL,CSOL,ROL,STSOL,VETASSESS,Eligible,Eligible,,Eligible,Eligible,,Ineligible,Ineligible,,Ineligible,Ineligible,,Eligible,Eligible,,Eligible,Eligible,,Eligible,Eligible,,Ineligible,Ineligible,
Diving Instructor (Open Water),452311,452311,https://www.anzscolookup.com.au/occupations/452311,VETASSESS,STSOL,CSOL,"6 options, 190: 3 states, 491: 3 states",Ineligible | Not listed,Eligible | STSOL,Eligible | STSOL,Ineligible | Not listed,Eligible | CSOL,Eligible | CSOL,Eligible | ROL,Eligible | STSOL,"STSOL, CSOL, ROL",STSOL,CSOL,ROL,STSOL,VETASSESS,Ineligible,Ineligible,,Eligible,Eligible,,Ineligible,Ineligible,,Ineligible,Ineligible,,Ineligible,Ineligible,,Eligible,Eligible,,Eligible,Eligible,,Ineligible,Ineligible,
Dog Handler Or Trainer,361111,361111,https://www.anzscolookup.com.au/occupations/361111,VETASSESS,STSOL,CSOL,"6 options, 190: 3 states, 491: 3 states",Ineligible | Not listed,Eligible | STSOL,Eligible | STSOL,Ineligible | Not listed,Eligible | CSOL,Eligible | CSOL,Eligible | ROL,Eligible | STSOL,"STSOL, CSOL, ROL",STSOL,CSOL,ROL,STSOL,VETASSESS,Ineligible,Ineligible,,Eligible,Eligible,,Ineligible,Ineligible,,Ineligible,Ineligible,,Ineligible,Ineligible,,Eligible,Eligible,,Eligible,Eligible,,Ineligible,Ineligible,
dog or horse racing official,452318,452318,https://www.anzscolookup.com.au/occupations/452318,VETASSESS,Not available,Not available,"Not available, 190: 0 states, 491: 0 states",Ineligible | Not listed,Ineligible | Not listed,Ineligible | Not listed,Ineligible | Not listed,Ineligible | Not listed,Ineligible | Not listed,Eligible | ROL,Ineligible | Not listed,ROL,Not available,Not available,ROL,Not available,Manual verification required,Ineligible,Ineligible,,Ineligible,Ineligible,,Ineligible,Ineligible,,Ineligible,Ineligible,,Ineligible,Ineligible,,Ineligible,Ineligible,,Ineligible,Ineligible,,Ineligible,Ineligible,
Drainer,334113,334113,https://www.anzscolookup.com.au/occupations/334113,TRA,MLTSSL,CSOL,"16 options, 190: 8 states, 491: 8 states",Eligible | MLTSSL,Eligible | MLTSSL,Eligible | MLTSSL,Eligible | MLTSSL,Eligible | CSOL,Eligible | CSOL,Eligible | MLTSSL,Eligible | MLTSSL,"MLTSSL, CSOL",MLTSSL,CSOL,MLTSSL,MLTSSL,TRA,Eligible,Eligible,,Eligible,Eligible,,Eligible,Eligible,,Eligible,Eligible,,Eligible,Eligible,,Eligible,Eligible,,Eligible,Eligible,,Eligible,Eligible,
drama teacher (private tuition),249213,249213,https://www.anzscolookup.com.au/occupations/249213,VETASSESS,Not available,Not available,"Not available, 190: 0 states, 491: 0 states",Ineligible | Not listed,Ineligible | Not listed,Ineligible | Not listed,Ineligible | Not listed,Ineligible | Not listed,Ineligible | Not listed,Eligible | ROL,Ineligible | Not listed,ROL,Not available,Not available,ROL,Not available,Manual verification required,Ineligible,Ineligible,,Ineligible,Ineligible,,Ineligible,Ineligible,,Ineligible,Ineligible,,Ineligible,Ineligible,,Ineligible,Ineligible,,Ineligible,Ineligible,,Ineligible,Ineligible,
Dressmaker Or Tailor,393213,393213,https://www.anzscolookup.com.au/occupations/393213,TRA,STSOL,Not available,"6 options, 190: 3 states, 491: 3 states",Ineligible | Not listed,Eligible | STSOL,Eligible | STSOL,Ineligible | Not listed,Ineligible | Not listed,Ineligible | Not listed,Eligible | ROL,Eligible | STSOL,"STSOL, ROL",STSOL,Not available,ROL,STSOL,TRA,Ineligible,Ineligible,,Eligible,Eligible,,Ineligible,Ineligible,,Ineligible,Ineligible,,Ineligible,Ineligible,,Eligible,Eligible,,Eligible,Eligible,,Ineligible,Ineligible,
Driving Instructor,451211,451211,https://www.anzscolookup.com.au/occupations/451211,VETASSESS,ROL,Not available,"4 options, 190: 0 states, 491: 4 states",Ineligible | Not listed,Ineligible | Not listed,Eligible | ROL,Ineligible | Not listed,Ineligible | Not listed,Ineligible | Not listed,Eligible | ROL,Eligible | ROL,ROL,ROL,Not available,ROL,ROL,VETASSESS,Ineligible,Ineligible,,Ineligible,Eligible,,Ineligible,Ineligible,,Ineligible,Ineligible,,Ineligible,Ineligible,,Ineligible,Eligible,,Ineligible,Eligible,,Ineligible,Eligible,
Drug And Alcohol Counsellor,272112,272112,https://www.anzscolookup.com.au/occupations/272112,VETASSESS,STSOL,CSOL,"11 options, 190: 5 states, 491: 6 states",Ineligible | Not listed,Eligible | STSOL,Eligible | STSOL,Ineligible | Not listed,Eligible | CSOL,Eligible | CSOL,Eligible | ROL,Eligible | STSOL,"STSOL, CSOL, ROL",STSOL,CSOL,ROL,STSOL,VETASSESS,Eligible,Eligible,,Eligible,Eligible,,Ineligible,Ineligible,,Ineligible,Ineligible,,Ineligible,Eligible,,Eligible,Eligible,,Eligible,Eligible,,Eligible,Eligible,
Early Childhood (Pre Primary School) Teacher,241111,241111,https://www.anzscolookup.com.au/occupations/241111,ACECQA,MLTSSL,CSOL,"16 options, 190: 8 states, 491: 8 states",Eligible | MLTSSL,Eligible | MLTSSL,Eligible | MLTSSL,Eligible | MLTSSL,Eligible | CSOL,Eligible | CSOL,Eligible | MLTSSL,Eligible | MLTSSL,"MLTSSL, CSOL",MLTSSL,CSOL,MLTSSL,MLTSSL,ACECQA,Eligible,Eligible,,Eligible,Eligible,,Eligible,Eligible,,Eligible,Eligible,,Eligible,Eligible,,Eligible,Eligible,,Eligible,Eligible,,Eligible,Eligible,
Earth Science Technician,311412,311412,https://www.anzscolookup.com.au/occupations/311412,VETASSESS,STSOL,CSOL,"10 options, 190: 5 states, 491: 5 states",Ineligible | Not listed,Eligible | STSOL,Eligible | STSOL,Ineligible | Not listed,Eligible | CSOL,Eligible | CSOL,Eligible | ROL,Eligible | STSOL,"STSOL, CSOL, ROL",STSOL,CSOL,ROL,STSOL,VETASSESS,Eligible,Eligible,,Eligible,Eligible,,Ineligible,Ineligible,,Ineligible,Ineligible,,Eligible,Eligible,,Eligible,Eligible,,Eligible,Eligible,,Ineligible,Ineligible,
Economist,224311,224311,https://www.anzscolookup.com.au/occupations/224311,VETASSESS,MLTSSL,Not available,"8 options, 190: 4 states, 491: 4 states",Eligible | MLTSSL,Eligible | MLTSSL,Eligible | MLTSSL,Eligible | MLTSSL,Ineligible | Not listed,Ineligible | Not listed,Eligible | MLTSSL,Eligible | MLTSSL,MLTSSL,MLTSSL,Not available,MLTSSL,MLTSSL,VETASSESS,Ineligible,Ineligible,,Eligible,Eligible,,Ineligible,Ineligible,,Ineligible,Ineligible,,Eligible,Eligible,,Eligible,Eligible,,Eligible,Eligible,,Ineligible,Ineligible,
Education Adviser,249111,249111,https://www.anzscolookup.com.au/occupations/249111,VETASSESS,STSOL,Not available,"8 options, 190: 4 states, 491: 4 states",Ineligible | Not listed,Eligible | STSOL,Eligible | STSOL,Ineligible | Not listed,Ineligible | Not listed,Ineligible | Not listed,Eligible | ROL,Eligible | STSOL,"STSOL, ROL",STSOL,Not available,ROL,STSOL,VETASSESS,Ineligible,Ineligible,,Eligible,Eligible,,Ineligible,Ineligible,,Ineligible,Ineligible,,Eligible,Eligible,,Eligible,Eligible,,Eligible,Eligible,,Ineligible,Ineligible,
Education Managers (NEC),134499,134499,https://www.anzscolookup.com.au/occupations/134499,VETASSESS,STSOL,CSOL,"8 options, 190: 4 states, 491: 4 states",Ineligible | Not listed,Eligible | STSOL,Eligible | STSOL,Ineligible | Not listed,Eligible | CSOL,Eligible | CSOL,Eligible | ROL,Eligible | STSOL,"STSOL, CSOL, ROL",STSOL,CSOL,ROL,STSOL,VETASSESS,Ineligible,Ineligible,,Eligible,Eligible,,Ineligible,Ineligible,,Ineligible,Ineligible,,Eligible,Eligible,,Eligible,Eligible,,Eligible,Eligible,,Ineligible,Ineligible,
Education Reviewer,249112,249112,https://www.anzscolookup.com.au/occupations/249112,VETASSESS,Not available,CSOL,"Not available, 190: 0 states, 491: 0 states",Ineligible | Not listed,Ineligible | Not listed,Ineligible | Not listed,Ineligible | Not listed,Eligible | CSOL,Eligible | CSOL,Eligible | ROL,Ineligible | Not listed,"CSOL, ROL",Not available,CSOL,ROL,Not available,Manual verification required,Ineligible,Ineligible,,Ineligible,Ineligible,,Ineligible,Ineligible,,Ineligible,Ineligible,,Ineligible,Ineligible,,Ineligible,Ineligible,,Ineligible,Ineligible,,Ineligible,Ineligible,
Educational Psychologist,272312,272312,https://www.anzscolookup.com.au/occupations/272312,APS,MLTSSL,CSOL,"16 options, 190: 8 states, 491: 8 states",Eligible | MLTSSL,Eligible | MLTSSL,Eligible | MLTSSL,Eligible | MLTSSL,Eligible | CSOL,Eligible | CSOL,Eligible | MLTSSL,Eligible | MLTSSL,"MLTSSL, CSOL",MLTSSL,CSOL,MLTSSL,MLTSSL,APS,Eligible,Eligible,,Eligible,Eligible,,Eligible,Eligible,,Eligible,Eligible,,Eligible,Eligible,,Eligible,Eligible,,Eligible,Eligible,,Eligible,Eligible,
electorate officer,224911,224911,https://www.anzscolookup.com.au/occupations/224911,VETASSESS,Not available,Not available,"Not available, 190: 0 states, 491: 0 states",Ineligible | Not listed,Ineligible | Not listed,Ineligible | Not listed,Ineligible | Not listed,Ineligible | Not listed,Ineligible | Not listed,Eligible | ROL,Ineligible | Not listed,ROL,Not available,Not available,ROL,Not available,Manual verification required,Ineligible,Ineligible,,Ineligible,Ineligible,,Ineligible,Ineligible,,Ineligible,Ineligible,,Ineligible,Ineligible,,Ineligible,Ineligible,,Ineligible,Ineligible,,Ineligible,Ineligible,
Electrical Engineer,233311,233311,https://www.anzscolookup.com.au/occupations/233311,Engineers Australia,MLTSSL,CSOL,"16 options, 190: 8 states, 491: 8 states",Eligible | MLTSSL,Eligible | MLTSSL,Eligible | MLTSSL,Eligible | MLTSSL,Eligible | CSOL,Eligible | CSOL,Eligible | MLTSSL,Eligible | MLTSSL,"MLTSSL, CSOL",MLTSSL,CSOL,MLTSSL,MLTSSL,Engineers Australia,Eligible,Eligible,,Eligible,Eligible,,Eligible,Eligible,,Eligible,Eligible,,Eligible,Eligible,,Eligible,Eligible,,Eligible,Eligible,,Eligible,Eligible,
Electrical Engineering Draftsperson,312311,312311,https://www.anzscolookup.com.au/occupations/312311,Engineers Australia,MLTSSL,CSOL,"16 options, 190: 8 states, 491: 8 states",Eligible | MLTSSL,Eligible | MLTSSL,Eligible | MLTSSL,Eligible | MLTSSL,Eligible | CSOL,Eligible | CSOL,Eligible | MLTSSL,Eligible | MLTSSL,"MLTSSL, CSOL",MLTSSL,CSOL,MLTSSL,MLTSSL,Engineers Australia,Eligible,Eligible,,Eligible,Eligible,,Eligible,Eligible,,Eligible,Eligible,,Eligible,Eligible,,Eligible,Eligible,,Eligible,Eligible,,Eligible,Eligible,
Electrical Engineering Technician,312312,312312,https://www.anzscolookup.com.au/occupations/312312,TRA,MLTSSL,CSOL,"16 options, 190: 8 states, 491: 8 states",Eligible | MLTSSL,Eligible | MLTSSL,Eligible | MLTSSL,Eligible | MLTSSL,Eligible | CSOL,Eligible | CSOL,Eligible | MLTSSL,Eligible | MLTSSL,"MLTSSL, CSOL",MLTSSL,CSOL,MLTSSL,MLTSSL,TRA,Eligible,Eligible,,Eligible,Eligible,,Eligible,Eligible,,Eligible,Eligible,,Eligible,Eligible,,Eligible,Eligible,,Eligible,Eligible,,Eligible,Eligible,
Electrical Linesworker / Electrical Line Mechanic,342211,342211,https://www.anzscolookup.com.au/occupations/342211,TRA,ROL,CSOL,"8 options, 190: 0 states, 491: 8 states",Ineligible | Not listed,Ineligible | Not listed,Eligible | ROL,Ineligible | Not listed,Eligible | CSOL,Eligible | CSOL,Eligible | ROL,Eligible | ROL,"ROL, CSOL",ROL,CSOL,ROL,ROL,TRA,Ineligible,Eligible,,Ineligible,Eligible,,Ineligible,Eligible,,Ineligible,Eligible,,Ineligible,Eligible,,Ineligible,Eligible,,Ineligible,Eligible,,Ineligible,Eligible,
Electrician (General),341111,341111,https://www.anzscolookup.com.au/occupations/341111,TRA,MLTSSL,CSOL,"16 options, 190: 8 states, 491: 8 states",Eligible | MLTSSL,Eligible | MLTSSL,Eligible | MLTSSL,Eligible | MLTSSL,Eligible | CSOL,Eligible | CSOL,Eligible | MLTSSL,Eligible | MLTSSL,"MLTSSL, CSOL",MLTSSL,CSOL,MLTSSL,MLTSSL,TRA,Eligible,Eligible,,Eligible,Eligible,,Eligible,Eligible,,Eligible,Eligible,,Eligible,Eligible,,Eligible,Eligible,,Eligible,Eligible,,Eligible,Eligible,
Electrician (Special Class),341112,341112,https://www.anzscolookup.com.au/occupations/341112,TRA,MLTSSL,CSOL,"16 options, 190: 8 states, 491: 8 states",Eligible | MLTSSL,Eligible | MLTSSL,Eligible | MLTSSL,Eligible | MLTSSL,Eligible | CSOL,Eligible | CSOL,Eligible | MLTSSL,Eligible | MLTSSL,"MLTSSL, CSOL",MLTSSL,CSOL,MLTSSL,MLTSSL,TRA,Eligible,Eligible,,Eligible,Eligible,,Eligible,Eligible,,Eligible,Eligible,,Eligible,Eligible,,Eligible,Eligible,,Eligible,Eligible,,Eligible,Eligible,
electronic engineering draftsperson,312411,312411,https://www.anzscolookup.com.au/occupations/312411,Engineers Australia,Not available,Not available,"Not available, 190: 0 states, 491: 0 states",Ineligible | Not listed,Ineligible | Not listed,Ineligible | Not listed,Ineligible | Not listed,Ineligible | Not listed,Ineligible | Not listed,Eligible | ROL,Ineligible | Not listed,ROL,Not available,Not available,ROL,Not available,Manual verification required,Ineligible,Ineligible,,Ineligible,Ineligible,,Ineligible,Ineligible,,Ineligible,Ineligible,,Ineligible,Ineligible,,Ineligible,Ineligible,,Ineligible,Ineligible,,Ineligible,Ineligible,
Electronic Engineering Technician,312412,312412,https://www.anzscolookup.com.au/occupations/312412,TRA,Not available,CSOL,"Not available, 190: 0 states, 491: 0 states",Ineligible | Not listed,Ineligible | Not listed,Ineligible | Not listed,Ineligible | Not listed,Eligible | CSOL,Eligible | CSOL,Eligible | ROL,Ineligible | Not listed,"CSOL, ROL",Not available,CSOL,ROL,Not available,Manual verification required,Ineligible,Ineligible,,Ineligible,Ineligible,,Ineligible,Ineligible,,Ineligible,Ineligible,,Ineligible,Ineligible,,Ineligible,Ineligible,,Ineligible,Ineligible,,Ineligible,Ineligible,
Electronic Equipment Trades Worker,342313,342313,https://www.anzscolookup.com.au/occupations/342313,TRA,MLTSSL,CSOL,"12 options, 190: 6 states, 491: 6 states",Eligible | MLTSSL,Eligible | MLTSSL,Eligible | MLTSSL,Eligible | MLTSSL,Eligible | CSOL,Eligible | CSOL,Eligible | MLTSSL,Eligible | MLTSSL,"MLTSSL, CSOL",MLTSSL,CSOL,MLTSSL,MLTSSL,TRA,Ineligible,Ineligible,,Eligible,Eligible,,Eligible,Eligible,,Ineligible,Ineligible,,Eligible,Eligible,,Eligible,Eligible,,Eligible,Eligible,,Eligible,Eligible,
Electronic Instrument Trades Worker (General),342314,342314,https://www.anzscolookup.com.au/occupations/342314,TRA,MLTSSL,CSOL,"12 options, 190: 6 states, 491: 6 states",Eligible | MLTSSL,Eligible | MLTSSL,Eligible | MLTSSL,Eligible | MLTSSL,Eligible | CSOL,Eligible | CSOL,Eligible | MLTSSL,Eligible | MLTSSL,"MLTSSL, CSOL",MLTSSL,CSOL,MLTSSL,MLTSSL,TRA,Ineligible,Ineligible,,Eligible,Eligible,,Eligible,Eligible,,Ineligible,Ineligible,,Eligible,Eligible,,Eligible,Eligible,,Eligible,Eligible,,Eligible,Eligible,
Electronic Instrument Trades Worker (Special Class),342315,342315,https://www.anzscolookup.com.au/occupations/342315,TRA,MLTSSL,CSOL,"12 options, 190: 6 states, 491: 6 states",Eligible | MLTSSL,Eligible | MLTSSL,Eligible | MLTSSL,Eligible | MLTSSL,Eligible | CSOL,Eligible | CSOL,Eligible | MLTSSL,Eligible | MLTSSL,"MLTSSL, CSOL",MLTSSL,CSOL,MLTSSL,MLTSSL,TRA,Ineligible,Ineligible,,Eligible,Eligible,,Eligible,Eligible,,Ineligible,Ineligible,,Eligible,Eligible,,Eligible,Eligible,,Eligible,Eligible,,Eligible,Eligible,
Electronics Engineer,233411,233411,https://www.anzscolookup.com.au/occupations/233411,Engineers Australia,MLTSSL,CSOL,"15 options, 190: 8 states, 491: 7 states",Eligible | MLTSSL,Eligible | MLTSSL,Eligible | MLTSSL,Eligible | MLTSSL,Eligible | CSOL,Eligible | CSOL,Eligible | MLTSSL,Eligible | MLTSSL,"MLTSSL, CSOL",MLTSSL,CSOL,MLTSSL,MLTSSL,Engineers Australia,Eligible,Eligible,,Eligible,Eligible,,Eligible,Ineligible,,Eligible,Eligible,,Eligible,Eligible,,Eligible,Eligible,,Eligible,Eligible,,Eligible,Eligible,
Electroplater,322112,322112,https://www.anzscolookup.com.au/occupations/322112,TRA,Not available,CSOL,"Not available, 190: 0 states, 491: 0 states",Ineligible | Not listed,Ineligible | Not listed,Ineligible | Not listed,Ineligible | Not listed,Eligible | CSOL,Eligible | CSOL,Eligible | ROL,Ineligible | Not listed,"CSOL, ROL",Not available,CSOL,ROL,Not available,Manual verification required,Ineligible,Ineligible,,Ineligible,Ineligible,,Ineligible,Ineligible,,Ineligible,Ineligible,,Ineligible,Ineligible,,Ineligible,Ineligible,,Ineligible,Ineligible,,Ineligible,Ineligible,
Emergency Medicine Specialist,253912,253912,https://www.anzscolookup.com.au/occupations/253912,MedBA,MLTSSL,CSOL,"16 options, 190: 8 states, 491: 8 states",Eligible | MLTSSL,Eligible | MLTSSL,Eligible | MLTSSL,Eligible | MLTSSL,Eligible | CSOL,Eligible | CSOL,Eligible | MLTSSL,Eligible | MLTSSL,"MLTSSL, CSOL",MLTSSL,CSOL,MLTSSL,MLTSSL,MedBA,Eligible,Eligible,,Eligible,Eligible,,Eligible,Eligible,,Eligible,Eligible,,Eligible,Eligible,,Eligible,Eligible,,Eligible,Eligible,,Eligible,Eligible,
Emergency Service Worker,441211,441211,https://www.anzscolookup.com.au/occupations/441211,VETASSESS,ROL,Not available,"5 options, 190: 0 states, 491: 5 states",Ineligible | Not listed,Ineligible | Not listed,Eligible | ROL,Ineligible | Not listed,Ineligible | Not listed,Ineligible | Not listed,Eligible | ROL,Eligible | ROL,ROL,ROL,Not available,ROL,ROL,VETASSESS,Ineligible,Ineligible,,Ineligible,Eligible,,Ineligible,Ineligible,,Ineligible,Ineligible,,Ineligible,Eligible,,Ineligible,Eligible,,Ineligible,Eligible,,Ineligible,Eligible,
Endocrinologist,253315,253315,https://www.anzscolookup.com.au/occupations/253315,MedBA,MLTSSL,CSOL,"16 options, 190: 8 states, 491: 8 states",Eligible | MLTSSL,Eligible | MLTSSL,Eligible | MLTSSL,Eligible | MLTSSL,Eligible | CSOL,Eligible | CSOL,Eligible | MLTSSL,Eligible | MLTSSL,"MLTSSL, CSOL",MLTSSL,CSOL,MLTSSL,MLTSSL,MedBA,Eligible,Eligible,,Eligible,Eligible,,Eligible,Eligible,,Eligible,Eligible,,Eligible,Eligible,,Eligible,Eligible,,Eligible,Eligible,,Eligible,Eligible,
Engineering Manager,133211,133211,https://www.anzscolookup.com.au/occupations/133211,Engineers Australia / IML,MLTSSL,CSOL,"16 options, 190: 8 states, 491: 8 states",Eligible | MLTSSL,Eligible | MLTSSL,Eligible | MLTSSL,Eligible | MLTSSL,Eligible | CSOL,Eligible | CSOL,Eligible | MLTSSL,Eligible | MLTSSL,"MLTSSL, CSOL",MLTSSL,CSOL,MLTSSL,MLTSSL,"Engineers Australia, IML",Eligible,Eligible,,Eligible,Eligible,,Eligible,Eligible,,Eligible,Eligible,,Eligible,Eligible,,Eligible,Eligible,,Eligible,Eligible,,Eligible,Eligible,
Engineering Patternmaker,323411,323411,https://www.anzscolookup.com.au/occupations/323411,TRA,Not available,CSOL,"Not available, 190: 0 states, 491: 0 states",Ineligible | Not listed,Ineligible | Not listed,Ineligible | Not listed,Ineligible | Not listed,Eligible | CSOL,Eligible | CSOL,Eligible | ROL,Ineligible | Not listed,"CSOL, ROL",Not available,CSOL,ROL,Not available,Manual verification required,Ineligible,Ineligible,,Ineligible,Ineligible,,Ineligible,Ineligible,,Ineligible,Ineligible,,Ineligible,Ineligible,,Ineligible,Ineligible,,Ineligible,Ineligible,,Ineligible,Ineligible,
Engineering Professionals (NEC),233999,233999,https://www.anzscolookup.com.au/occupations/233999,Engineers Australia,MLTSSL,CSOL,"16 options, 190: 8 states, 491: 8 states",Eligible | MLTSSL,Eligible | MLTSSL,Eligible | MLTSSL,Eligible | MLTSSL,Eligible | CSOL,Eligible | CSOL,Eligible | MLTSSL,Eligible | MLTSSL,"MLTSSL, CSOL",MLTSSL,CSOL,MLTSSL,MLTSSL,Engineers Australia,Eligible,Eligible,,Eligible,Eligible,,Eligible,Eligible,,Eligible,Eligible,,Eligible,Eligible,,Eligible,Eligible,,Eligible,Eligible,,Eligible,Eligible,
Engineering Technologist,233914,233914,https://www.anzscolookup.com.au/occupations/233914,Engineers Australia,MLTSSL,CSOL,"14 options, 190: 7 states, 491: 7 states",Eligible | MLTSSL,Eligible | MLTSSL,Eligible | MLTSSL,Eligible | MLTSSL,Eligible | CSOL,Eligible | CSOL,Eligible | MLTSSL,Eligible | MLTSSL,"MLTSSL, CSOL",MLTSSL,CSOL,MLTSSL,MLTSSL,Engineers Australia,Eligible,Eligible,,Eligible,Eligible,,Eligible,Eligible,,Ineligible,Ineligible,,Eligible,Eligible,,Eligible,Eligible,,Eligible,Eligible,,Eligible,Eligible,
engraver,323311,323311,https://www.anzscolookup.com.au/occupations/323311,TRA,Not available,Not available,"Not available, 190: 0 states, 491: 0 states",Ineligible | Not listed,Ineligible | Not listed,Ineligible | Not listed,Ineligible | Not listed,Ineligible | Not listed,Ineligible | Not listed,Eligible | ROL,Ineligible | Not listed,ROL,Not available,Not available,ROL,Not available,Manual verification required,Ineligible,Ineligible,,Ineligible,Ineligible,,Ineligible,Ineligible,,Ineligible,Ineligible,,Ineligible,Ineligible,,Ineligible,Ineligible,,Ineligible,Ineligible,,Ineligible,Ineligible,
Enrolled Nurse,411411,411411,https://www.anzscolookup.com.au/occupations/411411,ANMAC,STSOL,CSOL,"12 options, 190: 5 states, 491: 7 states",Ineligible | Not listed,Eligible | STSOL,Eligible | STSOL,Ineligible | Not listed,Eligible | CSOL,Eligible | CSOL,Eligible | ROL,Eligible | STSOL,"STSOL, CSOL, ROL",STSOL,CSOL,ROL,STSOL,ANMAC,Eligible,Eligible,,Eligible,Eligible,,Ineligible,Ineligible,,Ineligible,Eligible,,Ineligible,Eligible,,Eligible,Eligible,,Eligible,Eligible,,Eligible,Eligible,
entertainer or variety artist,211113,211113,https://www.anzscolookup.com.au/occupations/211113,VETASSESS,Not available,Not available,"Not available, 190: 0 states, 491: 0 states",Ineligible | Not listed,Ineligible | Not listed,Ineligible | Not listed,Ineligible | Not listed,Ineligible | Not listed,Ineligible | Not listed,Eligible | ROL,Ineligible | Not listed,ROL,Not available,Not available,ROL,Not available,Manual verification required,Ineligible,Ineligible,,Ineligible,Ineligible,,Ineligible,Ineligible,,Ineligible,Ineligible,,Ineligible,Ineligible,,Ineligible,Ineligible,,Ineligible,Ineligible,,Ineligible,Ineligible,
Entomologist,234521,234521,https://www.anzscolookup.com.au/occupations/234521,VETASSESS,Not available,CSOL,"Not available, 190: 0 states, 491: 0 states",Ineligible | Not listed,Ineligible | Not listed,Ineligible | Not listed,Ineligible | Not listed,Eligible | CSOL,Eligible | CSOL,Ineligible | Not listed,Ineligible | Not listed,CSOL,Not available,CSOL,Not available,Not available,Manual verification required,Ineligible,Ineligible,,Ineligible,Ineligible,,Ineligible,Ineligible,,Ineligible,Ineligible,,Ineligible,Ineligible,,Ineligible,Ineligible,,Ineligible,Ineligible,,Ineligible,Ineligible,
Environmental Consultant,234312,234312,https://www.anzscolookup.com.au/occupations/234312,VETASSESS,MLTSSL,CSOL,"14 options, 190: 7 states, 491: 7 states",Eligible | MLTSSL,Eligible | MLTSSL,Eligible | MLTSSL,Eligible | MLTSSL,Eligible | CSOL,Eligible | CSOL,Eligible | MLTSSL,Eligible | MLTSSL,"MLTSSL, CSOL",MLTSSL,CSOL,MLTSSL,MLTSSL,VETASSESS,Eligible,Eligible,,Eligible,Eligible,,Eligible,Eligible,,Eligible,Eligible,,Eligible,Eligible,,Eligible,Eligible,,Eligible,Eligible,,Ineligible,Ineligible,
Environmental Engineer,233915,233915,https://www.anzscolookup.com.au/occupations/233915,Engineers Australia,MLTSSL,CSOL,"16 options, 190: 8 states, 491: 8 states",Eligible | MLTSSL,Eligible | MLTSSL,Eligible | MLTSSL,Eligible | MLTSSL,Eligible | CSOL,Eligible | CSOL,Eligible | MLTSSL,Eligible | MLTSSL,"MLTSSL, CSOL",MLTSSL,CSOL,MLTSSL,MLTSSL,Engineers Australia,Eligible,Eligible,,Eligible,Eligible,,Eligible,Eligible,,Eligible,Eligible,,Eligible,Eligible,,Eligible,Eligible,,Eligible,Eligible,,Eligible,Eligible,
Environmental Health Officer,251311,251311,https://www.anzscolookup.com.au/occupations/251311,VETASSESS,ROL,Not available,"8 options, 190: 0 states, 491: 8 states",Ineligible | Not listed,Ineligible | Not listed,Eligible | ROL,Ineligible | Not listed,Ineligible | Not listed,Ineligible | Not listed,Eligible | ROL,Eligible | ROL,ROL,ROL,Not available,ROL,ROL,VETASSESS,Ineligible,Eligible,,Ineligible,Eligible,,Ineligible,Eligible,,Ineligible,Eligible,,Ineligible,Eligible,,Ineligible,Eligible,,Ineligible,Eligible,,Ineligible,Eligible,
Environmental Manager,139912,139912,https://www.anzscolookup.com.au/occupations/139912,VETASSESS,MLTSSL,CSOL,"12 options, 190: 6 states, 491: 6 states",Eligible | MLTSSL,Eligible | MLTSSL,Eligible | MLTSSL,Eligible | MLTSSL,Eligible | CSOL,Eligible | CSOL,Eligible | MLTSSL,Eligible | MLTSSL,"MLTSSL, CSOL",MLTSSL,CSOL,MLTSSL,MLTSSL,VETASSESS,Eligible,Eligible,,Eligible,Eligible,,Ineligible,Ineligible,,Ineligible,Ineligible,,Eligible,Eligible,,Eligible,Eligible,,Eligible,Eligible,,Eligible,Eligible,
Environmental Research Scientist,234313,234313,https://www.anzscolookup.com.au/occupations/234313,VETASSESS,MLTSSL,Not available,"14 options, 190: 7 states, 491: 7 states",Eligible | MLTSSL,Eligible | MLTSSL,Eligible | MLTSSL,Eligible | MLTSSL,Ineligible | Not listed,Ineligible | Not listed,Eligible | MLTSSL,Eligible | MLTSSL,MLTSSL,MLTSSL,Not available,MLTSSL,MLTSSL,VETASSESS,Eligible,Eligible,,Eligible,Eligible,,Eligible,Eligible,,Ineligible,Ineligible,,Eligible,Eligible,,Eligible,Eligible,,Eligible,Eligible,,Eligible,Eligible,
Environmental Scientist (NEC),234399,234399,https://www.anzscolookup.com.au/occupations/234399,VETASSESS,MLTSSL,CSOL,"14 options, 190: 7 states, 491: 7 states",Eligible | MLTSSL,Eligible | MLTSSL,Eligible | MLTSSL,Eligible | MLTSSL,Eligible | CSOL,Eligible | CSOL,Eligible | MLTSSL,Eligible | MLTSSL,"MLTSSL, CSOL",MLTSSL,CSOL,MLTSSL,MLTSSL,VETASSESS,Eligible,Eligible,,Eligible,Eligible,,Eligible,Eligible,,Eligible,Eligible,,Eligible,Eligible,,Eligible,Eligible,,Eligible,Eligible,,Ineligible,Ineligible,
Equipment Hire Manager,149915,149915,https://www.anzscolookup.com.au/occupations/149915,VETASSESS,Not available,CSOL,"Not available, 190: 0 states, 491: 0 states",Ineligible | Not listed,Ineligible | Not listed,Ineligible | Not listed,Ineligible | Not listed,Eligible | CSOL,Eligible | CSOL,Eligible | ROL,Ineligible | Not listed,"CSOL, ROL",Not available,CSOL,ROL,Not available,Manual verification required,Ineligible,Ineligible,,Ineligible,Ineligible,,Ineligible,Ineligible,,Ineligible,Ineligible,,Ineligible,Ineligible,,Ineligible,Ineligible,,Ineligible,Ineligible,,Ineligible,Ineligible,
Exercise Physiologist,234915,234915,https://www.anzscolookup.com.au/occupations/234915,VETASSESS,ROL,Not available,"6 options, 190: 0 states, 491: 6 states",Ineligible | Not listed,Ineligible | Not listed,Eligible | ROL,Ineligible | Not listed,Ineligible | Not listed,Ineligible | Not listed,Eligible | ROL,Eligible | ROL,ROL,ROL,Not available,ROL,ROL,VETASSESS,Ineligible,Ineligible,,Ineligible,Eligible,,Ineligible,Ineligible,,Ineligible,Eligible,,Ineligible,Eligible,,Ineligible,Eligible,,Ineligible,Eligible,,Ineligible,Eligible,
External Auditor,221213,221213,https://www.anzscolookup.com.au/occupations/221213,CPAA / IPA / CAANZ,MLTSSL,CSOL,"12 options, 190: 6 states, 491: 6 states",Eligible | MLTSSL,Eligible | MLTSSL,Eligible | MLTSSL,Eligible | MLTSSL,Eligible | CSOL,Eligible | CSOL,Eligible | MLTSSL,Eligible | MLTSSL,"MLTSSL, CSOL",MLTSSL,CSOL,MLTSSL,MLTSSL,"CPAA, IPA, CAANZ",Eligible,Eligible,,Eligible,Eligible,,Ineligible,Ineligible,,Ineligible,Ineligible,,Eligible,Eligible,,Eligible,Eligible,,Eligible,Eligible,,Eligible,Eligible,
Facilities Manager,149913,149913,https://www.anzscolookup.com.au/occupations/149913,VETASSESS,STSOL,Not available,"10 options, 190: 5 states, 491: 5 states",Ineligible | Not listed,Eligible | STSOL,Eligible | STSOL,Ineligible | Not listed,Ineligible | Not listed,Ineligible | Not listed,Eligible | ROL,Eligible | STSOL,"STSOL, ROL",STSOL,Not available,ROL,STSOL,VETASSESS,Ineligible,Ineligible,,Eligible,Eligible,,Ineligible,Ineligible,,Ineligible,Ineligible,,Eligible,Eligible,,Eligible,Eligible,,Eligible,Eligible,,Eligible,Eligible,
Faculty Head,134411,134411,https://www.anzscolookup.com.au/occupations/134411,VETASSESS,Not available,CSOL,"Not available, 190: 0 states, 491: 0 states",Ineligible | Not listed,Ineligible | Not listed,Ineligible | Not listed,Ineligible | Not listed,Eligible | CSOL,Eligible | CSOL,Eligible | MLTSSL,Eligible | MLTSSL,"CSOL, MLTSSL",Not available,CSOL,MLTSSL,MLTSSL,Manual verification required,Ineligible,Ineligible,,Ineligible,Ineligible,,Ineligible,Ineligible,,Ineligible,Ineligible,,Ineligible,Ineligible,,Ineligible,Ineligible,,Ineligible,Ineligible,,Ineligible,Ineligible,
Family And Marriage Counsellor,272113,272113,https://www.anzscolookup.com.au/occupations/272113,VETASSESS,STSOL,Not available,"11 options, 190: 5 states, 491: 6 states",Ineligible | Not listed,Eligible | STSOL,Eligible | STSOL,Ineligible | Not listed,Ineligible | Not listed,Ineligible | Not listed,Eligible | ROL,Eligible | STSOL,"STSOL, ROL",STSOL,Not available,ROL,STSOL,VETASSESS,Eligible,Eligible,,Eligible,Eligible,,Ineligible,Ineligible,,Ineligible,Ineligible,,Ineligible,Eligible,,Eligible,Eligible,,Eligible,Eligible,,Eligible,Eligible,
Family Support Worker,411713,411713,https://www.anzscolookup.com.au/occupations/411713,ACWA,STSOL,CSOL,"13 options, 190: 6 states, 491: 7 states",Ineligible | Not listed,Eligible | STSOL,Eligible | STSOL,Ineligible | Not listed,Eligible | CSOL,Eligible | CSOL,Eligible | ROL,Eligible | STSOL,"STSOL, CSOL, ROL",STSOL,CSOL,ROL,STSOL,ACWA,Eligible,Eligible,,Eligible,Eligible,,Eligible,Eligible,,Ineligible,Ineligible,,Ineligible,Eligible,,Eligible,Eligible,,Eligible,Eligible,,Eligible,Eligible,
Farrier,322113,322113,https://www.anzscolookup.com.au/occupations/322113,TRA,STSOL,CSOL,"8 options, 190: 4 states, 491: 4 states",Ineligible | Not listed,Eligible | STSOL,Eligible | STSOL,Ineligible | Not listed,Eligible | CSOL,Eligible | CSOL,Eligible | ROL,Eligible | STSOL,"STSOL, CSOL, ROL",STSOL,CSOL,ROL,STSOL,TRA,Ineligible,Ineligible,,Eligible,Eligible,,Ineligible,Ineligible,,Ineligible,Ineligible,,Ineligible,Ineligible,,Eligible,Eligible,,Eligible,Eligible,,Eligible,Eligible,
Fashion Designer,232311,232311,https://www.anzscolookup.com.au/occupations/232311,VETASSESS,STSOL,Not available,"7 options, 190: 3 states, 491: 4 states",Ineligible | Not listed,Eligible | STSOL,Eligible | STSOL,Ineligible | Not listed,Ineligible | Not listed,Ineligible | Not listed,Eligible | ROL,Eligible | STSOL,"STSOL, ROL",STSOL,Not available,ROL,STSOL,VETASSESS,Ineligible,Ineligible,,Eligible,Eligible,,Ineligible,Ineligible,,Ineligible,Ineligible,,Ineligible,Eligible,,Eligible,Eligible,,Eligible,Eligible,,Ineligible,Ineligible,
Film And Video Editor,212314,212314,https://www.anzscolookup.com.au/occupations/212314,VETASSESS,STSOL,Not available,"8 options, 190: 4 states, 491: 4 states",Ineligible | Not listed,Eligible | STSOL,Eligible | STSOL,Ineligible | Not listed,Ineligible | Not listed,Ineligible | Not listed,Eligible | ROL,Eligible | STSOL,"STSOL, ROL",STSOL,Not available,ROL,STSOL,VETASSESS,Ineligible,Ineligible,,Eligible,Eligible,,Ineligible,Ineligible,,Ineligible,Ineligible,,Ineligible,Ineligible,,Eligible,Eligible,,Eligible,Eligible,,Eligible,Eligible,
"film, television, radio and stage directors (nec)",212399,212399,https://www.anzscolookup.com.au/occupations/212399,VETASSESS,Not available,Not available,"Not available, 190: 0 states, 491: 0 states",Ineligible | Not listed,Ineligible | Not listed,Ineligible | Not listed,Ineligible | Not listed,Ineligible | Not listed,Ineligible | Not listed,Eligible | ROL,Ineligible | Not listed,ROL,Not available,Not available,ROL,Not available,Manual verification required,Ineligible,Ineligible,,Ineligible,Ineligible,,Ineligible,Ineligible,,Ineligible,Ineligible,,Ineligible,Ineligible,,Ineligible,Ineligible,,Ineligible,Ineligible,,Ineligible,Ineligible,
Finance Broker,222112,222112,https://www.anzscolookup.com.au/occupations/222112,VETASSESS,STSOL,CSOL,"10 options, 190: 5 states, 491: 5 states",Ineligible | Not listed,Eligible | STSOL,Eligible | STSOL,Ineligible | Not listed,Eligible | CSOL,Eligible | CSOL,Eligible | ROL,Eligible | STSOL,"STSOL, CSOL, ROL",STSOL,CSOL,ROL,STSOL,VETASSESS,Ineligible,Ineligible,,Eligible,Eligible,,Ineligible,Ineligible,,Ineligible,Ineligible,,Eligible,Eligible,,Eligible,Eligible,,Eligible,Eligible,,Eligible,Eligible,
Finance Manager,132211,132211,https://www.anzscolookup.com.au/occupations/132211,CPAA / IPA / CAANZ,STSOL,CSOL,"10 options, 190: 5 states, 491: 5 states",Ineligible | Not listed,Eligible | STSOL,Eligible | STSOL,Ineligible | Not listed,Eligible | CSOL,Eligible | CSOL,Eligible | ROL,Eligible | STSOL,"STSOL, CSOL, ROL",STSOL,CSOL,ROL,STSOL,"CPAA, IPA, CAANZ",Ineligible,Ineligible,,Eligible,Eligible,,Ineligible,Ineligible,,Ineligible,Ineligible,,Eligible,Eligible,,Eligible,Eligible,,Eligible,Eligible,,Eligible,Eligible,
Financial Brokers (NEC),222199,222199,https://www.anzscolookup.com.au/occupations/222199,VETASSESS,STSOL,Not available,"10 options, 190: 5 states, 491: 5 states",Ineligible | Not listed,Eligible | STSOL,Eligible | STSOL,Ineligible | Not listed,Ineligible | Not listed,Ineligible | Not listed,Eligible | ROL,Eligible | STSOL,"STSOL, ROL",STSOL,Not available,ROL,STSOL,VETASSESS,Ineligible,Ineligible,,Eligible,Eligible,,Ineligible,Ineligible,,Ineligible,Ineligible,,Eligible,Eligible,,Eligible,Eligible,,Eligible,Eligible,,Eligible,Eligible,
Financial Dealers (NEC),222299,222299,https://www.anzscolookup.com.au/occupations/222299,VETASSESS,STSOL,Not available,"8 options, 190: 4 states, 491: 4 states",Ineligible | Not listed,Eligible | STSOL,Eligible | STSOL,Ineligible | Not listed,Ineligible | Not listed,Ineligible | Not listed,Eligible | ROL,Eligible | STSOL,"STSOL, ROL",STSOL,Not available,ROL,STSOL,VETASSESS,Ineligible,Ineligible,,Eligible,Eligible,,Ineligible,Ineligible,,Ineligible,Ineligible,,Ineligible,Ineligible,,Eligible,Eligible,,Eligible,Eligible,,Eligible,Eligible,
Financial Institution Branch Manager,149914,149914,https://www.anzscolookup.com.au/occupations/149914,VETASSESS,ROL,CSOL,"4 options, 190: 0 states, 491: 4 states",Ineligible | Not listed,Ineligible | Not listed,Eligible | ROL,Ineligible | Not listed,Eligible | CSOL,Eligible | CSOL,Eligible | ROL,Eligible | ROL,"ROL, CSOL",ROL,CSOL,ROL,ROL,VETASSESS,Ineligible,Ineligible,,Ineligible,Eligible,,Ineligible,Ineligible,,Ineligible,Ineligible,,Ineligible,Ineligible,,Ineligible,Eligible,,Ineligible,Eligible,,Ineligible,Eligible,
Financial Investment Adviser,222311,222311,https://www.anzscolookup.com.au/occupations/222311,VETASSESS,STSOL,CSOL,"10 options, 190: 5 states, 491: 5 states",Ineligible | Not listed,Eligible | STSOL,Eligible | STSOL,Ineligible | Not listed,Eligible | CSOL,Eligible | CSOL,Eligible | ROL,Eligible | STSOL,"STSOL, CSOL, ROL",STSOL,CSOL,ROL,STSOL,VETASSESS,Ineligible,Ineligible,,Eligible,Eligible,,Ineligible,Ineligible,,Ineligible,Ineligible,,Eligible,Eligible,,Eligible,Eligible,,Eligible,Eligible,,Eligible,Eligible,
Financial Investment Manager,222312,222312,https://www.anzscolookup.com.au/occupations/222312,VETASSESS,STSOL,Not available,"10 options, 190: 5 states, 491: 5 states",Ineligible | Not listed,Eligible | STSOL,Eligible | STSOL,Ineligible | Not listed,Ineligible | Not listed,Ineligible | Not listed,Eligible | ROL,Eligible | STSOL,"STSOL, ROL",STSOL,Not available,ROL,STSOL,VETASSESS,Ineligible,Ineligible,,Eligible,Eligible,,Ineligible,Ineligible,,Ineligible,Ineligible,,Eligible,Eligible,,Eligible,Eligible,,Eligible,Eligible,,Eligible,Eligible,
Financial Market Dealer,222211,222211,https://www.anzscolookup.com.au/occupations/222211,VETASSESS,STSOL,Not available,"8 options, 190: 4 states, 491: 4 states",Ineligible | Not listed,Eligible | STSOL,Eligible | STSOL,Ineligible | Not listed,Ineligible | Not listed,Ineligible | Not listed,Eligible | ROL,Eligible | STSOL,"STSOL, ROL",STSOL,Not available,ROL,STSOL,VETASSESS,Ineligible,Ineligible,,Eligible,Eligible,,Ineligible,Ineligible,,Ineligible,Ineligible,,Ineligible,Ineligible,,Eligible,Eligible,,Eligible,Eligible,,Eligible,Eligible,
Fire Protection Equipment Technician,399918,399918,https://www.anzscolookup.com.au/occupations/399918,TRA,Not available,CSOL,"Not available, 190: 0 states, 491: 0 states",Ineligible | Not listed,Ineligible | Not listed,Ineligible | Not listed,Ineligible | Not listed,Eligible | CSOL,Eligible | CSOL,Eligible | ROL,Ineligible | Not listed,"CSOL, ROL",Not available,CSOL,ROL,Not available,Manual verification required,Ineligible,Ineligible,,Ineligible,Ineligible,,Ineligible,Ineligible,,Ineligible,Ineligible,,Ineligible,Ineligible,,Ineligible,Ineligible,,Ineligible,Ineligible,,Ineligible,Ineligible,
Fire Protection Plumber,334117,334117,https://www.anzscolookup.com.au/occupations/334117,TRA,Not available,CSOL,"Not available, 190: 0 states, 491: 0 states",Ineligible | Not listed,Ineligible | Not listed,Ineligible | Not listed,Ineligible | Not listed,Eligible | CSOL,Eligible | CSOL,Ineligible | Not listed,Ineligible | Not listed,CSOL,Not available,CSOL,Not available,Not available,Manual verification required,Ineligible,Ineligible,,Ineligible,Ineligible,,Ineligible,Ineligible,,Ineligible,Ineligible,,Ineligible,Ineligible,,Ineligible,Ineligible,,Ineligible,Ineligible,,Ineligible,Ineligible,
First Aid Trainer,451815,451815,https://www.anzscolookup.com.au/occupations/451815,VETASSESS,ROL,Not available,"3 options, 190: 0 states, 491: 3 states",Ineligible | Not listed,Ineligible | Not listed,Eligible | ROL,Ineligible | Not listed,Ineligible | Not listed,Ineligible | Not listed,Eligible | ROL,Eligible | ROL,ROL,ROL,Not available,ROL,ROL,VETASSESS,Ineligible,Ineligible,,Ineligible,Eligible,,Ineligible,Ineligible,,Ineligible,Ineligible,,Ineligible,Ineligible,,Ineligible,Eligible,,Ineligible,Eligible,,Ineligible,Ineligible,
fisheries officer,311311,311311,https://www.anzscolookup.com.au/occupations/311311,VETASSESS,Not available,Not available,"Not available, 190: 0 states, 491: 0 states",Ineligible | Not listed,Ineligible | Not listed,Ineligible | Not listed,Ineligible | Not listed,Ineligible | Not listed,Ineligible | Not listed,Eligible | ROL,Ineligible | Not listed,ROL,Not available,Not available,ROL,Not available,Manual verification required,Ineligible,Ineligible,,Ineligible,Ineligible,,Ineligible,Ineligible,,Ineligible,Ineligible,,Ineligible,Ineligible,,Ineligible,Ineligible,,Ineligible,Ineligible,,Ineligible,Ineligible,
Fitness Centre Manager,149112,149112,https://www.anzscolookup.com.au/occupations/149112,VETASSESS,ROL,Not available,"4 options, 190: 0 states, 491: 4 states",Ineligible | Not listed,Ineligible | Not listed,Eligible | ROL,Ineligible | Not listed,Ineligible | Not listed,Ineligible | Not listed,Eligible | ROL,Eligible | ROL,ROL,ROL,Not available,ROL,ROL,VETASSESS,Ineligible,Ineligible,,Ineligible,Eligible,,Ineligible,Ineligible,,Ineligible,Ineligible,,Ineligible,Eligible,,Ineligible,Eligible,,Ineligible,Eligible,,Ineligible,Ineligible,
Fitter (General),323211,323211,https://www.anzscolookup.com.au/occupations/323211,TRA,MLTSSL,CSOL,"16 options, 190: 8 states, 491: 8 states",Eligible | MLTSSL,Eligible | MLTSSL,Eligible | MLTSSL,Eligible | MLTSSL,Eligible | CSOL,Eligible | CSOL,Eligible | MLTSSL,Eligible | MLTSSL,"MLTSSL, CSOL",MLTSSL,CSOL,MLTSSL,MLTSSL,TRA,Eligible,Eligible,,Eligible,Eligible,,Eligible,Eligible,,Eligible,Eligible,,Eligible,Eligible,,Eligible,Eligible,,Eligible,Eligible,,Eligible,Eligible,
Fitter And Turner,323212,323212,https://www.anzscolookup.com.au/occupations/323212,TRA,MLTSSL,CSOL,"16 options, 190: 8 states, 491: 8 states",Eligible | MLTSSL,Eligible | MLTSSL,Eligible | MLTSSL,Eligible | MLTSSL,Eligible | CSOL,Eligible | CSOL,Eligible | MLTSSL,Eligible | MLTSSL,"MLTSSL, CSOL",MLTSSL,CSOL,MLTSSL,MLTSSL,TRA,Eligible,Eligible,,Eligible,Eligible,,Eligible,Eligible,,Eligible,Eligible,,Eligible,Eligible,,Eligible,Eligible,,Eligible,Eligible,,Eligible,Eligible,
Fitter Welder,323213,323213,https://www.anzscolookup.com.au/occupations/323213,TRA,MLTSSL,CSOL,"16 options, 190: 8 states, 491: 8 states",Eligible | MLTSSL,Eligible | MLTSSL,Eligible | MLTSSL,Eligible | MLTSSL,Eligible | CSOL,Eligible | CSOL,Eligible | MLTSSL,Eligible | MLTSSL,"MLTSSL, CSOL",MLTSSL,CSOL,MLTSSL,MLTSSL,TRA,Eligible,Eligible,,Eligible,Eligible,,Eligible,Eligible,,Eligible,Eligible,,Eligible,Eligible,,Eligible,Eligible,,Eligible,Eligible,,Eligible,Eligible,
Fleet Manager,149411,149411,https://www.anzscolookup.com.au/occupations/149411,VETASSESS,Not available,CSOL,"Not available, 190: 0 states, 491: 0 states",Ineligible | Not listed,Ineligible | Not listed,Ineligible | Not listed,Ineligible | Not listed,Eligible | CSOL,Eligible | CSOL,Eligible | ROL,Ineligible | Not listed,"CSOL, ROL",Not available,CSOL,ROL,Not available,Manual verification required,Ineligible,Ineligible,,Ineligible,Ineligible,,Ineligible,Ineligible,,Ineligible,Ineligible,,Ineligible,Ineligible,,Ineligible,Ineligible,,Ineligible,Ineligible,,Ineligible,Ineligible,
Flight Attendant,451711,451711,https://www.anzscolookup.com.au/occupations/451711,VETASSESS,ROL,CSOL,"3 options, 190: 0 states, 491: 3 states",Ineligible | Not listed,Ineligible | Not listed,Eligible | ROL,Ineligible | Not listed,Eligible | CSOL,Eligible | CSOL,Eligible | ROL,Eligible | ROL,"ROL, CSOL",ROL,CSOL,ROL,ROL,VETASSESS,Ineligible,Ineligible,,Ineligible,Eligible,,Ineligible,Ineligible,,Ineligible,Ineligible,,Ineligible,Ineligible,,Ineligible,Eligible,,Ineligible,Eligible,,Ineligible,Ineligible,
Floor Finisher,332111,332111,https://www.anzscolookup.com.au/occupations/332111,TRA,ROL,CSOL,"7 options, 190: 0 states, 491: 7 states",Ineligible | Not listed,Ineligible | Not listed,Eligible | ROL,Ineligible | Not listed,Eligible | CSOL,Eligible | CSOL,Eligible | ROL,Eligible | ROL,"ROL, CSOL",ROL,CSOL,ROL,ROL,TRA,Ineligible,Eligible,,Ineligible,Eligible,,Ineligible,Ineligible,,Ineligible,Eligible,,Ineligible,Eligible,,Ineligible,Eligible,,Ineligible,Eligible,,Ineligible,Eligible,
Florist,362111,362111,https://www.anzscolookup.com.au/occupations/362111,TRA,STSOL,Not available,"6 options, 190: 3 states, 491: 3 states",Ineligible | Not listed,Eligible | STSOL,Eligible | STSOL,Ineligible | Not listed,Ineligible | Not listed,Ineligible | Not listed,Eligible | ROL,Eligible | STSOL,"STSOL, ROL",STSOL,Not available,ROL,STSOL,TRA,Ineligible,Ineligible,,Eligible,Eligible,,Ineligible,Ineligible,,Ineligible,Ineligible,,Ineligible,Ineligible,,Eligible,Eligible,,Eligible,Eligible,,Ineligible,Ineligible,
flower grower,121611,121611,https://www.anzscolookup.com.au/occupations/121611,VETASSESS,STSOL,CSOL,"6 options, 190: 3 states, 491: 3 states",Ineligible | Not listed,Eligible | STSOL,Eligible | STSOL,Ineligible | Not listed,Eligible | CSOL,Eligible | CSOL,Eligible | STSOL,Eligible | STSOL,"STSOL, CSOL",STSOL,CSOL,STSOL,STSOL,VETASSESS,Ineligible,Ineligible,,Eligible,Eligible,,Ineligible,Ineligible,,Ineligible,Ineligible,,Ineligible,Ineligible,,Eligible,Eligible,,Eligible,Eligible,,Ineligible,Ineligible,
Flower Grower,121212,121212,https://www.anzscolookup.com.au/occupations/121212,Manual verification required,"Not available, Not available, Not available","Not available, Not available, Not available","Not available, 190: 0 states, 491: 0 states",Ineligible | Not listed,Ineligible | Not listed,Ineligible | Not listed,Ineligible | Not listed,Ineligible | Not listed,Ineligible | Not listed,Ineligible | Not listed,Ineligible | Not listed,,,,,,,Ineligible,Ineligible,,Ineligible,Ineligible,,Ineligible,Ineligible,,Ineligible,Ineligible,,Ineligible,Ineligible,,Ineligible,Ineligible,,Ineligible,Ineligible,,Ineligible,Ineligible,
Flying Instructor,231113,231113,https://www.anzscolookup.com.au/occupations/231113,VETASSESS,ROL,CSOL,"5 options, 190: 0 states, 491: 5 states",Ineligible | Not listed,Ineligible | Not listed,Eligible | ROL,Ineligible | Not listed,Eligible | CSOL,Eligible | CSOL,Eligible | ROL,Eligible | ROL,"ROL, CSOL",ROL,CSOL,ROL,ROL,VETASSESS,Ineligible,Ineligible,,Ineligible,Eligible,,Ineligible,Ineligible,,Ineligible,Ineligible,,Ineligible,Eligible,,Ineligible,Eligible,,Ineligible,Eligible,,Ineligible,Eligible,
Food Technologist,234212,234212,https://www.anzscolookup.com.au/occupations/234212,VETASSESS,MLTSSL,CSOL,"12 options, 190: 6 states, 491: 6 states",Eligible | MLTSSL,Eligible | MLTSSL,Eligible | MLTSSL,Eligible | MLTSSL,Eligible | CSOL,Eligible | CSOL,Eligible | MLTSSL,Eligible | MLTSSL,"MLTSSL, CSOL",MLTSSL,CSOL,MLTSSL,MLTSSL,VETASSESS,Ineligible,Ineligible,,Eligible,Eligible,,Eligible,Eligible,,Ineligible,Ineligible,,Eligible,Eligible,,Eligible,Eligible,,Eligible,Eligible,,Eligible,Eligible,
Footballer,452411,452411,https://www.anzscolookup.com.au/occupations/452411,VETASSESS,MLTSSL,Not available,"8 options, 190: 4 states, 491: 4 states",Eligible | MLTSSL,Eligible | MLTSSL,Eligible | MLTSSL,Eligible | MLTSSL,Ineligible | Not listed,Ineligible | Not listed,Eligible | MLTSSL,Eligible | MLTSSL,MLTSSL,MLTSSL,Not available,MLTSSL,MLTSSL,VETASSESS,Ineligible,Ineligible,,Eligible,Eligible,,Ineligible,Ineligible,,Ineligible,Ineligible,,Eligible,Eligible,,Eligible,Eligible,,Eligible,Eligible,,Ineligible,Ineligible,
Forester / Forest Scientist,234113,234113,https://www.anzscolookup.com.au/occupations/234113,VETASSESS,MLTSSL,Not available,"11 options, 190: 6 states, 491: 5 states",Eligible | MLTSSL,Eligible | MLTSSL,Eligible | MLTSSL,Eligible | MLTSSL,Ineligible | Not listed,Ineligible | Not listed,Eligible | MLTSSL,Eligible | MLTSSL,MLTSSL,MLTSSL,Not available,MLTSSL,MLTSSL,VETASSESS,Ineligible,Ineligible,,Eligible,Eligible,,Eligible,Ineligible,,Eligible,Eligible,,Ineligible,Ineligible,,Eligible,Eligible,,Eligible,Eligible,,Eligible,Eligible,
Fruit Or Nut Grower,121213,121213,https://www.anzscolookup.com.au/occupations/121213,VETASSESS,ROL,Not available,"5 options, 190: 0 states, 491: 5 states",Ineligible | Not listed,Ineligible | Not listed,Eligible | ROL,Ineligible | Not listed,Ineligible | Not listed,Ineligible | Not listed,Eligible | ROL,Eligible | ROL,ROL,ROL,Not available,ROL,ROL,VETASSESS,Ineligible,Ineligible,,Ineligible,Eligible,,Ineligible,Eligible,,Ineligible,Ineligible,,Ineligible,Ineligible,,Ineligible,Eligible,,Ineligible,Eligible,,Ineligible,Eligible,
funeral director,451311,451311,https://www.anzscolookup.com.au/occupations/451311,VETASSESS,Not available,Not available,"Not available, 190: 0 states, 491: 0 states",Ineligible | Not listed,Ineligible | Not listed,Ineligible | Not listed,Ineligible | Not listed,Ineligible | Not listed,Ineligible | Not listed,Eligible | ROL,Ineligible | Not listed,ROL,Not available,Not available,ROL,Not available,Manual verification required,Ineligible,Ineligible,,Ineligible,Ineligible,,Ineligible,Ineligible,,Ineligible,Ineligible,,Ineligible,Ineligible,,Ineligible,Ineligible,,Ineligible,Ineligible,,Ineligible,Ineligible,
Funeral Workers (NEC),451399,451399,https://www.anzscolookup.com.au/occupations/451399,VETASSESS,ROL,Not available,"4 options, 190: 0 states, 491: 4 states",Ineligible | Not listed,Ineligible | Not listed,Eligible | ROL,Ineligible | Not listed,Ineligible | Not listed,Ineligible | Not listed,Eligible | ROL,Eligible | ROL,ROL,ROL,Not available,ROL,ROL,VETASSESS,Ineligible,Ineligible,,Ineligible,Eligible,,Ineligible,Ineligible,,Ineligible,Ineligible,,Ineligible,Ineligible,,Ineligible,Eligible,,Ineligible,Eligible,,Ineligible,Eligible,
Furniture Finisher,394211,394211,https://www.anzscolookup.com.au/occupations/394211,TRA,STSOL,CSOL,"7 options, 190: 3 states, 491: 4 states",Ineligible | Not listed,Eligible | STSOL,Eligible | STSOL,Ineligible | Not listed,Eligible | CSOL,Eligible | CSOL,Eligible | ROL,Eligible | STSOL,"STSOL, CSOL, ROL",STSOL,CSOL,ROL,STSOL,TRA,Ineligible,Ineligible,,Eligible,Eligible,,Ineligible,Eligible,,Ineligible,Ineligible,,Ineligible,Ineligible,,Eligible,Eligible,,Eligible,Eligible,,Ineligible,Ineligible,
Furniture Maker,394113,394113,https://www.anzscolookup.com.au/occupations/394113,TRA,Not available,CSOL,"Not available, 190: 0 states, 491: 0 states",Ineligible | Not listed,Ineligible | Not listed,Ineligible | Not listed,Ineligible | Not listed,Eligible | CSOL,Eligible | CSOL,Ineligible | Not listed,Ineligible | Not listed,CSOL,Not available,CSOL,Not available,Not available,Manual verification required,Ineligible,Ineligible,,Ineligible,Ineligible,,Ineligible,Ineligible,,Ineligible,Ineligible,,Ineligible,Ineligible,,Ineligible,Ineligible,,Ineligible,Ineligible,,Ineligible,Ineligible,
futures trader,222212,222212,https://www.anzscolookup.com.au/occupations/222212,VETASSESS,Not available,Not available,"Not available, 190: 0 states, 491: 0 states",Ineligible | Not listed,Ineligible | Not listed,Ineligible | Not listed,Ineligible | Not listed,Ineligible | Not listed,Ineligible | Not listed,Eligible | ROL,Ineligible | Not listed,ROL,Not available,Not available,ROL,Not available,Manual verification required,Ineligible,Ineligible,,Ineligible,Ineligible,,Ineligible,Ineligible,,Ineligible,Ineligible,,Ineligible,Ineligible,,Ineligible,Ineligible,,Ineligible,Ineligible,,Ineligible,Ineligible,
Gallery Or Museum Curator,224212,224212,https://www.anzscolookup.com.au/occupations/224212,VETASSESS,STSOL,Not available,"6 options, 190: 3 states, 491: 3 states",Ineligible | Not listed,Eligible | STSOL,Eligible | STSOL,Ineligible | Not listed,Ineligible | Not listed,Ineligible | Not listed,Eligible | ROL,Eligible | STSOL,"STSOL, ROL",STSOL,Not available,ROL,STSOL,VETASSESS,Ineligible,Ineligible,,Eligible,Eligible,,Ineligible,Ineligible,,Ineligible,Ineligible,,Ineligible,Ineligible,,Eligible,Eligible,,Eligible,Eligible,,Ineligible,Ineligible,
gallery or museum technician,399311,399311,https://www.anzscolookup.com.au/occupations/399311,TRA,Not available,Not available,"Not available, 190: 0 states, 491: 0 states",Ineligible | Not listed,Ineligible | Not listed,Ineligible | Not listed,Ineligible | Not listed,Ineligible | Not listed,Ineligible | Not listed,Eligible | ROL,Ineligible | Not listed,ROL,Not available,Not available,ROL,Not available,Manual verification required,Ineligible,Ineligible,,Ineligible,Ineligible,,Ineligible,Ineligible,,Ineligible,Ineligible,,Ineligible,Ineligible,,Ineligible,Ineligible,,Ineligible,Ineligible,,Ineligible,Ineligible,
Gardener (General),362211,362211,https://www.anzscolookup.com.au/occupations/362211,TRA,STSOL,Not available,"8 options, 190: 4 states, 491: 4 states",Ineligible | Not listed,Eligible | STSOL,Eligible | STSOL,Ineligible | Not listed,Ineligible | Not listed,Ineligible | Not listed,Eligible | ROL,Eligible | STSOL,"STSOL, ROL",STSOL,Not available,ROL,STSOL,TRA,Ineligible,Ineligible,,Eligible,Eligible,,Ineligible,Ineligible,,Ineligible,Ineligible,,Ineligible,Ineligible,,Eligible,Eligible,,Eligible,Eligible,,Eligible,Eligible,
Gas Or Petroleum Operator,399212,399212,https://www.anzscolookup.com.au/occupations/399212,TRA,ROL,CSOL,"5 options, 190: 0 states, 491: 5 states",Ineligible | Not listed,Ineligible | Not listed,Eligible | ROL,Ineligible | Not listed,Eligible | CSOL,Eligible | CSOL,Eligible | ROL,Eligible | ROL,"ROL, CSOL",ROL,CSOL,ROL,ROL,TRA,Ineligible,Ineligible,,Ineligible,Eligible,,Ineligible,Eligible,,Ineligible,Ineligible,,Ineligible,Ineligible,,Ineligible,Eligible,,Ineligible,Eligible,,Ineligible,Eligible,
Gasfitter,334114,334114,https://www.anzscolookup.com.au/occupations/334114,TRA,MLTSSL,CSOL,"16 options, 190: 8 states, 491: 8 states",Eligible | MLTSSL,Eligible | MLTSSL,Eligible | MLTSSL,Eligible | MLTSSL,Eligible | CSOL,Eligible | CSOL,Eligible | MLTSSL,Eligible | MLTSSL,"MLTSSL, CSOL",MLTSSL,CSOL,MLTSSL,MLTSSL,TRA,Eligible,Eligible,,Eligible,Eligible,,Eligible,Eligible,,Eligible,Eligible,,Eligible,Eligible,,Eligible,Eligible,,Eligible,Eligible,,Eligible,Eligible,
Gastroenterologist,253316,253316,https://www.anzscolookup.com.au/occupations/253316,MedBA,MLTSSL,CSOL,"16 options, 190: 8 states, 491: 8 states",Eligible | MLTSSL,Eligible | MLTSSL,Eligible | MLTSSL,Eligible | MLTSSL,Eligible | CSOL,Eligible | CSOL,Eligible | MLTSSL,Eligible | MLTSSL,"MLTSSL, CSOL",MLTSSL,CSOL,MLTSSL,MLTSSL,MedBA,Eligible,Eligible,,Eligible,Eligible,,Eligible,Eligible,,Eligible,Eligible,,Eligible,Eligible,,Eligible,Eligible,,Eligible,Eligible,,Eligible,Eligible,
General Practitioner,253111,253111,https://www.anzscolookup.com.au/occupations/253111,MedBA,MLTSSL,CSOL,"16 options, 190: 8 states, 491: 8 states",Eligible | MLTSSL,Eligible | MLTSSL,Eligible | MLTSSL,Eligible | MLTSSL,Eligible | CSOL,Eligible | CSOL,Eligible | MLTSSL,Eligible | MLTSSL,"MLTSSL, CSOL",MLTSSL,CSOL,MLTSSL,MLTSSL,MedBA,Eligible,Eligible,,Eligible,Eligible,,Eligible,Eligible,,Eligible,Eligible,,Eligible,Eligible,,Eligible,Eligible,,Eligible,Eligible,,Eligible,Eligible,
Geologist,234411,234411,https://www.anzscolookup.com.au/occupations/234411,VETASSESS,STSOL,CSOL,"14 options, 190: 7 states, 491: 7 states",Ineligible | Not listed,Eligible | STSOL,Eligible | STSOL,Ineligible | Not listed,Eligible | CSOL,Eligible | CSOL,Eligible | ROL,Eligible | STSOL,"STSOL, CSOL, ROL",STSOL,CSOL,ROL,STSOL,VETASSESS,Ineligible,Ineligible,,Eligible,Eligible,,Eligible,Eligible,,Eligible,Eligible,,Eligible,Eligible,,Eligible,Eligible,,Eligible,Eligible,,Eligible,Eligible,
Geophysicist,234412,234412,https://www.anzscolookup.com.au/occupations/234412,VETASSESS,MLTSSL,CSOL,"12 options, 190: 6 states, 491: 6 states",Eligible | MLTSSL,Eligible | MLTSSL,Eligible | MLTSSL,Eligible | MLTSSL,Eligible | CSOL,Eligible | CSOL,Eligible | MLTSSL,Eligible | MLTSSL,"MLTSSL, CSOL",MLTSSL,CSOL,MLTSSL,MLTSSL,VETASSESS,Ineligible,Ineligible,,Eligible,Eligible,,Eligible,Eligible,,Ineligible,Ineligible,,Eligible,Eligible,,Eligible,Eligible,,Eligible,Eligible,,Eligible,Eligible,
Geotechnical Engineer,233212,233212,https://www.anzscolookup.com.au/occupations/233212,Engineers Australia,MLTSSL,CSOL,"16 options, 190: 8 states, 491: 8 states",Eligible | MLTSSL,Eligible | MLTSSL,Eligible | MLTSSL,Eligible | MLTSSL,Eligible | CSOL,Eligible | CSOL,Eligible | MLTSSL,Eligible | MLTSSL,"MLTSSL, CSOL",MLTSSL,CSOL,MLTSSL,MLTSSL,Engineers Australia,Eligible,Eligible,,Eligible,Eligible,,Eligible,Eligible,,Eligible,Eligible,,Eligible,Eligible,,Eligible,Eligible,,Eligible,Eligible,,Eligible,Eligible,
Glazier,333111,333111,https://www.anzscolookup.com.au/occupations/333111,TRA,MLTSSL,CSOL,"16 options, 190: 8 states, 491: 8 states",Eligible | MLTSSL,Eligible | MLTSSL,Eligible | MLTSSL,Eligible | MLTSSL,Eligible | CSOL,Eligible | CSOL,Eligible | MLTSSL,Eligible | MLTSSL,"MLTSSL, CSOL",MLTSSL,CSOL,MLTSSL,MLTSSL,TRA,Eligible,Eligible,,Eligible,Eligible,,Eligible,Eligible,,Eligible,Eligible,,Eligible,Eligible,,Eligible,Eligible,,Eligible,Eligible,,Eligible,Eligible,
Goat Farmer,121315,121315,https://www.anzscolookup.com.au/occupations/121315,VETASSESS,ROL,CSOL,"4 options, 190: 0 states, 491: 4 states",Ineligible | Not listed,Ineligible | Not listed,Eligible | ROL,Ineligible | Not listed,Eligible | CSOL,Eligible | CSOL,Eligible | ROL,Eligible | ROL,"ROL, CSOL",ROL,CSOL,ROL,ROL,VETASSESS,Ineligible,Ineligible,,Ineligible,Eligible,,Ineligible,Ineligible,,Ineligible,Ineligible,,Ineligible,Ineligible,,Ineligible,Eligible,,Ineligible,Eligible,,Ineligible,Eligible,
golfer,452412,452412,https://www.anzscolookup.com.au/occupations/452412,VETASSESS,Not available,Not available,"Not available, 190: 0 states, 491: 0 states",Ineligible | Not listed,Ineligible | Not listed,Ineligible | Not listed,Ineligible | Not listed,Ineligible | Not listed,Ineligible | Not listed,Eligible | ROL,Ineligible | Not listed,ROL,Not available,Not available,ROL,Not available,Manual verification required,Ineligible,Ineligible,,Ineligible,Ineligible,,Ineligible,Ineligible,,Ineligible,Ineligible,,Ineligible,Ineligible,,Ineligible,Ineligible,,Ineligible,Ineligible,,Ineligible,Ineligible,
"Grain, Oilseed Or Pasture Grower (Aus)/Field Crop Grower (Nz)",121214,121214,https://www.anzscolookup.com.au/occupations/121214,VETASSESS,ROL,Not available,"5 options, 190: 0 states, 491: 5 states",Ineligible | Not listed,Ineligible | Not listed,Eligible | ROL,Ineligible | Not listed,Ineligible | Not listed,Ineligible | Not listed,Eligible | ROL,Eligible | ROL,ROL,ROL,Not available,ROL,ROL,VETASSESS,Ineligible,Ineligible,,Ineligible,Eligible,,Ineligible,Eligible,,Ineligible,Ineligible,,Ineligible,Ineligible,,Ineligible,Eligible,,Ineligible,Eligible,,Ineligible,Eligible,
Grape Grower,121215,121215,https://www.anzscolookup.com.au/occupations/121215,VETASSESS,STSOL,Not available,"9 options, 190: 4 states, 491: 5 states",Ineligible | Not listed,Eligible | STSOL,Eligible | STSOL,Ineligible | Not listed,Ineligible | Not listed,Ineligible | Not listed,Eligible | ROL,Eligible | STSOL,"STSOL, ROL",STSOL,Not available,ROL,STSOL,VETASSESS,Ineligible,Ineligible,,Eligible,Eligible,,Ineligible,Eligible,,Ineligible,Ineligible,,Ineligible,Ineligible,,Eligible,Eligible,,Eligible,Eligible,,Eligible,Eligible,
Graphic Designer,232411,232411,https://www.anzscolookup.com.au/occupations/232411,VETASSESS,STSOL,Not available,"8 options, 190: 4 states, 491: 4 states",Ineligible | Not listed,Eligible | STSOL,Eligible | STSOL,Ineligible | Not listed,Ineligible | Not listed,Ineligible | Not listed,Eligible | ROL,Eligible | STSOL,"STSOL, ROL",STSOL,Not available,ROL,STSOL,VETASSESS,Ineligible,Ineligible,,Eligible,Eligible,,Ineligible,Ineligible,,Ineligible,Ineligible,,Eligible,Eligible,,Eligible,Eligible,,Eligible,Eligible,,Ineligible,Ineligible,
Graphic Pre-press Trades Worker,392211,392211,https://www.anzscolookup.com.au/occupations/392211,TRA,Not available,CSOL,"Not available, 190: 0 states, 491: 0 states",Ineligible | Not listed,Ineligible | Not listed,Ineligible | Not listed,Ineligible | Not listed,Eligible | CSOL,Eligible | CSOL,Eligible | ROL,Ineligible | Not listed,"CSOL, ROL",Not available,CSOL,ROL,Not available,Manual verification required,Ineligible,Ineligible,,Ineligible,Ineligible,,Ineligible,Ineligible,,Ineligible,Ineligible,,Ineligible,Ineligible,,Ineligible,Ineligible,,Ineligible,Ineligible,,Ineligible,Ineligible,
Greenkeeper,362311,362311,https://www.anzscolookup.com.au/occupations/362311,TRA,STSOL,Not available,"8 options, 190: 4 states, 491: 4 states",Ineligible | Not listed,Eligible | STSOL,Eligible | STSOL,Ineligible | Not listed,Ineligible | Not listed,Ineligible | Not listed,Eligible | ROL,Eligible | STSOL,"STSOL, ROL",STSOL,Not available,ROL,STSOL,TRA,Ineligible,Ineligible,,Eligible,Eligible,,Ineligible,Ineligible,,Ineligible,Ineligible,,Ineligible,Ineligible,,Eligible,Eligible,,Eligible,Eligible,,Eligible,Eligible,
gunsmith,323312,323312,https://www.anzscolookup.com.au/occupations/323312,TRA,Not available,Not available,"Not available, 190: 0 states, 491: 0 states",Ineligible | Not listed,Ineligible | Not listed,Ineligible | Not listed,Ineligible | Not listed,Ineligible | Not listed,Ineligible | Not listed,Eligible | ROL,Ineligible | Not listed,ROL,Not available,Not available,ROL,Not available,Manual verification required,Ineligible,Ineligible,,Ineligible,Ineligible,,Ineligible,Ineligible,,Ineligible,Ineligible,,Ineligible,Ineligible,,Ineligible,Ineligible,,Ineligible,Ineligible,,Ineligible,Ineligible,
Gymnastics Coach Or Instructor,452312,452312,https://www.anzscolookup.com.au/occupations/452312,VETASSESS,STSOL,Not available,"6 options, 190: 3 states, 491: 3 states",Ineligible | Not listed,Eligible | STSOL,Eligible | STSOL,Ineligible | Not listed,Ineligible | Not listed,Ineligible | Not listed,Eligible | ROL,Eligible | STSOL,"STSOL, ROL",STSOL,Not available,ROL,STSOL,VETASSESS,Ineligible,Ineligible,,Eligible,Eligible,,Ineligible,Ineligible,,Ineligible,Ineligible,,Ineligible,Ineligible,,Eligible,Eligible,,Eligible,Eligible,,Ineligible,Ineligible,
hair or beauty salon manager,142114,142114,https://www.anzscolookup.com.au/occupations/142114,VETASSESS,Not available,Not available,"Not available, 190: 0 states, 491: 0 states",Ineligible | Not listed,Ineligible | Not listed,Ineligible | Not listed,Ineligible | Not listed,Ineligible | Not listed,Ineligible | Not listed,Eligible | ROL,Ineligible | Not listed,ROL,Not available,Not available,ROL,Not available,Manual verification required,Ineligible,Ineligible,,Ineligible,Ineligible,,Ineligible,Ineligible,,Ineligible,Ineligible,,Ineligible,Ineligible,,Ineligible,Ineligible,,Ineligible,Ineligible,,Ineligible,Ineligible,
Hairdresser,391111,391111,https://www.anzscolookup.com.au/occupations/391111,TRA,STSOL,CSOL,"8 options, 190: 4 states, 491: 4 states",Ineligible | Not listed,Eligible | STSOL,Eligible | STSOL,Ineligible | Not listed,Eligible | CSOL,Eligible | CSOL,Eligible | ROL,Eligible | STSOL,"STSOL, CSOL, ROL",STSOL,CSOL,ROL,STSOL,TRA,Ineligible,Ineligible,,Eligible,Eligible,,Ineligible,Ineligible,,Ineligible,Ineligible,,Ineligible,Ineligible,,Eligible,Eligible,,Eligible,Eligible,,Eligible,Eligible,
Hardware Technician,313111,313111,https://www.anzscolookup.com.au/occupations/313111,TRA,STSOL,CSOL,"10 options, 190: 5 states, 491: 5 states",Ineligible | Not listed,Eligible | STSOL,Eligible | STSOL,Ineligible | Not listed,Eligible | CSOL,Eligible | CSOL,Eligible | ROL,Eligible | STSOL,"STSOL, CSOL, ROL",STSOL,CSOL,ROL,STSOL,TRA,Eligible,Eligible,,Eligible,Eligible,,Ineligible,Ineligible,,Ineligible,Ineligible,,Ineligible,Ineligible,,Eligible,Eligible,,Eligible,Eligible,,Eligible,Eligible,
Health And Welfare Services Managers (NEC),134299,134299,https://www.anzscolookup.com.au/occupations/134299,VETASSESS,STSOL,Not available,"14 options, 190: 7 states, 491: 7 states",Ineligible | Not listed,Eligible | STSOL,Eligible | STSOL,Ineligible | Not listed,Ineligible | Not listed,Ineligible | Not listed,Eligible | ROL,Eligible | STSOL,"STSOL, ROL",STSOL,Not available,ROL,STSOL,VETASSESS,Eligible,Eligible,,Eligible,Eligible,,Eligible,Eligible,,Ineligible,Ineligible,,Eligible,Eligible,,Eligible,Eligible,,Eligible,Eligible,,Eligible,Eligible,
Health Diagnostic And Promotion Professionals (NEC),251999,251999,https://www.anzscolookup.com.au/occupations/251999,VETASSESS,STSOL,CSOL,"12 options, 190: 6 states, 491: 6 states",Ineligible | Not listed,Eligible | STSOL,Eligible | STSOL,Ineligible | Not listed,Eligible | CSOL,Eligible | CSOL,Eligible | ROL,Eligible | STSOL,"STSOL, CSOL, ROL",STSOL,CSOL,ROL,STSOL,VETASSESS,Eligible,Eligible,,Eligible,Eligible,,Ineligible,Ineligible,,Ineligible,Ineligible,,Eligible,Eligible,,Eligible,Eligible,,Eligible,Eligible,,Eligible,Eligible,
Health Information Manager,224213,224213,https://www.anzscolookup.com.au/occupations/224213,VETASSESS,STSOL,Not available,"10 options, 190: 5 states, 491: 5 states",Ineligible | Not listed,Eligible | STSOL,Eligible | STSOL,Ineligible | Not listed,Ineligible | Not listed,Ineligible | Not listed,Eligible | ROL,Eligible | STSOL,"STSOL, ROL",STSOL,Not available,ROL,STSOL,VETASSESS,Eligible,Eligible,,Eligible,Eligible,,Ineligible,Ineligible,,Ineligible,Ineligible,,Eligible,Eligible,,Eligible,Eligible,,Eligible,Eligible,,Ineligible,Ineligible,
health practice manager,512211,512211,https://www.anzscolookup.com.au/occupations/512211,VETASSESS,Not available,Not available,"Not available, 190: 0 states, 491: 0 states",Ineligible | Not listed,Ineligible | Not listed,Ineligible | Not listed,Ineligible | Not listed,Ineligible | Not listed,Ineligible | Not listed,Eligible | ROL,Ineligible | Not listed,ROL,Not available,Not available,ROL,Not available,Manual verification required,Ineligible,Ineligible,,Ineligible,Ineligible,,Ineligible,Ineligible,,Ineligible,Ineligible,,Ineligible,Ineligible,,Ineligible,Ineligible,,Ineligible,Ineligible,,Ineligible,Ineligible,
Health Promotion Officer,251911,251911,https://www.anzscolookup.com.au/occupations/251911,VETASSESS,STSOL,Not available,"12 options, 190: 6 states, 491: 6 states",Ineligible | Not listed,Eligible | STSOL,Eligible | STSOL,Ineligible | Not listed,Ineligible | Not listed,Ineligible | Not listed,Eligible | ROL,Eligible | STSOL,"STSOL, ROL",STSOL,Not available,ROL,STSOL,VETASSESS,Eligible,Eligible,,Eligible,Eligible,,Ineligible,Ineligible,,Ineligible,Ineligible,,Eligible,Eligible,,Eligible,Eligible,,Eligible,Eligible,,Eligible,Eligible,
Helicopter Pilot,231114,231114,https://www.anzscolookup.com.au/occupations/231114,CASA,ROL,CSOL,"5 options, 190: 0 states, 491: 5 states",Ineligible | Not listed,Ineligible | Not listed,Eligible | ROL,Ineligible | Not listed,Eligible | CSOL,Eligible | CSOL,Eligible | ROL,Eligible | ROL,"ROL, CSOL",ROL,CSOL,ROL,ROL,CASA,Ineligible,Ineligible,,Ineligible,Eligible,,Ineligible,Ineligible,,Ineligible,Ineligible,,Ineligible,Eligible,,Ineligible,Eligible,,Ineligible,Eligible,,Ineligible,Eligible,
historian,272411,272411,https://www.anzscolookup.com.au/occupations/272411,VETASSESS,Not available,Not available,"Not available, 190: 0 states, 491: 0 states",Ineligible | Not listed,Ineligible | Not listed,Ineligible | Not listed,Ineligible | Not listed,Ineligible | Not listed,Ineligible | Not listed,Eligible | ROL,Ineligible | Not listed,ROL,Not available,Not available,ROL,Not available,Manual verification required,Ineligible,Ineligible,,Ineligible,Ineligible,,Ineligible,Ineligible,,Ineligible,Ineligible,,Ineligible,Ineligible,,Ineligible,Ineligible,,Ineligible,Ineligible,,Ineligible,Ineligible,
homoeopath,252212,252212,https://www.anzscolookup.com.au/occupations/252212,VETASSESS,Not available,Not available,"Not available, 190: 0 states, 491: 0 states",Ineligible | Not listed,Ineligible | Not listed,Ineligible | Not listed,Ineligible | Not listed,Ineligible | Not listed,Ineligible | Not listed,Eligible | ROL,Ineligible | Not listed,ROL,Not available,Not available,ROL,Not available,Manual verification required,Ineligible,Ineligible,,Ineligible,Ineligible,,Ineligible,Ineligible,,Ineligible,Ineligible,,Ineligible,Ineligible,,Ineligible,Ineligible,,Ineligible,Ineligible,,Ineligible,Ineligible,
Horse Breeder,121316,121316,https://www.anzscolookup.com.au/occupations/121316,VETASSESS,ROL,Not available,"4 options, 190: 0 states, 491: 4 states",Ineligible | Not listed,Ineligible | Not listed,Eligible | ROL,Ineligible | Not listed,Ineligible | Not listed,Ineligible | Not listed,Eligible | ROL,Eligible | ROL,ROL,ROL,Not available,ROL,ROL,VETASSESS,Ineligible,Ineligible,,Ineligible,Eligible,,Ineligible,Ineligible,,Ineligible,Ineligible,,Ineligible,Ineligible,,Ineligible,Eligible,,Ineligible,Eligible,,Ineligible,Eligible,
Horse Riding Coach Or Instructor,452313,452313,https://www.anzscolookup.com.au/occupations/452313,VETASSESS,STSOL,Not available,"6 options, 190: 3 states, 491: 3 states",Ineligible | Not listed,Eligible | STSOL,Eligible | STSOL,Ineligible | Not listed,Ineligible | Not listed,Ineligible | Not listed,Eligible | ROL,Eligible | STSOL,"STSOL, ROL",STSOL,Not available,ROL,STSOL,VETASSESS,Ineligible,Ineligible,,Eligible,Eligible,,Ineligible,Ineligible,,Ineligible,Ineligible,,Ineligible,Ineligible,,Eligible,Eligible,,Eligible,Eligible,,Ineligible,Ineligible,
Horse Trainer,361112,361112,https://www.anzscolookup.com.au/occupations/361112,TRA,MLTSSL,CSOL,"8 options, 190: 4 states, 491: 4 states",Eligible | MLTSSL,Eligible | MLTSSL,Eligible | MLTSSL,Eligible | MLTSSL,Eligible | CSOL,Eligible | CSOL,Eligible | MLTSSL,Eligible | MLTSSL,"MLTSSL, CSOL",MLTSSL,CSOL,MLTSSL,MLTSSL,TRA,Ineligible,Ineligible,,Eligible,Eligible,,Ineligible,Ineligible,,Ineligible,Ineligible,,Ineligible,Ineligible,,Eligible,Eligible,,Eligible,Eligible,,Eligible,Eligible,
Hospital Pharmacist,251511,251511,https://www.anzscolookup.com.au/occupations/251511,APharmC,STSOL,CSOL,"15 options, 190: 7 states, 491: 8 states",Ineligible | Not listed,Eligible | STSOL,Eligible | STSOL,Ineligible | Not listed,Eligible | CSOL,Eligible | CSOL,Eligible | ROL,Eligible | STSOL,"STSOL, CSOL, ROL",STSOL,CSOL,ROL,STSOL,APharmC,Eligible,Eligible,,Eligible,Eligible,,Eligible,Eligible,,Ineligible,Eligible,,Eligible,Eligible,,Eligible,Eligible,,Eligible,Eligible,,Eligible,Eligible,
"Hospitality, Retail and Service Managers nec",149999,149999,https://www.anzscolookup.com.au/occupations/149999,VETASSESS,Not available,CSOL,"Not available, 190: 0 states, 491: 0 states",Ineligible | Not listed,Ineligible | Not listed,Ineligible | Not listed,Ineligible | Not listed,Eligible | CSOL,Eligible | CSOL,Eligible | ROL,Ineligible | Not listed,"CSOL, ROL",Not available,CSOL,ROL,Not available,Manual verification required,Ineligible,Ineligible,,Ineligible,Ineligible,,Ineligible,Ineligible,,Ineligible,Ineligible,,Ineligible,Ineligible,,Ineligible,Ineligible,,Ineligible,Ineligible,,Ineligible,Ineligible,
Hotel Or Motel Manager,141311,141311,https://www.anzscolookup.com.au/occupations/141311,VETASSESS,STSOL,CSOL,"12 options, 190: 5 states, 491: 7 states",Ineligible | Not listed,Eligible | STSOL,Eligible | STSOL,Ineligible | Not listed,Eligible | CSOL,Eligible | CSOL,Eligible | ROL,Eligible | STSOL,"STSOL, CSOL, ROL",STSOL,CSOL,ROL,STSOL,VETASSESS,Eligible,Eligible,,Eligible,Eligible,,Ineligible,Ineligible,,Ineligible,Eligible,,Ineligible,Eligible,,Eligible,Eligible,,Eligible,Eligible,,Eligible,Eligible,
Hotel Service Manager,431411,431411,https://www.anzscolookup.com.au/occupations/431411,VETASSESS,Not available,CSOL,"Not available, 190: 0 states, 491: 0 states",Ineligible | Not listed,Ineligible | Not listed,Ineligible | Not listed,Ineligible | Not listed,Eligible | CSOL,Eligible | CSOL,Eligible | ROL,Ineligible | Not listed,"CSOL, ROL",Not available,CSOL,ROL,Not available,Manual verification required,Ineligible,Ineligible,,Ineligible,Ineligible,,Ineligible,Ineligible,,Ineligible,Ineligible,,Ineligible,Ineligible,,Ineligible,Ineligible,,Ineligible,Ineligible,,Ineligible,Ineligible,
Human Resource Adviser,223111,223111,https://www.anzscolookup.com.au/occupations/223111,VETASSESS,ROL,CSOL,"5 options, 190: 0 states, 491: 5 states",Ineligible | Not listed,Ineligible | Not listed,Eligible | ROL,Ineligible | Not listed,Eligible | CSOL,Eligible | CSOL,Eligible | ROL,Eligible | ROL,"ROL, CSOL",ROL,CSOL,ROL,ROL,VETASSESS,Ineligible,Ineligible,,Ineligible,Eligible,,Ineligible,Ineligible,,Ineligible,Ineligible,,Ineligible,Eligible,,Ineligible,Eligible,,Ineligible,Eligible,,Ineligible,Eligible,
Human Resource Manager,132311,132311,https://www.anzscolookup.com.au/occupations/132311,IML,STSOL,CSOL,"10 options, 190: 5 states, 491: 5 states",Ineligible | Not listed,Eligible | STSOL,Eligible | STSOL,Ineligible | Not listed,Eligible | CSOL,Eligible | CSOL,Eligible | ROL,Eligible | STSOL,"STSOL, CSOL, ROL",STSOL,CSOL,ROL,STSOL,IML,Ineligible,Ineligible,,Eligible,Eligible,,Ineligible,Ineligible,,Ineligible,Ineligible,,Eligible,Eligible,,Eligible,Eligible,,Eligible,Eligible,,Eligible,Eligible,
Hydrogeologist,234413,234413,https://www.anzscolookup.com.au/occupations/234413,VETASSESS,MLTSSL,CSOL,"14 options, 190: 7 states, 491: 7 states",Eligible | MLTSSL,Eligible | MLTSSL,Eligible | MLTSSL,Eligible | MLTSSL,Eligible | CSOL,Eligible | CSOL,Eligible | MLTSSL,Eligible | MLTSSL,"MLTSSL, CSOL",MLTSSL,CSOL,MLTSSL,MLTSSL,VETASSESS,Ineligible,Ineligible,,Eligible,Eligible,,Eligible,Eligible,,Eligible,Eligible,,Eligible,Eligible,,Eligible,Eligible,,Eligible,Eligible,,Eligible,Eligible,
hydrographer,311415,311415,https://www.anzscolookup.com.au/occupations/311415,VETASSESS,Not available,Not available,"Not available, 190: 0 states, 491: 0 states",Ineligible | Not listed,Ineligible | Not listed,Ineligible | Not listed,Ineligible | Not listed,Ineligible | Not listed,Ineligible | Not listed,Eligible | ROL,Ineligible | Not listed,ROL,Not available,Not available,ROL,Not available,Manual verification required,Ineligible,Ineligible,,Ineligible,Ineligible,,Ineligible,Ineligible,,Ineligible,Ineligible,,Ineligible,Ineligible,,Ineligible,Ineligible,,Ineligible,Ineligible,,Ineligible,Ineligible,
ICT Account Manager,225211,225211,https://www.anzscolookup.com.au/occupations/225211,VETASSESS,STSOL,CSOL,"8 options, 190: 4 states, 491: 4 states",Ineligible | Not listed,Eligible | STSOL,Eligible | STSOL,Ineligible | Not listed,Eligible | CSOL,Eligible | CSOL,Eligible | ROL,Eligible | STSOL,"STSOL, CSOL, ROL",STSOL,CSOL,ROL,STSOL,VETASSESS,Ineligible,Ineligible,,Eligible,Eligible,,Ineligible,Ineligible,,Ineligible,Ineligible,,Eligible,Eligible,,Eligible,Eligible,,Eligible,Eligible,,Ineligible,Ineligible,
ICT Business Analyst,261111,261111,https://www.anzscolookup.com.au/occupations/261111,ACS,MLTSSL,CSOL,"14 options, 190: 7 states, 491: 7 states",Eligible | MLTSSL,Eligible | MLTSSL,Eligible | MLTSSL,Eligible | MLTSSL,Eligible | CSOL,Eligible | CSOL,Eligible | MLTSSL,Eligible | MLTSSL,"MLTSSL, CSOL",MLTSSL,CSOL,MLTSSL,MLTSSL,ACS,Eligible,Eligible,,Eligible,Eligible,,Eligible,Eligible,,Ineligible,Ineligible,,Eligible,Eligible,,Eligible,Eligible,,Eligible,Eligible,,Eligible,Eligible,
ICT Business Development Manager,225212,225212,https://www.anzscolookup.com.au/occupations/225212,VETASSESS,STSOL,CSOL,"8 options, 190: 4 states, 491: 4 states",Ineligible | Not listed,Eligible | STSOL,Eligible | STSOL,Ineligible | Not listed,Eligible | CSOL,Eligible | CSOL,Eligible | ROL,Eligible | STSOL,"STSOL, CSOL, ROL",STSOL,CSOL,ROL,STSOL,VETASSESS,Ineligible,Ineligible,,Eligible,Eligible,,Ineligible,Ineligible,,Ineligible,Ineligible,,Eligible,Eligible,,Eligible,Eligible,,Eligible,Eligible,,Ineligible,Ineligible,
ICT Customer Support Officer,313112,313112,https://www.anzscolookup.com.au/occupations/313112,TRA,STSOL,CSOL,"8 options, 190: 4 states, 491: 4 states",Ineligible | Not listed,Eligible | STSOL,Eligible | STSOL,Ineligible | Not listed,Eligible | CSOL,Eligible | CSOL,Eligible | ROL,Eligible | STSOL,"STSOL, CSOL, ROL",STSOL,CSOL,ROL,STSOL,TRA,Eligible,Eligible,,Eligible,Eligible,,Ineligible,Ineligible,,Ineligible,Ineligible,,Ineligible,Ineligible,,Eligible,Eligible,,Eligible,Eligible,,Ineligible,Ineligible,
ICT Managers (NEC),135199,135199,https://www.anzscolookup.com.au/occupations/135199,ACS,STSOL,CSOL,"14 options, 190: 7 states, 491: 7 states",Ineligible | Not listed,Eligible | STSOL,Eligible | STSOL,Ineligible | Not listed,Eligible | CSOL,Eligible | CSOL,Eligible | ROL,Eligible | STSOL,"STSOL, CSOL, ROL",STSOL,CSOL,ROL,STSOL,ACS,Eligible,Eligible,,Eligible,Eligible,,Eligible,Eligible,,Ineligible,Ineligible,,Eligible,Eligible,,Eligible,Eligible,,Eligible,Eligible,,Eligible,Eligible,
ICT Project Manager,135112,135112,https://www.anzscolookup.com.au/occupations/135112,ACS,STSOL,CSOL,"14 options, 190: 7 states, 491: 7 states",Ineligible | Not listed,Eligible | STSOL,Eligible | STSOL,Ineligible | Not listed,Eligible | CSOL,Eligible | CSOL,Eligible | ROL,Eligible | STSOL,"STSOL, CSOL, ROL",STSOL,CSOL,ROL,STSOL,ACS,Eligible,Eligible,,Eligible,Eligible,,Eligible,Eligible,,Ineligible,Ineligible,,Eligible,Eligible,,Eligible,Eligible,,Eligible,Eligible,,Eligible,Eligible,
ICT Quality Assurance Engineer,263211,263211,https://www.anzscolookup.com.au/occupations/263211,ACS,STSOL,CSOL,"10 options, 190: 5 states, 491: 5 states",Ineligible | Not listed,Eligible | STSOL,Eligible | STSOL,Ineligible | Not listed,Eligible | CSOL,Eligible | CSOL,Eligible | ROL,Eligible | STSOL,"STSOL, CSOL, ROL",STSOL,CSOL,ROL,STSOL,ACS,Eligible,Eligible,,Eligible,Eligible,,Ineligible,Ineligible,,Ineligible,Ineligible,,Eligible,Eligible,,Eligible,Eligible,,Eligible,Eligible,,Ineligible,Ineligible,
ICT Sales Representative,225213,225213,https://www.anzscolookup.com.au/occupations/225213,VETASSESS,STSOL,CSOL,"8 options, 190: 4 states, 491: 4 states",Ineligible | Not listed,Eligible | STSOL,Eligible | STSOL,Ineligible | Not listed,Eligible | CSOL,Eligible | CSOL,Eligible | ROL,Eligible | STSOL,"STSOL, CSOL, ROL",STSOL,CSOL,ROL,STSOL,VETASSESS,Ineligible,Ineligible,,Eligible,Eligible,,Ineligible,Ineligible,,Ineligible,Ineligible,,Eligible,Eligible,,Eligible,Eligible,,Eligible,Eligible,,Ineligible,Ineligible,
ICT Security Specialist,262112,262112,https://www.anzscolookup.com.au/occupations/262112,ACS,MLTSSL,Not available,"16 options, 190: 8 states, 491: 8 states",Eligible | MLTSSL,Eligible | MLTSSL,Eligible | MLTSSL,Eligible | MLTSSL,Ineligible | Not listed,Ineligible | Not listed,Eligible | MLTSSL,Eligible | MLTSSL,MLTSSL,MLTSSL,Not available,MLTSSL,MLTSSL,ACS,Eligible,Eligible,,Eligible,Eligible,,Eligible,Eligible,,Eligible,Eligible,,Eligible,Eligible,,Eligible,Eligible,,Eligible,Eligible,,Eligible,Eligible,
ICT Support And Test Engineers (NEC),263299,263299,https://www.anzscolookup.com.au/occupations/263299,ACS,STSOL,CSOL,"10 options, 190: 5 states, 491: 5 states",Ineligible | Not listed,Eligible | STSOL,Eligible | STSOL,Ineligible | Not listed,Eligible | CSOL,Eligible | CSOL,Eligible | ROL,Eligible | STSOL,"STSOL, CSOL, ROL",STSOL,CSOL,ROL,STSOL,ACS,Eligible,Eligible,,Eligible,Eligible,,Ineligible,Ineligible,,Ineligible,Ineligible,,Eligible,Eligible,,Eligible,Eligible,,Eligible,Eligible,,Ineligible,Ineligible,
ICT Support Engineer,263212,263212,https://www.anzscolookup.com.au/occupations/263212,ACS,STSOL,Not available,"12 options, 190: 6 states, 491: 6 states",Ineligible | Not listed,Eligible | STSOL,Eligible | STSOL,Ineligible | Not listed,Ineligible | Not listed,Ineligible | Not listed,Eligible | ROL,Eligible | STSOL,"STSOL, ROL",STSOL,Not available,ROL,STSOL,ACS,Eligible,Eligible,,Eligible,Eligible,,Ineligible,Ineligible,,Ineligible,Ineligible,,Eligible,Eligible,,Eligible,Eligible,,Eligible,Eligible,,Eligible,Eligible,
ICT Support Technicians (NEC),313199,313199,https://www.anzscolookup.com.au/occupations/313199,TRA,STSOL,CSOL,"12 options, 190: 6 states, 491: 6 states",Ineligible | Not listed,Eligible | STSOL,Eligible | STSOL,Ineligible | Not listed,Eligible | CSOL,Eligible | CSOL,Eligible | ROL,Eligible | STSOL,"STSOL, CSOL, ROL",STSOL,CSOL,ROL,STSOL,TRA,Eligible,Eligible,,Eligible,Eligible,,Ineligible,Ineligible,,Ineligible,Ineligible,,Eligible,Eligible,,Eligible,Eligible,,Eligible,Eligible,,Eligible,Eligible,
ICT Systems Test Engineer,263213,263213,https://www.anzscolookup.com.au/occupations/263213,ACS,STSOL,CSOL,"12 options, 190: 6 states, 491: 6 states",Ineligible | Not listed,Eligible | STSOL,Eligible | STSOL,Ineligible | Not listed,Eligible | CSOL,Eligible | CSOL,Eligible | ROL,Eligible | STSOL,"STSOL, CSOL, ROL",STSOL,CSOL,ROL,STSOL,ACS,Eligible,Eligible,,Eligible,Eligible,,Ineligible,Ineligible,,Ineligible,Ineligible,,Eligible,Eligible,,Eligible,Eligible,,Eligible,Eligible,,Eligible,Eligible,
ICT Trainer,223211,223211,https://www.anzscolookup.com.au/occupations/223211,ACS,STSOL,Not available,"7 options, 190: 3 states, 491: 4 states",Ineligible | Not listed,Eligible | STSOL,Eligible | STSOL,Ineligible | Not listed,Ineligible | Not listed,Ineligible | Not listed,Eligible | ROL,Eligible | STSOL,"STSOL, ROL",STSOL,Not available,ROL,STSOL,ACS,Ineligible,Ineligible,,Eligible,Eligible,,Ineligible,Ineligible,,Ineligible,Ineligible,,Ineligible,Eligible,,Eligible,Eligible,,Eligible,Eligible,,Ineligible,Ineligible,
Illustrator,232412,232412,https://www.anzscolookup.com.au/occupations/232412,VETASSESS,STSOL,CSOL,"8 options, 190: 4 states, 491: 4 states",Ineligible | Not listed,Eligible | STSOL,Eligible | STSOL,Ineligible | Not listed,Eligible | CSOL,Eligible | CSOL,Eligible | ROL,Eligible | STSOL,"STSOL, CSOL, ROL",STSOL,CSOL,ROL,STSOL,VETASSESS,Ineligible,Ineligible,,Eligible,Eligible,,Ineligible,Ineligible,,Ineligible,Ineligible,,Eligible,Eligible,,Eligible,Eligible,,Eligible,Eligible,,Ineligible,Ineligible,
importer or exporter,133311,133311,https://www.anzscolookup.com.au/occupations/133311,VETASSESS,Not available,Not available,"Not available, 190: 0 states, 491: 0 states",Ineligible | Not listed,Ineligible | Not listed,Ineligible | Not listed,Ineligible | Not listed,Ineligible | Not listed,Ineligible | Not listed,Eligible | ROL,Ineligible | Not listed,ROL,Not available,Not available,ROL,Not available,Manual verification required,Ineligible,Ineligible,,Ineligible,Ineligible,,Ineligible,Ineligible,,Ineligible,Ineligible,,Ineligible,Ineligible,,Ineligible,Ineligible,,Ineligible,Ineligible,,Ineligible,Ineligible,
Industrial Designer,232312,232312,https://www.anzscolookup.com.au/occupations/232312,VETASSESS,STSOL,Not available,"7 options, 190: 3 states, 491: 4 states",Ineligible | Not listed,Eligible | STSOL,Eligible | STSOL,Ineligible | Not listed,Ineligible | Not listed,Ineligible | Not listed,Eligible | ROL,Eligible | STSOL,"STSOL, ROL",STSOL,Not available,ROL,STSOL,VETASSESS,Ineligible,Ineligible,,Eligible,Eligible,,Ineligible,Ineligible,,Ineligible,Ineligible,,Ineligible,Eligible,,Eligible,Eligible,,Eligible,Eligible,,Ineligible,Ineligible,
Industrial Engineer,233511,233511,https://www.anzscolookup.com.au/occupations/233511,Engineers Australia,MLTSSL,CSOL,"16 options, 190: 8 states, 491: 8 states",Eligible | MLTSSL,Eligible | MLTSSL,Eligible | MLTSSL,Eligible | MLTSSL,Eligible | CSOL,Eligible | CSOL,Eligible | MLTSSL,Eligible | MLTSSL,"MLTSSL, CSOL",MLTSSL,CSOL,MLTSSL,MLTSSL,Engineers Australia,Eligible,Eligible,,Eligible,Eligible,,Eligible,Eligible,,Eligible,Eligible,,Eligible,Eligible,,Eligible,Eligible,,Eligible,Eligible,,Eligible,Eligible,
Industrial Pharmacist,251512,251512,https://www.anzscolookup.com.au/occupations/251512,VETASSESS,STSOL,CSOL,"14 options, 190: 7 states, 491: 7 states",Ineligible | Not listed,Eligible | STSOL,Eligible | STSOL,Ineligible | Not listed,Eligible | CSOL,Eligible | CSOL,Eligible | ROL,Eligible | STSOL,"STSOL, CSOL, ROL",STSOL,CSOL,ROL,STSOL,VETASSESS,Eligible,Eligible,,Eligible,Eligible,,Eligible,Eligible,,Ineligible,Ineligible,,Eligible,Eligible,,Eligible,Eligible,,Eligible,Eligible,,Eligible,Eligible,
Information And Organisation Professionals (NEC),224999,224999,https://www.anzscolookup.com.au/occupations/224999,ACS / VETASSESS,STSOL,CSOL,"8 options, 190: 4 states, 491: 4 states",Ineligible | Not listed,Eligible | STSOL,Eligible | STSOL,Ineligible | Not listed,Eligible | CSOL,Eligible | CSOL,Eligible | ROL,Eligible | STSOL,"STSOL, CSOL, ROL",STSOL,CSOL,ROL,STSOL,"ACS, VETASSESS",Ineligible,Ineligible,,Eligible,Eligible,,Ineligible,Ineligible,,Ineligible,Ineligible,,Eligible,Eligible,,Eligible,Eligible,,Eligible,Eligible,,Ineligible,Ineligible,
Insurance Agent,611211,611211,https://www.anzscolookup.com.au/occupations/611211,VETASSESS,STSOL,CSOL,"6 options, 190: 3 states, 491: 3 states",Ineligible | Not listed,Eligible | STSOL,Eligible | STSOL,Ineligible | Not listed,Eligible | CSOL,Eligible | CSOL,Eligible | ROL,Eligible | STSOL,"STSOL, CSOL, ROL",STSOL,CSOL,ROL,STSOL,VETASSESS,Ineligible,Ineligible,,Eligible,Eligible,,Ineligible,Ineligible,,Ineligible,Ineligible,,Ineligible,Ineligible,,Eligible,Eligible,,Eligible,Eligible,,Ineligible,Ineligible,
Insurance Broker,222113,222113,https://www.anzscolookup.com.au/occupations/222113,VETASSESS,STSOL,CSOL,"10 options, 190: 5 states, 491: 5 states",Ineligible | Not listed,Eligible | STSOL,Eligible | STSOL,Ineligible | Not listed,Eligible | CSOL,Eligible | CSOL,Eligible | ROL,Eligible | STSOL,"STSOL, CSOL, ROL",STSOL,CSOL,ROL,STSOL,VETASSESS,Ineligible,Ineligible,,Eligible,Eligible,,Ineligible,Ineligible,,Ineligible,Ineligible,,Eligible,Eligible,,Eligible,Eligible,,Eligible,Eligible,,Eligible,Eligible,
insurance investigator,599611,599611,https://www.anzscolookup.com.au/occupations/599611,VETASSESS,Not available,Not available,"Not available, 190: 0 states, 491: 0 states",Ineligible | Not listed,Ineligible | Not listed,Ineligible | Not listed,Ineligible | Not listed,Ineligible | Not listed,Ineligible | Not listed,Eligible | ROL,Ineligible | Not listed,ROL,Not available,Not available,ROL,Not available,Manual verification required,Ineligible,Ineligible,,Ineligible,Ineligible,,Ineligible,Ineligible,,Ineligible,Ineligible,,Ineligible,Ineligible,,Ineligible,Ineligible,,Ineligible,Ineligible,,Ineligible,Ineligible,
Insurance Loss Adjuster,599612,599612,https://www.anzscolookup.com.au/occupations/599612,VETASSESS,STSOL,CSOL,"6 options, 190: 3 states, 491: 3 states",Ineligible | Not listed,Eligible | STSOL,Eligible | STSOL,Ineligible | Not listed,Eligible | CSOL,Eligible | CSOL,Eligible | ROL,Eligible | STSOL,"STSOL, CSOL, ROL",STSOL,CSOL,ROL,STSOL,VETASSESS,Ineligible,Ineligible,,Eligible,Eligible,,Ineligible,Ineligible,,Ineligible,Ineligible,,Ineligible,Ineligible,,Eligible,Eligible,,Eligible,Eligible,,Ineligible,Ineligible,
insurance risk surveyor,599613,599613,https://www.anzscolookup.com.au/occupations/599613,VETASSESS,Not available,Not available,"Not available, 190: 0 states, 491: 0 states",Ineligible | Not listed,Ineligible | Not listed,Ineligible | Not listed,Ineligible | Not listed,Ineligible | Not listed,Ineligible | Not listed,Eligible | ROL,Ineligible | Not listed,ROL,Not available,Not available,ROL,Not available,Manual verification required,Ineligible,Ineligible,,Ineligible,Ineligible,,Ineligible,Ineligible,,Ineligible,Ineligible,,Ineligible,Ineligible,,Ineligible,Ineligible,,Ineligible,Ineligible,,Ineligible,Ineligible,
Intellectual Property Lawyer,271214,271214,https://www.anzscolookup.com.au/occupations/271214,VETASSESS,ROL,CSOL,"4 options, 190: 0 states, 491: 4 states",Ineligible | Not listed,Ineligible | Not listed,Eligible | ROL,Ineligible | Not listed,Eligible | CSOL,Eligible | CSOL,Eligible | ROL,Eligible | ROL,"ROL, CSOL",ROL,CSOL,ROL,ROL,VETASSESS,Ineligible,Ineligible,,Ineligible,Eligible,,Ineligible,Ineligible,,Ineligible,Ineligible,,Ineligible,Eligible,,Ineligible,Eligible,,Ineligible,Eligible,,Ineligible,Ineligible,
Intensive Care Ambulance Paramedic,411112,411112,https://www.anzscolookup.com.au/occupations/411112,VETASSESS,STSOL,CSOL,"12 options, 190: 6 states, 491: 6 states",Ineligible | Not listed,Eligible | STSOL,Eligible | STSOL,Ineligible | Not listed,Eligible | CSOL,Eligible | CSOL,Eligible | ROL,Eligible | STSOL,"STSOL, CSOL, ROL",STSOL,CSOL,ROL,STSOL,VETASSESS,Eligible,Eligible,,Eligible,Eligible,,Ineligible,Ineligible,,Ineligible,Ineligible,,Eligible,Eligible,,Eligible,Eligible,,Eligible,Eligible,,Eligible,Eligible,
Intensive Care Specialist,253317,253317,https://www.anzscolookup.com.au/occupations/253317,MedBA,MLTSSL,CSOL,"16 options, 190: 8 states, 491: 8 states",Eligible | MLTSSL,Eligible | MLTSSL,Eligible | MLTSSL,Eligible | MLTSSL,Eligible | CSOL,Eligible | CSOL,Eligible | MLTSSL,Eligible | MLTSSL,"MLTSSL, CSOL",MLTSSL,CSOL,MLTSSL,MLTSSL,MedBA,Eligible,Eligible,,Eligible,Eligible,,Eligible,Eligible,,Eligible,Eligible,,Eligible,Eligible,,Eligible,Eligible,,Eligible,Eligible,,Eligible,Eligible,
interior decorator,399912,399912,https://www.anzscolookup.com.au/occupations/399912,VETASSESS,Not available,Not available,"Not available, 190: 0 states, 491: 0 states",Ineligible | Not listed,Ineligible | Not listed,Ineligible | Not listed,Ineligible | Not listed,Ineligible | Not listed,Ineligible | Not listed,Eligible | ROL,Ineligible | Not listed,ROL,Not available,Not available,ROL,Not available,Manual verification required,Ineligible,Ineligible,,Ineligible,Ineligible,,Ineligible,Ineligible,,Ineligible,Ineligible,,Ineligible,Ineligible,,Ineligible,Ineligible,,Ineligible,Ineligible,,Ineligible,Ineligible,
Interior Designer,232511,232511,https://www.anzscolookup.com.au/occupations/232511,VETASSESS,STSOL,CSOL,"7 options, 190: 3 states, 491: 4 states",Ineligible | Not listed,Eligible | STSOL,Eligible | STSOL,Ineligible | Not listed,Eligible | CSOL,Eligible | CSOL,Eligible | ROL,Eligible | STSOL,"STSOL, CSOL, ROL",STSOL,CSOL,ROL,STSOL,VETASSESS,Ineligible,Ineligible,,Eligible,Eligible,,Ineligible,Ineligible,,Ineligible,Ineligible,,Ineligible,Eligible,,Eligible,Eligible,,Eligible,Eligible,,Ineligible,Ineligible,
Internal Auditor,221214,221214,https://www.anzscolookup.com.au/occupations/221214,VETASSESS,MLTSSL,CSOL,"12 options, 190: 6 states, 491: 6 states",Eligible | MLTSSL,Eligible | MLTSSL,Eligible | MLTSSL,Eligible | MLTSSL,Eligible | CSOL,Eligible | CSOL,Eligible | MLTSSL,Eligible | MLTSSL,"MLTSSL, CSOL",MLTSSL,CSOL,MLTSSL,MLTSSL,VETASSESS,Eligible,Eligible,,Eligible,Eligible,,Ineligible,Ineligible,,Ineligible,Ineligible,,Eligible,Eligible,,Eligible,Eligible,,Eligible,Eligible,,Eligible,Eligible,
Interpreter,272412,272412,https://www.anzscolookup.com.au/occupations/272412,NAATI,STSOL,Not available,"9 options, 190: 4 states, 491: 5 states",Ineligible | Not listed,Eligible | STSOL,Eligible | STSOL,Ineligible | Not listed,Ineligible | Not listed,Ineligible | Not listed,Eligible | ROL,Eligible | STSOL,"STSOL, ROL",STSOL,Not available,ROL,STSOL,NAATI,Ineligible,Ineligible,,Eligible,Eligible,,Ineligible,Ineligible,,Ineligible,Ineligible,,Ineligible,Eligible,,Eligible,Eligible,,Eligible,Eligible,,Eligible,Eligible,
Irrigation Designer,311115,311115,https://www.anzscolookup.com.au/occupations/311115,VETASSESS,Not available,CSOL,"Not available, 190: 0 states, 491: 0 states",Ineligible | Not listed,Ineligible | Not listed,Ineligible | Not listed,Ineligible | Not listed,Eligible | CSOL,Eligible | CSOL,Ineligible | Not listed,Ineligible | Not listed,CSOL,Not available,CSOL,Not available,Not available,Manual verification required,Ineligible,Ineligible,,Ineligible,Ineligible,,Ineligible,Ineligible,,Ineligible,Ineligible,,Ineligible,Ineligible,,Ineligible,Ineligible,,Ineligible,Ineligible,,Ineligible,Ineligible,
Irrigation Technician,362712,362712,https://www.anzscolookup.com.au/occupations/362712,VETASSESS,Not available,CSOL,"Not available, 190: 0 states, 491: 0 states",Ineligible | Not listed,Ineligible | Not listed,Ineligible | Not listed,Ineligible | Not listed,Eligible | CSOL,Eligible | CSOL,Ineligible | Not listed,Ineligible | Not listed,CSOL,Not available,CSOL,Not available,Not available,Manual verification required,Ineligible,Ineligible,,Ineligible,Ineligible,,Ineligible,Ineligible,,Ineligible,Ineligible,,Ineligible,Ineligible,,Ineligible,Ineligible,,Ineligible,Ineligible,,Ineligible,Ineligible,
Jeweller,399411,399411,https://www.anzscolookup.com.au/occupations/399411,TRA,STSOL,Not available,"6 options, 190: 3 states, 491: 3 states",Ineligible | Not listed,Eligible | STSOL,Eligible | STSOL,Ineligible | Not listed,Ineligible | Not listed,Ineligible | Not listed,Eligible | ROL,Eligible | STSOL,"STSOL, ROL",STSOL,Not available,ROL,STSOL,TRA,Ineligible,Ineligible,,Eligible,Eligible,,Ineligible,Ineligible,,Ineligible,Ineligible,,Ineligible,Ineligible,,Eligible,Eligible,,Eligible,Eligible,,Ineligible,Ineligible,
Jewellery Designer,232313,232313,https://www.anzscolookup.com.au/occupations/232313,VETASSESS,STSOL,CSOL,"6 options, 190: 3 states, 491: 3 states",Ineligible | Not listed,Eligible | STSOL,Eligible | STSOL,Ineligible | Not listed,Eligible | CSOL,Eligible | CSOL,Eligible | ROL,Eligible | STSOL,"STSOL, CSOL, ROL",STSOL,CSOL,ROL,STSOL,VETASSESS,Ineligible,Ineligible,,Eligible,Eligible,,Ineligible,Ineligible,,Ineligible,Ineligible,,Ineligible,Ineligible,,Eligible,Eligible,,Eligible,Eligible,,Ineligible,Ineligible,
Jockey,452413,452413,https://www.anzscolookup.com.au/occupations/452413,TRA,ROL,Not available,"3 options, 190: 0 states, 491: 3 states",Ineligible | Not listed,Ineligible | Not listed,Eligible | ROL,Ineligible | Not listed,Ineligible | Not listed,Ineligible | Not listed,Eligible | ROL,Eligible | ROL,ROL,ROL,Not available,ROL,ROL,TRA,Ineligible,Ineligible,,Ineligible,Eligible,,Ineligible,Ineligible,,Ineligible,Ineligible,,Ineligible,Ineligible,,Ineligible,Eligible,,Ineligible,Eligible,,Ineligible,Ineligible,
Joiner,331213,331213,https://www.anzscolookup.com.au/occupations/331213,TRA,MLTSSL,CSOL,"16 options, 190: 8 states, 491: 8 states",Eligible | MLTSSL,Eligible | MLTSSL,Eligible | MLTSSL,Eligible | MLTSSL,Eligible | CSOL,Eligible | CSOL,Eligible | MLTSSL,Eligible | MLTSSL,"MLTSSL, CSOL",MLTSSL,CSOL,MLTSSL,MLTSSL,TRA,Eligible,Eligible,,Eligible,Eligible,,Eligible,Eligible,,Eligible,Eligible,,Eligible,Eligible,,Eligible,Eligible,,Eligible,Eligible,,Eligible,Eligible,
Journalists And Other Writers (NEC),212499,212499,https://www.anzscolookup.com.au/occupations/212499,VETASSESS,STSOL,CSOL,"7 options, 190: 3 states, 491: 4 states",Ineligible | Not listed,Eligible | STSOL,Eligible | STSOL,Ineligible | Not listed,Eligible | CSOL,Eligible | CSOL,Eligible | ROL,Eligible | STSOL,"STSOL, CSOL, ROL",STSOL,CSOL,ROL,STSOL,VETASSESS,Ineligible,Ineligible,,Eligible,Eligible,,Ineligible,Ineligible,,Ineligible,Ineligible,,Ineligible,Eligible,,Eligible,Eligible,,Eligible,Eligible,,Ineligible,Ineligible,
Judicial And Other Legal Professionals (NEC),271299,271299,https://www.anzscolookup.com.au/occupations/271299,VETASSESS,STSOL,CSOL,"8 options, 190: 4 states, 491: 4 states",Ineligible | Not listed,Eligible | STSOL,Eligible | STSOL,Ineligible | Not listed,Eligible | CSOL,Eligible | CSOL,Eligible | ROL,Eligible | STSOL,"STSOL, CSOL, ROL",STSOL,CSOL,ROL,STSOL,VETASSESS,Ineligible,Ineligible,,Eligible,Eligible,,Ineligible,Ineligible,,Ineligible,Ineligible,,Eligible,Eligible,,Eligible,Eligible,,Eligible,Eligible,,Ineligible,Ineligible,
kennel hand,361115,361115,https://www.anzscolookup.com.au/occupations/361115,VETASSESS,Not available,Not available,"Not available, 190: 0 states, 491: 0 states",Ineligible | Not listed,Ineligible | Not listed,Ineligible | Not listed,Ineligible | Not listed,Ineligible | Not listed,Ineligible | Not listed,Eligible | ROL,Ineligible | Not listed,ROL,Not available,Not available,ROL,Not available,Manual verification required,Ineligible,Ineligible,,Ineligible,Ineligible,,Ineligible,Ineligible,,Ineligible,Ineligible,,Ineligible,Ineligible,,Ineligible,Ineligible,,Ineligible,Ineligible,,Ineligible,Ineligible,
Laboratory Manager,139913,139913,https://www.anzscolookup.com.au/occupations/139913,VETASSESS,STSOL,CSOL,"12 options, 190: 6 states, 491: 6 states",Ineligible | Not listed,Eligible | STSOL,Eligible | STSOL,Ineligible | Not listed,Eligible | CSOL,Eligible | CSOL,Eligible | ROL,Eligible | STSOL,"STSOL, CSOL, ROL",STSOL,CSOL,ROL,STSOL,VETASSESS,Eligible,Eligible,,Eligible,Eligible,,Ineligible,Ineligible,,Ineligible,Ineligible,,Eligible,Eligible,,Eligible,Eligible,,Eligible,Eligible,,Eligible,Eligible,
Land Economist,224511,224511,https://www.anzscolookup.com.au/occupations/224511,VETASSESS,MLTSSL,CSOL,"8 options, 190: 4 states, 491: 4 states",Eligible | MLTSSL,Eligible | MLTSSL,Eligible | MLTSSL,Eligible | MLTSSL,Eligible | CSOL,Eligible | CSOL,Eligible | MLTSSL,Eligible | MLTSSL,"MLTSSL, CSOL",MLTSSL,CSOL,MLTSSL,MLTSSL,VETASSESS,Ineligible,Ineligible,,Eligible,Eligible,,Eligible,Eligible,,Ineligible,Ineligible,,Ineligible,Ineligible,,Eligible,Eligible,,Eligible,Eligible,,Ineligible,Ineligible,
Landscape Architect,232112,232112,https://www.anzscolookup.com.au/occupations/232112,VETASSESS,MLTSSL,CSOL,"14 options, 190: 7 states, 491: 7 states",Eligible | MLTSSL,Eligible | MLTSSL,Eligible | MLTSSL,Eligible | MLTSSL,Eligible | CSOL,Eligible | CSOL,Eligible | MLTSSL,Eligible | MLTSSL,"MLTSSL, CSOL",MLTSSL,CSOL,MLTSSL,MLTSSL,VETASSESS,Eligible,Eligible,,Eligible,Eligible,,Eligible,Eligible,,Ineligible,Ineligible,,Eligible,Eligible,,Eligible,Eligible,,Eligible,Eligible,,Eligible,Eligible,
landscape gardener,362711,362711,https://www.anzscolookup.com.au/occupations/362711,TRA,STSOL,CSOL,"6 options, 190: 3 states, 491: 3 states",Ineligible | Not listed,Eligible | STSOL,Eligible | STSOL,Ineligible | Not listed,Eligible | CSOL,Eligible | CSOL,Eligible | STSOL,Eligible | STSOL,"STSOL, CSOL",STSOL,CSOL,STSOL,STSOL,TRA,Ineligible,Ineligible,,Eligible,Eligible,,Ineligible,Ineligible,,Ineligible,Ineligible,,Ineligible,Ineligible,,Eligible,Eligible,,Eligible,Eligible,,Ineligible,Ineligible,
Landscape Gardener,362213,362213,https://www.anzscolookup.com.au/occupations/362213,Manual verification required,"Not available, Not available, Not available","Not available, Not available, Not available","Not available, 190: 0 states, 491: 0 states",Ineligible | Not listed,Ineligible | Not listed,Ineligible | Not listed,Ineligible | Not listed,Ineligible | Not listed,Ineligible | Not listed,Ineligible | Not listed,Ineligible | Not listed,,,,,,,Ineligible,Ineligible,,Ineligible,Ineligible,,Ineligible,Ineligible,,Ineligible,Ineligible,,Ineligible,Ineligible,,Ineligible,Ineligible,,Ineligible,Ineligible,,Ineligible,Ineligible,
law clerk,599214,599214,https://www.anzscolookup.com.au/occupations/599214,VETASSESS,Not available,Not available,"Not available, 190: 0 states, 491: 0 states",Ineligible | Not listed,Ineligible | Not listed,Ineligible | Not listed,Ineligible | Not listed,Ineligible | Not listed,Ineligible | Not listed,Eligible | ROL,Ineligible | Not listed,ROL,Not available,Not available,ROL,Not available,Manual verification required,Ineligible,Ineligible,,Ineligible,Ineligible,,Ineligible,Ineligible,,Ineligible,Ineligible,,Ineligible,Ineligible,,Ineligible,Ineligible,,Ineligible,Ineligible,,Ineligible,Ineligible,
leather goods maker,393112,393112,https://www.anzscolookup.com.au/occupations/393112,TRA,Not available,Not available,"Not available, 190: 0 states, 491: 0 states",Ineligible | Not listed,Ineligible | Not listed,Ineligible | Not listed,Ineligible | Not listed,Ineligible | Not listed,Ineligible | Not listed,Eligible | ROL,Ineligible | Not listed,ROL,Not available,Not available,ROL,Not available,Manual verification required,Ineligible,Ineligible,,Ineligible,Ineligible,,Ineligible,Ineligible,,Ineligible,Ineligible,,Ineligible,Ineligible,,Ineligible,Ineligible,,Ineligible,Ineligible,,Ineligible,Ineligible,
legal executive,599112,599112,https://www.anzscolookup.com.au/occupations/599112,VETASSESS,Not available,Not available,"Not available, 190: 0 states, 491: 0 states",Ineligible | Not listed,Ineligible | Not listed,Ineligible | Not listed,Ineligible | Not listed,Ineligible | Not listed,Ineligible | Not listed,Eligible | ROL,Ineligible | Not listed,ROL,Not available,Not available,ROL,Not available,Manual verification required,Ineligible,Ineligible,,Ineligible,Ineligible,,Ineligible,Ineligible,,Ineligible,Ineligible,,Ineligible,Ineligible,,Ineligible,Ineligible,,Ineligible,Ineligible,,Ineligible,Ineligible,
Legal Secretary,521212,521212,https://www.anzscolookup.com.au/occupations/521212,VETASSESS,Not available,CSOL,"Not available, 190: 0 states, 491: 0 states",Ineligible | Not listed,Ineligible | Not listed,Ineligible | Not listed,Ineligible | Not listed,Eligible | CSOL,Eligible | CSOL,Eligible | ROL,Ineligible | Not listed,"CSOL, ROL",Not available,CSOL,ROL,Not available,Manual verification required,Ineligible,Ineligible,,Ineligible,Ineligible,,Ineligible,Ineligible,,Ineligible,Ineligible,,Ineligible,Ineligible,,Ineligible,Ineligible,,Ineligible,Ineligible,,Ineligible,Ineligible,
Liaison Officer,224912,224912,https://www.anzscolookup.com.au/occupations/224912,VETASSESS,ROL,Not available,"4 options, 190: 0 states, 491: 4 states",Ineligible | Not listed,Ineligible | Not listed,Eligible | ROL,Ineligible | Not listed,Ineligible | Not listed,Ineligible | Not listed,Eligible | ROL,Eligible | ROL,ROL,ROL,Not available,ROL,ROL,VETASSESS,Ineligible,Ineligible,,Ineligible,Eligible,,Ineligible,Ineligible,,Ineligible,Ineligible,,Ineligible,Eligible,,Ineligible,Eligible,,Ineligible,Eligible,,Ineligible,Ineligible,
Librarian,224611,224611,https://www.anzscolookup.com.au/occupations/224611,VETASSESS,STSOL,Not available,"8 options, 190: 4 states, 491: 4 states",Ineligible | Not listed,Eligible | STSOL,Eligible | STSOL,Ineligible | Not listed,Ineligible | Not listed,Ineligible | Not listed,Eligible | ROL,Eligible | STSOL,"STSOL, ROL",STSOL,Not available,ROL,STSOL,VETASSESS,Ineligible,Ineligible,,Eligible,Eligible,,Ineligible,Ineligible,,Ineligible,Ineligible,,Eligible,Eligible,,Eligible,Eligible,,Eligible,Eligible,,Ineligible,Ineligible,
library technician,399312,399312,https://www.anzscolookup.com.au/occupations/399312,VETASSESS,Not available,Not available,"Not available, 190: 0 states, 491: 0 states",Ineligible | Not listed,Ineligible | Not listed,Ineligible | Not listed,Ineligible | Not listed,Ineligible | Not listed,Ineligible | Not listed,Eligible | ROL,Ineligible | Not listed,ROL,Not available,Not available,ROL,Not available,Manual verification required,Ineligible,Ineligible,,Ineligible,Ineligible,,Ineligible,Ineligible,,Ineligible,Ineligible,,Ineligible,Ineligible,,Ineligible,Ineligible,,Ineligible,Ineligible,,Ineligible,Ineligible,
Licensed Club Manager,141411,141411,https://www.anzscolookup.com.au/occupations/141411,VETASSESS,Not available,CSOL,"Not available, 190: 0 states, 491: 0 states",Ineligible | Not listed,Ineligible | Not listed,Ineligible | Not listed,Ineligible | Not listed,Eligible | CSOL,Eligible | CSOL,Eligible | ROL,Ineligible | Not listed,"CSOL, ROL",Not available,CSOL,ROL,Not available,Manual verification required,Ineligible,Ineligible,,Ineligible,Ineligible,,Ineligible,Ineligible,,Ineligible,Ineligible,,Ineligible,Ineligible,,Ineligible,Ineligible,,Ineligible,Ineligible,,Ineligible,Ineligible,
Life Science Technician,311413,311413,https://www.anzscolookup.com.au/occupations/311413,VETASSESS,STSOL,Not available,"12 options, 190: 6 states, 491: 6 states",Ineligible | Not listed,Eligible | STSOL,Eligible | STSOL,Ineligible | Not listed,Ineligible | Not listed,Ineligible | Not listed,Eligible | ROL,Eligible | STSOL,"STSOL, ROL",STSOL,Not available,ROL,STSOL,VETASSESS,Eligible,Eligible,,Eligible,Eligible,,Ineligible,Ineligible,,Ineligible,Ineligible,,Eligible,Eligible,,Eligible,Eligible,,Eligible,Eligible,,Eligible,Eligible,
Life Scientist (General),234511,234511,https://www.anzscolookup.com.au/occupations/234511,VETASSESS,MLTSSL,CSOL,"12 options, 190: 6 states, 491: 6 states",Eligible | MLTSSL,Eligible | MLTSSL,Eligible | MLTSSL,Eligible | MLTSSL,Eligible | CSOL,Eligible | CSOL,Eligible | MLTSSL,Eligible | MLTSSL,"MLTSSL, CSOL",MLTSSL,CSOL,MLTSSL,MLTSSL,VETASSESS,Eligible,Eligible,,Eligible,Eligible,,Ineligible,Ineligible,,Ineligible,Ineligible,,Eligible,Eligible,,Eligible,Eligible,,Eligible,Eligible,,Eligible,Eligible,
Life Scientists (NEC),234599,234599,https://www.anzscolookup.com.au/occupations/234599,VETASSESS,MLTSSL,CSOL,"14 options, 190: 7 states, 491: 7 states",Eligible | MLTSSL,Eligible | MLTSSL,Eligible | MLTSSL,Eligible | MLTSSL,Eligible | CSOL,Eligible | CSOL,Eligible | MLTSSL,Eligible | MLTSSL,"MLTSSL, CSOL",MLTSSL,CSOL,MLTSSL,MLTSSL,VETASSESS,Eligible,Eligible,,Eligible,Eligible,,Ineligible,Ineligible,,Eligible,Eligible,,Eligible,Eligible,,Eligible,Eligible,,Eligible,Eligible,,Eligible,Eligible,
lifeguard,452414,452414,https://www.anzscolookup.com.au/occupations/452414,VETASSESS,Not available,Not available,"Not available, 190: 0 states, 491: 0 states",Ineligible | Not listed,Ineligible | Not listed,Ineligible | Not listed,Ineligible | Not listed,Ineligible | Not listed,Ineligible | Not listed,Eligible | ROL,Ineligible | Not listed,ROL,Not available,Not available,ROL,Not available,Manual verification required,Ineligible,Ineligible,,Ineligible,Ineligible,,Ineligible,Ineligible,,Ineligible,Ineligible,,Ineligible,Ineligible,,Ineligible,Ineligible,,Ineligible,Ineligible,,Ineligible,Ineligible,
Lift Mechanic,341113,341113,https://www.anzscolookup.com.au/occupations/341113,TRA,MLTSSL,Not available,"14 options, 190: 7 states, 491: 7 states",Eligible | MLTSSL,Eligible | MLTSSL,Eligible | MLTSSL,Eligible | MLTSSL,Ineligible | Not listed,Ineligible | Not listed,Eligible | MLTSSL,Eligible | MLTSSL,MLTSSL,MLTSSL,Not available,MLTSSL,MLTSSL,TRA,Eligible,Eligible,,Eligible,Eligible,,Eligible,Eligible,,Eligible,Eligible,,Ineligible,Ineligible,,Eligible,Eligible,,Eligible,Eligible,,Eligible,Eligible,
Light Technician,399513,399513,https://www.anzscolookup.com.au/occupations/399513,TRA,Not available,CSOL,"Not available, 190: 0 states, 491: 0 states",Ineligible | Not listed,Ineligible | Not listed,Ineligible | Not listed,Ineligible | Not listed,Eligible | CSOL,Eligible | CSOL,Eligible | ROL,Ineligible | Not listed,"CSOL, ROL",Not available,CSOL,ROL,Not available,Manual verification required,Ineligible,Ineligible,,Ineligible,Ineligible,,Ineligible,Ineligible,,Ineligible,Ineligible,,Ineligible,Ineligible,,Ineligible,Ineligible,,Ineligible,Ineligible,,Ineligible,Ineligible,
Livestock Farmers (NEC),121399,121399,https://www.anzscolookup.com.au/occupations/121399,VETASSESS,ROL,Not available,"4 options, 190: 0 states, 491: 4 states",Ineligible | Not listed,Ineligible | Not listed,Eligible | ROL,Ineligible | Not listed,Ineligible | Not listed,Ineligible | Not listed,Eligible | ROL,Eligible | ROL,ROL,ROL,Not available,ROL,ROL,VETASSESS,Ineligible,Ineligible,,Ineligible,Eligible,,Ineligible,Ineligible,,Ineligible,Ineligible,,Ineligible,Ineligible,,Ineligible,Eligible,,Ineligible,Eligible,,Ineligible,Eligible,
Locksmith,323313,323313,https://www.anzscolookup.com.au/occupations/323313,TRA,MLTSSL,CSOL,"8 options, 190: 4 states, 491: 4 states",Eligible | MLTSSL,Eligible | MLTSSL,Eligible | MLTSSL,Eligible | MLTSSL,Eligible | CSOL,Eligible | CSOL,Eligible | MLTSSL,Eligible | MLTSSL,"MLTSSL, CSOL",MLTSSL,CSOL,MLTSSL,MLTSSL,TRA,Eligible,Eligible,,Eligible,Eligible,,Ineligible,Ineligible,,Ineligible,Ineligible,,Ineligible,Ineligible,,Eligible,Eligible,,Eligible,Eligible,,Ineligible,Ineligible,
Maintenance Planner,312911,312911,https://www.anzscolookup.com.au/occupations/312911,VETASSESS,ROL,CSOL,"7 options, 190: 0 states, 491: 7 states",Ineligible | Not listed,Ineligible | Not listed,Eligible | ROL,Ineligible | Not listed,Eligible | CSOL,Eligible | CSOL,Eligible | ROL,Eligible | ROL,"ROL, CSOL",ROL,CSOL,ROL,ROL,VETASSESS,Ineligible,Eligible,,Ineligible,Eligible,,Ineligible,Eligible,,Ineligible,Ineligible,,Ineligible,Eligible,,Ineligible,Eligible,,Ineligible,Eligible,,Ineligible,Eligible,
Make Up Artist,399514,399514,https://www.anzscolookup.com.au/occupations/399514,TRA,STSOL,Not available,"6 options, 190: 3 states, 491: 3 states",Ineligible | Not listed,Eligible | STSOL,Eligible | STSOL,Ineligible | Not listed,Ineligible | Not listed,Ineligible | Not listed,Eligible | ROL,Eligible | STSOL,"STSOL, ROL",STSOL,Not available,ROL,STSOL,TRA,Ineligible,Ineligible,,Eligible,Eligible,,Ineligible,Ineligible,,Ineligible,Ineligible,,Ineligible,Ineligible,,Eligible,Eligible,,Eligible,Eligible,,Ineligible,Ineligible,
Management Accountant,221112,221112,https://www.anzscolookup.com.au/occupations/221112,CPAA / IPA / CAANZ,MLTSSL,CSOL,"11 options, 190: 5 states, 491: 6 states",Eligible | MLTSSL,Eligible | MLTSSL,Eligible | MLTSSL,Eligible | MLTSSL,Eligible | CSOL,Eligible | CSOL,Eligible | MLTSSL,Eligible | MLTSSL,"MLTSSL, CSOL",MLTSSL,CSOL,MLTSSL,MLTSSL,"CPAA, IPA, CAANZ",Eligible,Eligible,,Eligible,Eligible,,Ineligible,Ineligible,,Ineligible,Ineligible,,Ineligible,Eligible,,Eligible,Eligible,,Eligible,Eligible,,Eligible,Eligible,
management consultant,224713,224713,https://www.anzscolookup.com.au/occupations/224713,VETASSESS,MLTSSL,CSOL,"6 options, 190: 3 states, 491: 3 states",Eligible | MLTSSL,Eligible | MLTSSL,Eligible | MLTSSL,Eligible | MLTSSL,Eligible | CSOL,Eligible | CSOL,Eligible | MLTSSL,Eligible | MLTSSL,"MLTSSL, CSOL",MLTSSL,CSOL,MLTSSL,MLTSSL,VETASSESS,Ineligible,Ineligible,,Eligible,Eligible,,Ineligible,Ineligible,,Ineligible,Ineligible,,Ineligible,Ineligible,,Eligible,Eligible,,Eligible,Eligible,,Ineligible,Ineligible,
Management Consultant,224711,224711,https://www.anzscolookup.com.au/occupations/224711,Manual verification required,"Not available, Not available, Not available","Not available, Not available, Not available","Not available, 190: 0 states, 491: 0 states",Ineligible | Not listed,Ineligible | Not listed,Ineligible | Not listed,Ineligible | Not listed,Ineligible | Not listed,Ineligible | Not listed,Ineligible | Not listed,Ineligible | Not listed,,,,,,,Ineligible,Ineligible,,Ineligible,Ineligible,,Ineligible,Ineligible,,Ineligible,Ineligible,,Ineligible,Ineligible,,Ineligible,Ineligible,,Ineligible,Ineligible,,Ineligible,Ineligible,
Manufacturer,133411,133411,https://www.anzscolookup.com.au/occupations/133411,VETASSESS,STSOL,Not available,"12 options, 190: 6 states, 491: 6 states",Ineligible | Not listed,Eligible | STSOL,Eligible | STSOL,Ineligible | Not listed,Ineligible | Not listed,Ineligible | Not listed,Eligible | ROL,Eligible | STSOL,"STSOL, ROL",STSOL,Not available,ROL,STSOL,VETASSESS,Ineligible,Ineligible,,Eligible,Eligible,,Eligible,Eligible,,Eligible,Eligible,,Eligible,Eligible,,Eligible,Eligible,,Eligible,Eligible,,Ineligible,Ineligible,
Marine Biologist,234516,234516,https://www.anzscolookup.com.au/occupations/234516,VETASSESS,MLTSSL,CSOL,"10 options, 190: 5 states, 491: 5 states",Eligible | MLTSSL,Eligible | MLTSSL,Eligible | MLTSSL,Eligible | MLTSSL,Eligible | CSOL,Eligible | CSOL,Eligible | MLTSSL,Eligible | MLTSSL,"MLTSSL, CSOL",MLTSSL,CSOL,MLTSSL,MLTSSL,VETASSESS,Ineligible,Ineligible,,Eligible,Eligible,,Ineligible,Ineligible,,Ineligible,Ineligible,,Eligible,Eligible,,Eligible,Eligible,,Eligible,Eligible,,Eligible,Eligible,
marine surveyor,231215,231215,https://www.anzscolookup.com.au/occupations/231215,AMSA,Not available,Not available,"Not available, 190: 0 states, 491: 0 states",Ineligible | Not listed,Ineligible | Not listed,Ineligible | Not listed,Ineligible | Not listed,Ineligible | Not listed,Ineligible | Not listed,Eligible | ROL,Ineligible | Not listed,ROL,Not available,Not available,ROL,Not available,Manual verification required,Ineligible,Ineligible,,Ineligible,Ineligible,,Ineligible,Ineligible,,Ineligible,Ineligible,,Ineligible,Ineligible,,Ineligible,Ineligible,,Ineligible,Ineligible,,Ineligible,Ineligible,
marine transport professionals (nec),231299,231299,https://www.anzscolookup.com.au/occupations/231299,VETASSESS,Not available,Not available,"Not available, 190: 0 states, 491: 0 states",Ineligible | Not listed,Ineligible | Not listed,Ineligible | Not listed,Ineligible | Not listed,Ineligible | Not listed,Ineligible | Not listed,Eligible | ROL,Ineligible | Not listed,ROL,Not available,Not available,ROL,Not available,Manual verification required,Ineligible,Ineligible,,Ineligible,Ineligible,,Ineligible,Ineligible,,Ineligible,Ineligible,,Ineligible,Ineligible,,Ineligible,Ineligible,,Ineligible,Ineligible,,Ineligible,Ineligible,
Market Research Analyst,225112,225112,https://www.anzscolookup.com.au/occupations/225112,VETASSESS,ROL,Not available,"4 options, 190: 0 states, 491: 4 states",Ineligible | Not listed,Ineligible | Not listed,Eligible | ROL,Ineligible | Not listed,Ineligible | Not listed,Ineligible | Not listed,Eligible | ROL,Eligible | ROL,ROL,ROL,Not available,ROL,ROL,VETASSESS,Ineligible,Ineligible,,Ineligible,Eligible,,Ineligible,Ineligible,,Ineligible,Ineligible,,Ineligible,Eligible,,Ineligible,Eligible,,Ineligible,Eligible,,Ineligible,Ineligible,
Marketing Specialist,225113,225113,https://www.anzscolookup.com.au/occupations/225113,VETASSESS,STSOL,CSOL,"7 options, 190: 3 states, 491: 4 states",Ineligible | Not listed,Eligible | STSOL,Eligible | STSOL,Ineligible | Not listed,Eligible | CSOL,Eligible | CSOL,Eligible | ROL,Eligible | STSOL,"STSOL, CSOL, ROL",STSOL,CSOL,ROL,STSOL,VETASSESS,Ineligible,Ineligible,,Eligible,Eligible,,Ineligible,Ineligible,,Ineligible,Ineligible,,Ineligible,Eligible,,Eligible,Eligible,,Eligible,Eligible,,Ineligible,Ineligible,
Massage Therapist,411611,411611,https://www.anzscolookup.com.au/occupations/411611,VETASSESS,STSOL,CSOL,"7 options, 190: 3 states, 491: 4 states",Ineligible | Not listed,Eligible | STSOL,Eligible | STSOL,Ineligible | Not listed,Eligible | CSOL,Eligible | CSOL,Eligible | ROL,Eligible | STSOL,"STSOL, CSOL, ROL",STSOL,CSOL,ROL,STSOL,VETASSESS,Ineligible,Ineligible,,Eligible,Eligible,,Ineligible,Ineligible,,Ineligible,Ineligible,,Ineligible,Eligible,,Eligible,Eligible,,Eligible,Eligible,,Ineligible,Ineligible,
master fisher,231211,231211,https://www.anzscolookup.com.au/occupations/231211,VETASSESS,Not available,Not available,"Not available, 190: 0 states, 491: 0 states",Ineligible | Not listed,Ineligible | Not listed,Ineligible | Not listed,Ineligible | Not listed,Ineligible | Not listed,Ineligible | Not listed,Eligible | ROL,Ineligible | Not listed,ROL,Not available,Not available,ROL,Not available,Manual verification required,Ineligible,Ineligible,,Ineligible,Ineligible,,Ineligible,Ineligible,,Ineligible,Ineligible,,Ineligible,Ineligible,,Ineligible,Ineligible,,Ineligible,Ineligible,,Ineligible,Ineligible,
Materials Engineer,233112,233112,https://www.anzscolookup.com.au/occupations/233112,Engineers Australia,MLTSSL,CSOL,"14 options, 190: 7 states, 491: 7 states",Eligible | MLTSSL,Eligible | MLTSSL,Eligible | MLTSSL,Eligible | MLTSSL,Eligible | CSOL,Eligible | CSOL,Eligible | MLTSSL,Eligible | MLTSSL,"MLTSSL, CSOL",MLTSSL,CSOL,MLTSSL,MLTSSL,Engineers Australia,Ineligible,Ineligible,,Eligible,Eligible,,Eligible,Eligible,,Eligible,Eligible,,Eligible,Eligible,,Eligible,Eligible,,Eligible,Eligible,,Eligible,Eligible,
Mathematician,224112,224112,https://www.anzscolookup.com.au/occupations/224112,VETASSESS,STSOL,CSOL,"8 options, 190: 4 states, 491: 4 states",Ineligible | Not listed,Eligible | STSOL,Eligible | STSOL,Ineligible | Not listed,Eligible | CSOL,Eligible | CSOL,Eligible | ROL,Eligible | STSOL,"STSOL, CSOL, ROL",STSOL,CSOL,ROL,STSOL,VETASSESS,Ineligible,Ineligible,,Eligible,Eligible,,Ineligible,Ineligible,,Ineligible,Ineligible,,Eligible,Eligible,,Eligible,Eligible,,Eligible,Eligible,,Ineligible,Ineligible,
Meat Inspector,311312,311312,https://www.anzscolookup.com.au/occupations/311312,VETASSESS,STSOL,CSOL,"10 options, 190: 5 states, 491: 5 states",Ineligible | Not listed,Eligible | STSOL,Eligible | STSOL,Ineligible | Not listed,Eligible | CSOL,Eligible | CSOL,Eligible | ROL,Eligible | STSOL,"STSOL, CSOL, ROL",STSOL,CSOL,ROL,STSOL,VETASSESS,Ineligible,Ineligible,,Eligible,Eligible,,Ineligible,Ineligible,,Ineligible,Ineligible,,Eligible,Eligible,,Eligible,Eligible,,Eligible,Eligible,,Eligible,Eligible,
Mechanical Engineer,233512,233512,https://www.anzscolookup.com.au/occupations/233512,Engineers Australia,MLTSSL,CSOL,"16 options, 190: 8 states, 491: 8 states",Eligible | MLTSSL,Eligible | MLTSSL,Eligible | MLTSSL,Eligible | MLTSSL,Eligible | CSOL,Eligible | CSOL,Eligible | MLTSSL,Eligible | MLTSSL,"MLTSSL, CSOL",MLTSSL,CSOL,MLTSSL,MLTSSL,Engineers Australia,Eligible,Eligible,,Eligible,Eligible,,Eligible,Eligible,,Eligible,Eligible,,Eligible,Eligible,,Eligible,Eligible,,Eligible,Eligible,,Eligible,Eligible,
Mechanical Engineering Draftsperson,312511,312511,https://www.anzscolookup.com.au/occupations/312511,Engineers Australia,ROL,CSOL,"8 options, 190: 0 states, 491: 8 states",Ineligible | Not listed,Ineligible | Not listed,Eligible | ROL,Ineligible | Not listed,Eligible | CSOL,Eligible | CSOL,Eligible | ROL,Eligible | ROL,"ROL, CSOL",ROL,CSOL,ROL,ROL,Engineers Australia,Ineligible,Eligible,,Ineligible,Eligible,,Ineligible,Eligible,,Ineligible,Eligible,,Ineligible,Eligible,,Ineligible,Eligible,,Ineligible,Eligible,,Ineligible,Eligible,
Mechanical Engineering Technician,312512,312512,https://www.anzscolookup.com.au/occupations/312512,TRA,STSOL,CSOL,"16 options, 190: 8 states, 491: 8 states",Ineligible | Not listed,Eligible | STSOL,Eligible | STSOL,Ineligible | Not listed,Eligible | CSOL,Eligible | CSOL,Eligible | ROL,Eligible | STSOL,"STSOL, CSOL, ROL",STSOL,CSOL,ROL,STSOL,TRA,Eligible,Eligible,,Eligible,Eligible,,Eligible,Eligible,,Eligible,Eligible,,Eligible,Eligible,,Eligible,Eligible,,Eligible,Eligible,,Eligible,Eligible,
media producer (excluding video),212112,212112,https://www.anzscolookup.com.au/occupations/212112,VETASSESS,Not available,Not available,"Not available, 190: 0 states, 491: 0 states",Ineligible | Not listed,Ineligible | Not listed,Ineligible | Not listed,Ineligible | Not listed,Ineligible | Not listed,Ineligible | Not listed,Eligible | ROL,Ineligible | Not listed,ROL,Not available,Not available,ROL,Not available,Manual verification required,Ineligible,Ineligible,,Ineligible,Ineligible,,Ineligible,Ineligible,,Ineligible,Ineligible,,Ineligible,Ineligible,,Ineligible,Ineligible,,Ineligible,Ineligible,,Ineligible,Ineligible,
Medical Administrator,134211,134211,https://www.anzscolookup.com.au/occupations/134211,VETASSESS,ROL,CSOL,"7 options, 190: 0 states, 491: 7 states",Ineligible | Not listed,Ineligible | Not listed,Eligible | ROL,Ineligible | Not listed,Eligible | CSOL,Eligible | CSOL,Eligible | ROL,Eligible | ROL,"ROL, CSOL",ROL,CSOL,ROL,ROL,VETASSESS,Ineligible,Eligible,,Ineligible,Eligible,,Ineligible,Eligible,,Ineligible,Ineligible,,Ineligible,Eligible,,Ineligible,Eligible,,Ineligible,Eligible,,Ineligible,Eligible,
Medical Diagnostic Radiographer,251211,251211,https://www.anzscolookup.com.au/occupations/251211,ASMIRT,MLTSSL,CSOL,"16 options, 190: 8 states, 491: 8 states",Eligible | MLTSSL,Eligible | MLTSSL,Eligible | MLTSSL,Eligible | MLTSSL,Eligible | CSOL,Eligible | CSOL,Eligible | MLTSSL,Eligible | MLTSSL,"MLTSSL, CSOL",MLTSSL,CSOL,MLTSSL,MLTSSL,ASMIRT,Eligible,Eligible,,Eligible,Eligible,,Eligible,Eligible,,Eligible,Eligible,,Eligible,Eligible,,Eligible,Eligible,,Eligible,Eligible,,Eligible,Eligible,
Medical Laboratory Scientist,234611,234611,https://www.anzscolookup.com.au/occupations/234611,AIMS,MLTSSL,Not available,"14 options, 190: 7 states, 491: 7 states",Eligible | MLTSSL,Eligible | MLTSSL,Eligible | MLTSSL,Eligible | MLTSSL,Ineligible | Not listed,Ineligible | Not listed,Eligible | MLTSSL,Eligible | MLTSSL,MLTSSL,MLTSSL,Not available,MLTSSL,MLTSSL,AIMS,Eligible,Eligible,,Eligible,Eligible,,Ineligible,Ineligible,,Eligible,Eligible,,Eligible,Eligible,,Eligible,Eligible,,Eligible,Eligible,,Eligible,Eligible,
Medical Laboratory Technician,311213,311213,https://www.anzscolookup.com.au/occupations/311213,AIMS,STSOL,Not available,"15 options, 190: 7 states, 491: 8 states",Ineligible | Not listed,Eligible | STSOL,Eligible | STSOL,Ineligible | Not listed,Ineligible | Not listed,Ineligible | Not listed,Eligible | ROL,Eligible | STSOL,"STSOL, ROL",STSOL,Not available,ROL,STSOL,AIMS,Eligible,Eligible,,Eligible,Eligible,,Eligible,Eligible,,Ineligible,Eligible,,Eligible,Eligible,,Eligible,Eligible,,Eligible,Eligible,,Eligible,Eligible,
Medical Oncologist,253314,253314,https://www.anzscolookup.com.au/occupations/253314,MedBA,MLTSSL,CSOL,"16 options, 190: 8 states, 491: 8 states",Eligible | MLTSSL,Eligible | MLTSSL,Eligible | MLTSSL,Eligible | MLTSSL,Eligible | CSOL,Eligible | CSOL,Eligible | MLTSSL,Eligible | MLTSSL,"MLTSSL, CSOL",MLTSSL,CSOL,MLTSSL,MLTSSL,MedBA,Eligible,Eligible,,Eligible,Eligible,,Eligible,Eligible,,Eligible,Eligible,,Eligible,Eligible,,Eligible,Eligible,,Eligible,Eligible,,Eligible,Eligible,
Medical Practitioners (NEC),253999,253999,https://www.anzscolookup.com.au/occupations/253999,MedBA,MLTSSL,CSOL,"16 options, 190: 8 states, 491: 8 states",Eligible | MLTSSL,Eligible | MLTSSL,Eligible | MLTSSL,Eligible | MLTSSL,Eligible | CSOL,Eligible | CSOL,Eligible | MLTSSL,Eligible | MLTSSL,"MLTSSL, CSOL",MLTSSL,CSOL,MLTSSL,MLTSSL,MedBA,Eligible,Eligible,,Eligible,Eligible,,Eligible,Eligible,,Eligible,Eligible,,Eligible,Eligible,,Eligible,Eligible,,Eligible,Eligible,,Eligible,Eligible,
Medical Radiation Therapist,251212,251212,https://www.anzscolookup.com.au/occupations/251212,ASMIRT,MLTSSL,CSOL,"16 options, 190: 8 states, 491: 8 states",Eligible | MLTSSL,Eligible | MLTSSL,Eligible | MLTSSL,Eligible | MLTSSL,Eligible | CSOL,Eligible | CSOL,Eligible | MLTSSL,Eligible | MLTSSL,"MLTSSL, CSOL",MLTSSL,CSOL,MLTSSL,MLTSSL,ASMIRT,Eligible,Eligible,,Eligible,Eligible,,Eligible,Eligible,,Eligible,Eligible,,Eligible,Eligible,,Eligible,Eligible,,Eligible,Eligible,,Eligible,Eligible,
Medical Technicians (NEC),311299,311299,https://www.anzscolookup.com.au/occupations/311299,VETASSESS,STSOL,CSOL,"14 options, 190: 7 states, 491: 7 states",Ineligible | Not listed,Eligible | STSOL,Eligible | STSOL,Ineligible | Not listed,Eligible | CSOL,Eligible | CSOL,Eligible | ROL,Eligible | STSOL,"STSOL, CSOL, ROL",STSOL,CSOL,ROL,STSOL,VETASSESS,Eligible,Eligible,,Eligible,Eligible,,Eligible,Eligible,,Ineligible,Ineligible,,Eligible,Eligible,,Eligible,Eligible,,Eligible,Eligible,,Eligible,Eligible,
Metal Casting Trades Worker,322114,322114,https://www.anzscolookup.com.au/occupations/322114,TRA,Not available,CSOL,"Not available, 190: 0 states, 491: 0 states",Ineligible | Not listed,Ineligible | Not listed,Ineligible | Not listed,Ineligible | Not listed,Eligible | CSOL,Eligible | CSOL,Eligible | ROL,Ineligible | Not listed,"CSOL, ROL",Not available,CSOL,ROL,Not available,Manual verification required,Ineligible,Ineligible,,Ineligible,Ineligible,,Ineligible,Ineligible,,Ineligible,Ineligible,,Ineligible,Ineligible,,Ineligible,Ineligible,,Ineligible,Ineligible,,Ineligible,Ineligible,
Metal Fabricator,322311,322311,https://www.anzscolookup.com.au/occupations/322311,TRA,MLTSSL,CSOL,"14 options, 190: 7 states, 491: 7 states",Eligible | MLTSSL,Eligible | MLTSSL,Eligible | MLTSSL,Eligible | MLTSSL,Eligible | CSOL,Eligible | CSOL,Eligible | MLTSSL,Eligible | MLTSSL,"MLTSSL, CSOL",MLTSSL,CSOL,MLTSSL,MLTSSL,TRA,Ineligible,Ineligible,,Eligible,Eligible,,Eligible,Eligible,,Eligible,Eligible,,Eligible,Eligible,,Eligible,Eligible,,Eligible,Eligible,,Eligible,Eligible,
Metal Fitters And Machinists (NEC),323299,323299,https://www.anzscolookup.com.au/occupations/323299,TRA,STSOL,CSOL,"16 options, 190: 8 states, 491: 8 states",Ineligible | Not listed,Eligible | STSOL,Eligible | STSOL,Ineligible | Not listed,Eligible | CSOL,Eligible | CSOL,Eligible | ROL,Eligible | STSOL,"STSOL, CSOL, ROL",STSOL,CSOL,ROL,STSOL,TRA,Eligible,Eligible,,Eligible,Eligible,,Eligible,Eligible,,Eligible,Eligible,,Eligible,Eligible,,Eligible,Eligible,,Eligible,Eligible,,Eligible,Eligible,
Metal Machinist (First Class),323214,323214,https://www.anzscolookup.com.au/occupations/323214,TRA,MLTSSL,CSOL,"16 options, 190: 8 states, 491: 8 states",Eligible | MLTSSL,Eligible | MLTSSL,Eligible | MLTSSL,Eligible | MLTSSL,Eligible | CSOL,Eligible | CSOL,Eligible | MLTSSL,Eligible | MLTSSL,"MLTSSL, CSOL",MLTSSL,CSOL,MLTSSL,MLTSSL,TRA,Eligible,Eligible,,Eligible,Eligible,,Eligible,Eligible,,Eligible,Eligible,,Eligible,Eligible,,Eligible,Eligible,,Eligible,Eligible,,Eligible,Eligible,
metal polisher,322115,322115,https://www.anzscolookup.com.au/occupations/322115,TRA,Not available,Not available,"Not available, 190: 0 states, 491: 0 states",Ineligible | Not listed,Ineligible | Not listed,Ineligible | Not listed,Ineligible | Not listed,Ineligible | Not listed,Ineligible | Not listed,Eligible | ROL,Ineligible | Not listed,ROL,Not available,Not available,ROL,Not available,Manual verification required,Ineligible,Ineligible,,Ineligible,Ineligible,,Ineligible,Ineligible,,Ineligible,Ineligible,,Ineligible,Ineligible,,Ineligible,Ineligible,,Ineligible,Ineligible,,Ineligible,Ineligible,
Metallurgical Or Materials Technician,312912,312912,https://www.anzscolookup.com.au/occupations/312912,VETASSESS,STSOL,CSOL,"16 options, 190: 8 states, 491: 8 states",Ineligible | Not listed,Eligible | STSOL,Eligible | STSOL,Ineligible | Not listed,Eligible | CSOL,Eligible | CSOL,Eligible | ROL,Eligible | STSOL,"STSOL, CSOL, ROL",STSOL,CSOL,ROL,STSOL,VETASSESS,Eligible,Eligible,,Eligible,Eligible,,Eligible,Eligible,,Eligible,Eligible,,Eligible,Eligible,,Eligible,Eligible,,Eligible,Eligible,,Eligible,Eligible,
Metallurgist,234912,234912,https://www.anzscolookup.com.au/occupations/234912,VETASSESS,MLTSSL,CSOL,"10 options, 190: 5 states, 491: 5 states",Eligible | MLTSSL,Eligible | MLTSSL,Eligible | MLTSSL,Eligible | MLTSSL,Eligible | CSOL,Eligible | CSOL,Eligible | MLTSSL,Eligible | MLTSSL,"MLTSSL, CSOL",MLTSSL,CSOL,MLTSSL,MLTSSL,VETASSESS,Ineligible,Ineligible,,Eligible,Eligible,,Ineligible,Ineligible,,Ineligible,Ineligible,,Eligible,Eligible,,Eligible,Eligible,,Eligible,Eligible,,Eligible,Eligible,
Meteorologist,234913,234913,https://www.anzscolookup.com.au/occupations/234913,VETASSESS,MLTSSL,CSOL,"10 options, 190: 5 states, 491: 5 states",Eligible | MLTSSL,Eligible | MLTSSL,Eligible | MLTSSL,Eligible | MLTSSL,Eligible | CSOL,Eligible | CSOL,Eligible | MLTSSL,Eligible | MLTSSL,"MLTSSL, CSOL",MLTSSL,CSOL,MLTSSL,MLTSSL,VETASSESS,Ineligible,Ineligible,,Eligible,Eligible,,Ineligible,Ineligible,,Ineligible,Ineligible,,Eligible,Eligible,,Eligible,Eligible,,Eligible,Eligible,,Eligible,Eligible,
Microbiologist,234517,234517,https://www.anzscolookup.com.au/occupations/234517,VETASSESS,MLTSSL,Not available,"10 options, 190: 5 states, 491: 5 states",Eligible | MLTSSL,Eligible | MLTSSL,Eligible | MLTSSL,Eligible | MLTSSL,Ineligible | Not listed,Ineligible | Not listed,Eligible | MLTSSL,Eligible | MLTSSL,MLTSSL,MLTSSL,Not available,MLTSSL,MLTSSL,VETASSESS,Ineligible,Ineligible,,Eligible,Eligible,,Ineligible,Ineligible,,Ineligible,Ineligible,,Eligible,Eligible,,Eligible,Eligible,,Eligible,Eligible,,Eligible,Eligible,
Middle School Teacher / Intermediate School Teacher,241311,241311,https://www.anzscolookup.com.au/occupations/241311,AITSL,STSOL,CSOL,"14 options, 190: 7 states, 491: 7 states",Ineligible | Not listed,Eligible | STSOL,Eligible | STSOL,Ineligible | Not listed,Eligible | CSOL,Eligible | CSOL,Eligible | ROL,Eligible | STSOL,"STSOL, CSOL, ROL",STSOL,CSOL,ROL,STSOL,AITSL,Eligible,Eligible,,Eligible,Eligible,,Ineligible,Ineligible,,Eligible,Eligible,,Eligible,Eligible,,Eligible,Eligible,,Eligible,Eligible,,Eligible,Eligible,
Midwife,254111,254111,https://www.anzscolookup.com.au/occupations/254111,ANMAC,MLTSSL,CSOL,"15 options, 190: 8 states, 491: 7 states",Eligible | MLTSSL,Eligible | MLTSSL,Eligible | MLTSSL,Eligible | MLTSSL,Eligible | CSOL,Eligible | CSOL,Eligible | MLTSSL,Eligible | MLTSSL,"MLTSSL, CSOL",MLTSSL,CSOL,MLTSSL,MLTSSL,ANMAC,Eligible,Eligible,,Eligible,Eligible,,Eligible,Ineligible,,Eligible,Eligible,,Eligible,Eligible,,Eligible,Eligible,,Eligible,Eligible,,Eligible,Eligible,
migration agent (Aus) / immigration consultant (NZ),224913,224913,https://www.anzscolookup.com.au/occupations/224913,VETASSESS,Not available,Not available,"Not available, 190: 0 states, 491: 0 states",Ineligible | Not listed,Ineligible | Not listed,Ineligible | Not listed,Ineligible | Not listed,Ineligible | Not listed,Ineligible | Not listed,Eligible | ROL,Ineligible | Not listed,ROL,Not available,Not available,ROL,Not available,Manual verification required,Ineligible,Ineligible,,Ineligible,Ineligible,,Ineligible,Ineligible,,Ineligible,Ineligible,,Ineligible,Ineligible,,Ineligible,Ineligible,,Ineligible,Ineligible,,Ineligible,Ineligible,
Mine Deputy,312913,312913,https://www.anzscolookup.com.au/occupations/312913,VETASSESS,STSOL,CSOL,"12 options, 190: 5 states, 491: 7 states",Ineligible | Not listed,Eligible | STSOL,Eligible | STSOL,Ineligible | Not listed,Eligible | CSOL,Eligible | CSOL,Eligible | ROL,Eligible | STSOL,"STSOL, CSOL, ROL",STSOL,CSOL,ROL,STSOL,VETASSESS,Ineligible,Ineligible,,Eligible,Eligible,,Eligible,Eligible,,Ineligible,Eligible,,Ineligible,Eligible,,Eligible,Eligible,,Eligible,Eligible,,Eligible,Eligible,
Mining Engineer (Excluding Petroleum),233611,233611,https://www.anzscolookup.com.au/occupations/233611,Engineers Australia,MLTSSL,CSOL,"14 options, 190: 7 states, 491: 7 states",Eligible | MLTSSL,Eligible | MLTSSL,Eligible | MLTSSL,Eligible | MLTSSL,Eligible | CSOL,Eligible | CSOL,Eligible | MLTSSL,Eligible | MLTSSL,"MLTSSL, CSOL",MLTSSL,CSOL,MLTSSL,MLTSSL,Engineers Australia,Ineligible,Ineligible,,Eligible,Eligible,,Eligible,Eligible,,Eligible,Eligible,,Eligible,Eligible,,Eligible,Eligible,,Eligible,Eligible,,Eligible,Eligible,
minister of religion,272211,272211,https://www.anzscolookup.com.au/occupations/272211,Manual verification required,Not available,Not available,"Not available, 190: 0 states, 491: 0 states",Ineligible | Not listed,Ineligible | Not listed,Ineligible | Not listed,Ineligible | Not listed,Ineligible | Not listed,Ineligible | Not listed,Ineligible | Not listed,Eligible | STSOL,STSOL,Not available,Not available,Not available,STSOL,Manual verification required,Ineligible,Ineligible,,Ineligible,Ineligible,,Ineligible,Ineligible,,Ineligible,Ineligible,,Ineligible,Ineligible,,Ineligible,Ineligible,,Ineligible,Ineligible,,Ineligible,Ineligible,
Mixed Crop And Livestock Farmer,121411,121411,https://www.anzscolookup.com.au/occupations/121411,VETASSESS,ROL,Not available,"5 options, 190: 0 states, 491: 5 states",Ineligible | Not listed,Ineligible | Not listed,Eligible | ROL,Ineligible | Not listed,Ineligible | Not listed,Ineligible | Not listed,Eligible | ROL,Eligible | ROL,ROL,ROL,Not available,ROL,ROL,VETASSESS,Ineligible,Ineligible,,Ineligible,Eligible,,Ineligible,Eligible,,Ineligible,Ineligible,,Ineligible,Ineligible,,Ineligible,Eligible,,Ineligible,Eligible,,Ineligible,Eligible,
Mixed Crop Farmer,121216,121216,https://www.anzscolookup.com.au/occupations/121216,VETASSESS,ROL,Not available,"5 options, 190: 0 states, 491: 5 states",Ineligible | Not listed,Ineligible | Not listed,Eligible | ROL,Ineligible | Not listed,Ineligible | Not listed,Ineligible | Not listed,Eligible | ROL,Eligible | ROL,ROL,ROL,Not available,ROL,ROL,VETASSESS,Ineligible,Ineligible,,Ineligible,Eligible,,Ineligible,Eligible,,Ineligible,Ineligible,,Ineligible,Ineligible,,Ineligible,Eligible,,Ineligible,Eligible,,Ineligible,Eligible,
Mixed Livestock Farmer,121317,121317,https://www.anzscolookup.com.au/occupations/121317,VETASSESS,ROL,Not available,"4 options, 190: 0 states, 491: 4 states",Ineligible | Not listed,Ineligible | Not listed,Eligible | ROL,Ineligible | Not listed,Ineligible | Not listed,Ineligible | Not listed,Eligible | ROL,Eligible | ROL,ROL,ROL,Not available,ROL,ROL,VETASSESS,Ineligible,Ineligible,,Ineligible,Eligible,,Ineligible,Ineligible,,Ineligible,Ineligible,,Ineligible,Ineligible,,Ineligible,Eligible,,Ineligible,Eligible,,Ineligible,Eligible,
mothercraft nurse,411412,411412,https://www.anzscolookup.com.au/occupations/411412,VETASSESS,Not available,Not available,"Not available, 190: 0 states, 491: 0 states",Ineligible | Not listed,Ineligible | Not listed,Ineligible | Not listed,Ineligible | Not listed,Ineligible | Not listed,Ineligible | Not listed,Eligible | ROL,Ineligible | Not listed,ROL,Not available,Not available,ROL,Not available,Manual verification required,Ineligible,Ineligible,,Ineligible,Ineligible,,Ineligible,Ineligible,,Ineligible,Ineligible,,Ineligible,Ineligible,,Ineligible,Ineligible,,Ineligible,Ineligible,,Ineligible,Ineligible,
Motor Mechanic (General),321211,321211,https://www.anzscolookup.com.au/occupations/321211,TRA,MLTSSL,CSOL,"14 options, 190: 6 states, 491: 8 states",Eligible | MLTSSL,Eligible | MLTSSL,Eligible | MLTSSL,Eligible | MLTSSL,Eligible | CSOL,Eligible | CSOL,Eligible | MLTSSL,Eligible | MLTSSL,"MLTSSL, CSOL",MLTSSL,CSOL,MLTSSL,MLTSSL,TRA,Eligible,Eligible,,Eligible,Eligible,,Eligible,Eligible,,Ineligible,Eligible,,Ineligible,Eligible,,Eligible,Eligible,,Eligible,Eligible,,Eligible,Eligible,
Motorcycle Mechanic,321213,321213,https://www.anzscolookup.com.au/occupations/321213,TRA,MLTSSL,CSOL,"13 options, 190: 6 states, 491: 7 states",Eligible | MLTSSL,Eligible | MLTSSL,Eligible | MLTSSL,Eligible | MLTSSL,Eligible | CSOL,Eligible | CSOL,Eligible | MLTSSL,Eligible | MLTSSL,"MLTSSL, CSOL",MLTSSL,CSOL,MLTSSL,MLTSSL,TRA,Eligible,Eligible,,Eligible,Eligible,,Eligible,Eligible,,Ineligible,Ineligible,,Ineligible,Eligible,,Eligible,Eligible,,Eligible,Eligible,,Eligible,Eligible,
Multimedia Designer,232413,232413,https://www.anzscolookup.com.au/occupations/232413,VETASSESS,ROL,CSOL,"4 options, 190: 0 states, 491: 4 states",Ineligible | Not listed,Ineligible | Not listed,Eligible | ROL,Ineligible | Not listed,Eligible | CSOL,Eligible | CSOL,Eligible | ROL,Eligible | ROL,"ROL, CSOL",ROL,CSOL,ROL,ROL,VETASSESS,Ineligible,Ineligible,,Ineligible,Eligible,,Ineligible,Ineligible,,Ineligible,Ineligible,,Ineligible,Eligible,,Ineligible,Eligible,,Ineligible,Eligible,,Ineligible,Ineligible,
Multimedia Specialist,261211,261211,https://www.anzscolookup.com.au/occupations/261211,ACS,MLTSSL,CSOL,"8 options, 190: 4 states, 491: 4 states",Eligible | MLTSSL,Eligible | MLTSSL,Eligible | MLTSSL,Eligible | MLTSSL,Eligible | CSOL,Eligible | CSOL,Eligible | MLTSSL,Eligible | MLTSSL,"MLTSSL, CSOL",MLTSSL,CSOL,MLTSSL,MLTSSL,ACS,Ineligible,Ineligible,,Eligible,Eligible,,Ineligible,Ineligible,,Ineligible,Ineligible,,Eligible,Eligible,,Eligible,Eligible,,Eligible,Eligible,,Ineligible,Ineligible,
Music Director,211212,211212,https://www.anzscolookup.com.au/occupations/211212,VETASSESS,MLTSSL,CSOL,"6 options, 190: 3 states, 491: 3 states",Eligible | MLTSSL,Eligible | MLTSSL,Eligible | MLTSSL,Eligible | MLTSSL,Eligible | CSOL,Eligible | CSOL,Eligible | MLTSSL,Eligible | MLTSSL,"MLTSSL, CSOL",MLTSSL,CSOL,MLTSSL,MLTSSL,VETASSESS,Ineligible,Ineligible,,Eligible,Eligible,,Ineligible,Ineligible,,Ineligible,Ineligible,,Ineligible,Ineligible,,Eligible,Eligible,,Eligible,Eligible,,Ineligible,Ineligible,
Music Professionals (NEC),211299,211299,https://www.anzscolookup.com.au/occupations/211299,VETASSESS,STSOL,Not available,"6 options, 190: 3 states, 491: 3 states",Ineligible | Not listed,Eligible | STSOL,Eligible | STSOL,Ineligible | Not listed,Ineligible | Not listed,Ineligible | Not listed,Eligible | ROL,Eligible | STSOL,"STSOL, ROL",STSOL,Not available,ROL,STSOL,VETASSESS,Ineligible,Ineligible,,Eligible,Eligible,,Ineligible,Ineligible,,Ineligible,Ineligible,,Ineligible,Ineligible,,Eligible,Eligible,,Eligible,Eligible,,Ineligible,Ineligible,
Music Teacher (Private Tuition),249214,249214,https://www.anzscolookup.com.au/occupations/249214,VETASSESS,STSOL,CSOL,"6 options, 190: 3 states, 491: 3 states",Ineligible | Not listed,Eligible | STSOL,Eligible | STSOL,Ineligible | Not listed,Eligible | CSOL,Eligible | CSOL,Eligible | ROL,Eligible | STSOL,"STSOL, CSOL, ROL",STSOL,CSOL,ROL,STSOL,VETASSESS,Ineligible,Ineligible,,Eligible,Eligible,,Ineligible,Ineligible,,Ineligible,Ineligible,,Ineligible,Ineligible,,Eligible,Eligible,,Eligible,Eligible,,Ineligible,Ineligible,
musical instrument maker or repairer,399515,399515,https://www.anzscolookup.com.au/occupations/399515,TRA,Not available,Not available,"Not available, 190: 0 states, 491: 0 states",Ineligible | Not listed,Ineligible | Not listed,Ineligible | Not listed,Ineligible | Not listed,Ineligible | Not listed,Ineligible | Not listed,Eligible | ROL,Ineligible | Not listed,ROL,Not available,Not available,ROL,Not available,Manual verification required,Ineligible,Ineligible,,Ineligible,Ineligible,,Ineligible,Ineligible,,Ineligible,Ineligible,,Ineligible,Ineligible,,Ineligible,Ineligible,,Ineligible,Ineligible,,Ineligible,Ineligible,
Musician (Instrumental),211213,211213,https://www.anzscolookup.com.au/occupations/211213,VETASSESS,MLTSSL,Not available,"6 options, 190: 3 states, 491: 3 states",Eligible | MLTSSL,Eligible | MLTSSL,Eligible | MLTSSL,Eligible | MLTSSL,Ineligible | Not listed,Ineligible | Not listed,Eligible | MLTSSL,Eligible | MLTSSL,MLTSSL,MLTSSL,Not available,MLTSSL,MLTSSL,VETASSESS,Ineligible,Ineligible,,Eligible,Eligible,,Ineligible,Ineligible,,Ineligible,Ineligible,,Ineligible,Ineligible,,Eligible,Eligible,,Eligible,Eligible,,Ineligible,Ineligible,
Natural And Physical Science Professionals (NEC),234999,234999,https://www.anzscolookup.com.au/occupations/234999,VETASSESS,MLTSSL,CSOL,"12 options, 190: 6 states, 491: 6 states",Eligible | MLTSSL,Eligible | MLTSSL,Eligible | MLTSSL,Eligible | MLTSSL,Eligible | CSOL,Eligible | CSOL,Eligible | MLTSSL,Eligible | MLTSSL,"MLTSSL, CSOL",MLTSSL,CSOL,MLTSSL,MLTSSL,VETASSESS,Eligible,Eligible,,Eligible,Eligible,,Ineligible,Ineligible,,Ineligible,Ineligible,,Eligible,Eligible,,Eligible,Eligible,,Eligible,Eligible,,Eligible,Eligible,
Naturopath,252213,252213,https://www.anzscolookup.com.au/occupations/252213,VETASSESS,STSOL,Not available,"10 options, 190: 5 states, 491: 5 states",Ineligible | Not listed,Eligible | STSOL,Eligible | STSOL,Ineligible | Not listed,Ineligible | Not listed,Ineligible | Not listed,Eligible | ROL,Eligible | STSOL,"STSOL, ROL",STSOL,Not available,ROL,STSOL,VETASSESS,Eligible,Eligible,,Eligible,Eligible,,Ineligible,Ineligible,,Ineligible,Ineligible,,Ineligible,Ineligible,,Eligible,Eligible,,Eligible,Eligible,,Eligible,Eligible,
Naval Architect / Marine Designer,233916,233916,https://www.anzscolookup.com.au/occupations/233916,Engineers Australia,MLTSSL,CSOL,"14 options, 190: 7 states, 491: 7 states",Eligible | MLTSSL,Eligible | MLTSSL,Eligible | MLTSSL,Eligible | MLTSSL,Eligible | CSOL,Eligible | CSOL,Eligible | MLTSSL,Eligible | MLTSSL,"MLTSSL, CSOL",MLTSSL,CSOL,MLTSSL,MLTSSL,Engineers Australia,Eligible,Eligible,,Eligible,Eligible,,Eligible,Eligible,,Ineligible,Ineligible,,Eligible,Eligible,,Eligible,Eligible,,Eligible,Eligible,,Eligible,Eligible,
Network Administrator,263112,263112,https://www.anzscolookup.com.au/occupations/263112,ACS,STSOL,CSOL,"14 options, 190: 7 states, 491: 7 states",Ineligible | Not listed,Eligible | STSOL,Eligible | STSOL,Ineligible | Not listed,Eligible | CSOL,Eligible | CSOL,Eligible | ROL,Eligible | STSOL,"STSOL, CSOL, ROL",STSOL,CSOL,ROL,STSOL,ACS,Eligible,Eligible,,Eligible,Eligible,,Eligible,Eligible,,Ineligible,Ineligible,,Eligible,Eligible,,Eligible,Eligible,,Eligible,Eligible,,Eligible,Eligible,
Network Analyst,263113,263113,https://www.anzscolookup.com.au/occupations/263113,ACS,STSOL,CSOL,"14 options, 190: 7 states, 491: 7 states",Ineligible | Not listed,Eligible | STSOL,Eligible | STSOL,Ineligible | Not listed,Eligible | CSOL,Eligible | CSOL,Eligible | ROL,Eligible | STSOL,"STSOL, CSOL, ROL",STSOL,CSOL,ROL,STSOL,ACS,Eligible,Eligible,,Eligible,Eligible,,Eligible,Eligible,,Ineligible,Ineligible,,Eligible,Eligible,,Eligible,Eligible,,Eligible,Eligible,,Eligible,Eligible,
Neurologist,253318,253318,https://www.anzscolookup.com.au/occupations/253318,MedBA,MLTSSL,CSOL,"16 options, 190: 8 states, 491: 8 states",Eligible | MLTSSL,Eligible | MLTSSL,Eligible | MLTSSL,Eligible | MLTSSL,Eligible | CSOL,Eligible | CSOL,Eligible | MLTSSL,Eligible | MLTSSL,"MLTSSL, CSOL",MLTSSL,CSOL,MLTSSL,MLTSSL,MedBA,Eligible,Eligible,,Eligible,Eligible,,Eligible,Eligible,,Eligible,Eligible,,Eligible,Eligible,,Eligible,Eligible,,Eligible,Eligible,,Eligible,Eligible,
Neurosurgeon,253513,253513,https://www.anzscolookup.com.au/occupations/253513,MedBA,MLTSSL,CSOL,"15 options, 190: 8 states, 491: 7 states",Eligible | MLTSSL,Eligible | MLTSSL,Eligible | MLTSSL,Eligible | MLTSSL,Eligible | CSOL,Eligible | CSOL,Eligible | MLTSSL,Eligible | MLTSSL,"MLTSSL, CSOL",MLTSSL,CSOL,MLTSSL,MLTSSL,MedBA,Eligible,Eligible,,Eligible,Eligible,,Eligible,Ineligible,,Eligible,Eligible,,Eligible,Eligible,,Eligible,Eligible,,Eligible,Eligible,,Eligible,Eligible,
Newspaper Or Periodical Editor,212412,212412,https://www.anzscolookup.com.au/occupations/212412,VETASSESS,STSOL,Not available,"7 options, 190: 3 states, 491: 4 states",Ineligible | Not listed,Eligible | STSOL,Eligible | STSOL,Ineligible | Not listed,Ineligible | Not listed,Ineligible | Not listed,Eligible | ROL,Eligible | STSOL,"STSOL, ROL",STSOL,Not available,ROL,STSOL,VETASSESS,Ineligible,Ineligible,,Eligible,Eligible,,Ineligible,Ineligible,,Ineligible,Ineligible,,Ineligible,Eligible,,Eligible,Eligible,,Eligible,Eligible,,Ineligible,Ineligible,
Nuclear Medicine Technologist,251213,251213,https://www.anzscolookup.com.au/occupations/251213,ANZSNM,MLTSSL,CSOL,"16 options, 190: 8 states, 491: 8 states",Eligible | MLTSSL,Eligible | MLTSSL,Eligible | MLTSSL,Eligible | MLTSSL,Eligible | CSOL,Eligible | CSOL,Eligible | MLTSSL,Eligible | MLTSSL,"MLTSSL, CSOL",MLTSSL,CSOL,MLTSSL,MLTSSL,ANZSNM,Eligible,Eligible,,Eligible,Eligible,,Eligible,Eligible,,Eligible,Eligible,,Eligible,Eligible,,Eligible,Eligible,,Eligible,Eligible,,Eligible,Eligible,
Nurse Educator,254211,254211,https://www.anzscolookup.com.au/occupations/254211,ANMAC,STSOL,CSOL,"12 options, 190: 6 states, 491: 6 states",Ineligible | Not listed,Eligible | STSOL,Eligible | STSOL,Ineligible | Not listed,Eligible | CSOL,Eligible | CSOL,Eligible | ROL,Eligible | STSOL,"STSOL, CSOL, ROL",STSOL,CSOL,ROL,STSOL,ANMAC,Eligible,Eligible,,Eligible,Eligible,,Ineligible,Ineligible,,Ineligible,Ineligible,,Eligible,Eligible,,Eligible,Eligible,,Eligible,Eligible,,Eligible,Eligible,
Nurse Manager,254311,254311,https://www.anzscolookup.com.au/occupations/254311,ANMAC,STSOL,Not available,"13 options, 190: 7 states, 491: 6 states",Ineligible | Not listed,Eligible | STSOL,Eligible | STSOL,Ineligible | Not listed,Ineligible | Not listed,Ineligible | Not listed,Eligible | ROL,Eligible | STSOL,"STSOL, ROL",STSOL,Not available,ROL,STSOL,ANMAC,Eligible,Eligible,,Eligible,Eligible,,Eligible,Ineligible,,Ineligible,Ineligible,,Eligible,Eligible,,Eligible,Eligible,,Eligible,Eligible,,Eligible,Eligible,
Nurse Practitioner,254411,254411,https://www.anzscolookup.com.au/occupations/254411,ANMAC,MLTSSL,CSOL,"16 options, 190: 8 states, 491: 8 states",Eligible | MLTSSL,Eligible | MLTSSL,Eligible | MLTSSL,Eligible | MLTSSL,Eligible | CSOL,Eligible | CSOL,Eligible | MLTSSL,Eligible | MLTSSL,"MLTSSL, CSOL",MLTSSL,CSOL,MLTSSL,MLTSSL,ANMAC,Eligible,Eligible,,Eligible,Eligible,,Eligible,Eligible,,Eligible,Eligible,,Eligible,Eligible,,Eligible,Eligible,,Eligible,Eligible,,Eligible,Eligible,
Nurse Researcher,254212,254212,https://www.anzscolookup.com.au/occupations/254212,ANMAC,STSOL,CSOL,"12 options, 190: 6 states, 491: 6 states",Ineligible | Not listed,Eligible | STSOL,Eligible | STSOL,Ineligible | Not listed,Eligible | CSOL,Eligible | CSOL,Eligible | ROL,Eligible | STSOL,"STSOL, CSOL, ROL",STSOL,CSOL,ROL,STSOL,ANMAC,Eligible,Eligible,,Eligible,Eligible,,Ineligible,Ineligible,,Ineligible,Ineligible,,Eligible,Eligible,,Eligible,Eligible,,Eligible,Eligible,,Eligible,Eligible,
Nurseryperson,362411,362411,https://www.anzscolookup.com.au/occupations/362411,TRA,ROL,CSOL,"4 options, 190: 0 states, 491: 4 states",Ineligible | Not listed,Ineligible | Not listed,Eligible | ROL,Ineligible | Not listed,Eligible | CSOL,Eligible | CSOL,Eligible | ROL,Eligible | ROL,"ROL, CSOL",ROL,CSOL,ROL,ROL,TRA,Ineligible,Ineligible,,Ineligible,Eligible,,Ineligible,Ineligible,,Ineligible,Ineligible,,Ineligible,Ineligible,,Ineligible,Eligible,,Ineligible,Eligible,,Ineligible,Eligible,
Nursing Clinical Director,134212,134212,https://www.anzscolookup.com.au/occupations/134212,ANMAC,MLTSSL,CSOL,"16 options, 190: 8 states, 491: 8 states",Eligible | MLTSSL,Eligible | MLTSSL,Eligible | MLTSSL,Eligible | MLTSSL,Eligible | CSOL,Eligible | CSOL,Eligible | MLTSSL,Eligible | MLTSSL,"MLTSSL, CSOL",MLTSSL,CSOL,MLTSSL,MLTSSL,ANMAC,Eligible,Eligible,,Eligible,Eligible,,Eligible,Eligible,,Eligible,Eligible,,Eligible,Eligible,,Eligible,Eligible,,Eligible,Eligible,,Eligible,Eligible,
Nutritionist,251112,251112,https://www.anzscolookup.com.au/occupations/251112,VETASSESS,STSOL,Not available,"12 options, 190: 6 states, 491: 6 states",Ineligible | Not listed,Eligible | STSOL,Eligible | STSOL,Ineligible | Not listed,Ineligible | Not listed,Ineligible | Not listed,Eligible | ROL,Eligible | STSOL,"STSOL, ROL",STSOL,Not available,ROL,STSOL,VETASSESS,Eligible,Eligible,,Eligible,Eligible,,Ineligible,Ineligible,,Ineligible,Ineligible,,Eligible,Eligible,,Eligible,Eligible,,Eligible,Eligible,,Eligible,Eligible,
Obstetrician And Gynaecologist,253913,253913,https://www.anzscolookup.com.au/occupations/253913,MedBA,MLTSSL,CSOL,"16 options, 190: 8 states, 491: 8 states",Eligible | MLTSSL,Eligible | MLTSSL,Eligible | MLTSSL,Eligible | MLTSSL,Eligible | CSOL,Eligible | CSOL,Eligible | MLTSSL,Eligible | MLTSSL,"MLTSSL, CSOL",MLTSSL,CSOL,MLTSSL,MLTSSL,MedBA,Eligible,Eligible,,Eligible,Eligible,,Eligible,Eligible,,Eligible,Eligible,,Eligible,Eligible,,Eligible,Eligible,,Eligible,Eligible,,Eligible,Eligible,
Occupational Health And Safety Adviser,251312,251312,https://www.anzscolookup.com.au/occupations/251312,VETASSESS,STSOL,CSOL,"14 options, 190: 7 states, 491: 7 states",Ineligible | Not listed,Eligible | STSOL,Eligible | STSOL,Ineligible | Not listed,Eligible | CSOL,Eligible | CSOL,Eligible | ROL,Eligible | STSOL,"STSOL, CSOL, ROL",STSOL,CSOL,ROL,STSOL,VETASSESS,Eligible,Eligible,,Eligible,Eligible,,Eligible,Eligible,,Ineligible,Ineligible,,Eligible,Eligible,,Eligible,Eligible,,Eligible,Eligible,,Eligible,Eligible,
Occupational Therapist,252411,252411,https://www.anzscolookup.com.au/occupations/252411,OTC,MLTSSL,CSOL,"16 options, 190: 8 states, 491: 8 states",Eligible | MLTSSL,Eligible | MLTSSL,Eligible | MLTSSL,Eligible | MLTSSL,Eligible | CSOL,Eligible | CSOL,Eligible | MLTSSL,Eligible | MLTSSL,"MLTSSL, CSOL",MLTSSL,CSOL,MLTSSL,MLTSSL,OTC,Eligible,Eligible,,Eligible,Eligible,,Eligible,Eligible,,Eligible,Eligible,,Eligible,Eligible,,Eligible,Eligible,,Eligible,Eligible,,Eligible,Eligible,
Office Manager,512111,512111,https://www.anzscolookup.com.au/occupations/512111,VETASSESS,Not available,CSOL,"Not available, 190: 0 states, 491: 0 states",Ineligible | Not listed,Ineligible | Not listed,Ineligible | Not listed,Ineligible | Not listed,Eligible | CSOL,Eligible | CSOL,Eligible | ROL,Ineligible | Not listed,"CSOL, ROL",Not available,CSOL,ROL,Not available,Manual verification required,Ineligible,Ineligible,,Ineligible,Ineligible,,Ineligible,Ineligible,,Ineligible,Ineligible,,Ineligible,Ineligible,,Ineligible,Ineligible,,Ineligible,Ineligible,,Ineligible,Ineligible,
Operating Theatre Technician,311214,311214,https://www.anzscolookup.com.au/occupations/311214,VETASSESS,ROL,Not available,"7 options, 190: 0 states, 491: 7 states",Ineligible | Not listed,Ineligible | Not listed,Eligible | ROL,Ineligible | Not listed,Ineligible | Not listed,Ineligible | Not listed,Eligible | ROL,Eligible | ROL,ROL,ROL,Not available,ROL,ROL,VETASSESS,Ineligible,Eligible,,Ineligible,Eligible,,Ineligible,Eligible,,Ineligible,Ineligible,,Ineligible,Eligible,,Ineligible,Eligible,,Ineligible,Eligible,,Ineligible,Eligible,
Ophthalmologist,253914,253914,https://www.anzscolookup.com.au/occupations/253914,MedBA,MLTSSL,CSOL,"16 options, 190: 8 states, 491: 8 states",Eligible | MLTSSL,Eligible | MLTSSL,Eligible | MLTSSL,Eligible | MLTSSL,Eligible | CSOL,Eligible | CSOL,Eligible | MLTSSL,Eligible | MLTSSL,"MLTSSL, CSOL",MLTSSL,CSOL,MLTSSL,MLTSSL,MedBA,Eligible,Eligible,,Eligible,Eligible,,Eligible,Eligible,,Eligible,Eligible,,Eligible,Eligible,,Eligible,Eligible,,Eligible,Eligible,,Eligible,Eligible,
Optical Dispenser \ Dispensing Optician,399913,399913,https://www.anzscolookup.com.au/occupations/399913,TRA,Not available,CSOL,"Not available, 190: 0 states, 491: 0 states",Ineligible | Not listed,Ineligible | Not listed,Ineligible | Not listed,Ineligible | Not listed,Eligible | CSOL,Eligible | CSOL,Eligible | ROL,Ineligible | Not listed,"CSOL, ROL",Not available,CSOL,ROL,Not available,Manual verification required,Ineligible,Ineligible,,Ineligible,Ineligible,,Ineligible,Ineligible,,Ineligible,Ineligible,,Ineligible,Ineligible,,Ineligible,Ineligible,,Ineligible,Ineligible,,Ineligible,Ineligible,
Optical Mechanic,399914,399914,https://www.anzscolookup.com.au/occupations/399914,TRA,Not available,CSOL,"Not available, 190: 0 states, 491: 0 states",Ineligible | Not listed,Ineligible | Not listed,Ineligible | Not listed,Ineligible | Not listed,Eligible | CSOL,Eligible | CSOL,Eligible | ROL,Ineligible | Not listed,"CSOL, ROL",Not available,CSOL,ROL,Not available,Manual verification required,Ineligible,Ineligible,,Ineligible,Ineligible,,Ineligible,Ineligible,,Ineligible,Ineligible,,Ineligible,Ineligible,,Ineligible,Ineligible,,Ineligible,Ineligible,,Ineligible,Ineligible,
Optometrist,251411,251411,https://www.anzscolookup.com.au/occupations/251411,OCANZ,MLTSSL,CSOL,"12 options, 190: 6 states, 491: 6 states",Eligible | MLTSSL,Eligible | MLTSSL,Eligible | MLTSSL,Eligible | MLTSSL,Eligible | CSOL,Eligible | CSOL,Eligible | MLTSSL,Eligible | MLTSSL,"MLTSSL, CSOL",MLTSSL,CSOL,MLTSSL,MLTSSL,OCANZ,Eligible,Eligible,,Eligible,Eligible,,Ineligible,Ineligible,,Ineligible,Ineligible,,Eligible,Eligible,,Eligible,Eligible,,Eligible,Eligible,,Eligible,Eligible,
Organisation And Methods Analyst,224712,224712,https://www.anzscolookup.com.au/occupations/224712,VETASSESS,STSOL,CSOL,"10 options, 190: 5 states, 491: 5 states",Ineligible | Not listed,Eligible | STSOL,Eligible | STSOL,Ineligible | Not listed,Eligible | CSOL,Eligible | CSOL,Eligible | ROL,Eligible | STSOL,"STSOL, CSOL, ROL",STSOL,CSOL,ROL,STSOL,VETASSESS,Ineligible,Ineligible,,Eligible,Eligible,,Ineligible,Ineligible,,Ineligible,Ineligible,,Eligible,Eligible,,Eligible,Eligible,,Eligible,Eligible,,Eligible,Eligible,
Organisational Psychologist,272313,272313,https://www.anzscolookup.com.au/occupations/272313,APS,MLTSSL,CSOL,"16 options, 190: 8 states, 491: 8 states",Eligible | MLTSSL,Eligible | MLTSSL,Eligible | MLTSSL,Eligible | MLTSSL,Eligible | CSOL,Eligible | CSOL,Eligible | MLTSSL,Eligible | MLTSSL,"MLTSSL, CSOL",MLTSSL,CSOL,MLTSSL,MLTSSL,APS,Eligible,Eligible,,Eligible,Eligible,,Eligible,Eligible,,Eligible,Eligible,,Eligible,Eligible,,Eligible,Eligible,,Eligible,Eligible,,Eligible,Eligible,
Orthopaedic Surgeon,253514,253514,https://www.anzscolookup.com.au/occupations/253514,MedBA,MLTSSL,CSOL,"15 options, 190: 8 states, 491: 7 states",Eligible | MLTSSL,Eligible | MLTSSL,Eligible | MLTSSL,Eligible | MLTSSL,Eligible | CSOL,Eligible | CSOL,Eligible | MLTSSL,Eligible | MLTSSL,"MLTSSL, CSOL",MLTSSL,CSOL,MLTSSL,MLTSSL,MedBA,Eligible,Eligible,,Eligible,Eligible,,Eligible,Ineligible,,Eligible,Eligible,,Eligible,Eligible,,Eligible,Eligible,,Eligible,Eligible,,Eligible,Eligible,
Orthoptist,251412,251412,https://www.anzscolookup.com.au/occupations/251412,VETASSESS,STSOL,CSOL,"12 options, 190: 6 states, 491: 6 states",Ineligible | Not listed,Eligible | STSOL,Eligible | STSOL,Ineligible | Not listed,Eligible | CSOL,Eligible | CSOL,Eligible | ROL,Eligible | STSOL,"STSOL, CSOL, ROL",STSOL,CSOL,ROL,STSOL,VETASSESS,Eligible,Eligible,,Eligible,Eligible,,Ineligible,Ineligible,,Ineligible,Ineligible,,Eligible,Eligible,,Eligible,Eligible,,Eligible,Eligible,,Eligible,Eligible,
Orthotist Or Prosthetist,251912,251912,https://www.anzscolookup.com.au/occupations/251912,AOPA,MLTSSL,CSOL,"13 options, 190: 6 states, 491: 7 states",Eligible | MLTSSL,Eligible | MLTSSL,Eligible | MLTSSL,Eligible | MLTSSL,Eligible | CSOL,Eligible | CSOL,Eligible | MLTSSL,Eligible | MLTSSL,"MLTSSL, CSOL",MLTSSL,CSOL,MLTSSL,MLTSSL,AOPA,Eligible,Eligible,,Eligible,Eligible,,Ineligible,Ineligible,,Ineligible,Eligible,,Eligible,Eligible,,Eligible,Eligible,,Eligible,Eligible,,Eligible,Eligible,
Osteopath,252112,252112,https://www.anzscolookup.com.au/occupations/252112,AOAC,MLTSSL,Not available,"13 options, 190: 7 states, 491: 6 states",Eligible | MLTSSL,Eligible | MLTSSL,Eligible | MLTSSL,Eligible | MLTSSL,Ineligible | Not listed,Ineligible | Not listed,Eligible | MLTSSL,Eligible | MLTSSL,MLTSSL,MLTSSL,Not available,MLTSSL,MLTSSL,AOAC,Eligible,Eligible,,Eligible,Eligible,,Eligible,Ineligible,,Ineligible,Ineligible,,Eligible,Eligible,,Eligible,Eligible,,Eligible,Eligible,,Eligible,Eligible,
Other Draftsperson,312914,312914,https://www.anzscolookup.com.au/occupations/312914,VETASSESS,Not available,CSOL,"Not available, 190: 0 states, 491: 0 states",Ineligible | Not listed,Ineligible | Not listed,Ineligible | Not listed,Ineligible | Not listed,Eligible | CSOL,Eligible | CSOL,Ineligible | Not listed,Ineligible | Not listed,CSOL,Not available,CSOL,Not available,Not available,Manual verification required,Ineligible,Ineligible,,Ineligible,Ineligible,,Ineligible,Ineligible,,Ineligible,Ineligible,,Ineligible,Ineligible,,Ineligible,Ineligible,,Ineligible,Ineligible,,Ineligible,Ineligible,
Other Spatial Scientist,232214,232214,https://www.anzscolookup.com.au/occupations/232214,VETASSESS,MLTSSL,CSOL,"12 options, 190: 6 states, 491: 6 states",Eligible | MLTSSL,Eligible | MLTSSL,Eligible | MLTSSL,Eligible | MLTSSL,Eligible | CSOL,Eligible | CSOL,Eligible | MLTSSL,Eligible | MLTSSL,"MLTSSL, CSOL",MLTSSL,CSOL,MLTSSL,MLTSSL,VETASSESS,Ineligible,Ineligible,,Eligible,Eligible,,Eligible,Eligible,,Ineligible,Ineligible,,Eligible,Eligible,,Eligible,Eligible,,Eligible,Eligible,,Eligible,Eligible,
Other Sports Coach Or Instructor,452317,452317,https://www.anzscolookup.com.au/occupations/452317,VETASSESS,STSOL,CSOL,"8 options, 190: 4 states, 491: 4 states",Ineligible | Not listed,Eligible | STSOL,Eligible | STSOL,Ineligible | Not listed,Eligible | CSOL,Eligible | CSOL,Eligible | ROL,Eligible | STSOL,"STSOL, CSOL, ROL",STSOL,CSOL,ROL,STSOL,VETASSESS,Ineligible,Ineligible,,Eligible,Eligible,,Ineligible,Ineligible,,Ineligible,Ineligible,,Eligible,Eligible,,Eligible,Eligible,,Eligible,Eligible,,Ineligible,Ineligible,
other sports official,452323,452323,https://www.anzscolookup.com.au/occupations/452323,VETASSESS,Not available,Not available,"Not available, 190: 0 states, 491: 0 states",Ineligible | Not listed,Ineligible | Not listed,Ineligible | Not listed,Ineligible | Not listed,Ineligible | Not listed,Ineligible | Not listed,Eligible | ROL,Ineligible | Not listed,ROL,Not available,Not available,ROL,Not available,Manual verification required,Ineligible,Ineligible,,Ineligible,Ineligible,,Ineligible,Ineligible,,Ineligible,Ineligible,,Ineligible,Ineligible,,Ineligible,Ineligible,,Ineligible,Ineligible,,Ineligible,Ineligible,
Otorhinolaryngologist,253515,253515,https://www.anzscolookup.com.au/occupations/253515,MedBA,MLTSSL,CSOL,"15 options, 190: 8 states, 491: 7 states",Eligible | MLTSSL,Eligible | MLTSSL,Eligible | MLTSSL,Eligible | MLTSSL,Eligible | CSOL,Eligible | CSOL,Eligible | MLTSSL,Eligible | MLTSSL,"MLTSSL, CSOL",MLTSSL,CSOL,MLTSSL,MLTSSL,MedBA,Eligible,Eligible,,Eligible,Eligible,,Eligible,Ineligible,,Eligible,Eligible,,Eligible,Eligible,,Eligible,Eligible,,Eligible,Eligible,,Eligible,Eligible,
Out of School Hours Care Worker,421114,421114,https://www.anzscolookup.com.au/occupations/421114,ACECQA,Not available,CSOL,"Not available, 190: 0 states, 491: 0 states",Ineligible | Not listed,Ineligible | Not listed,Ineligible | Not listed,Ineligible | Not listed,Eligible | CSOL,Eligible | CSOL,Ineligible | Not listed,Ineligible | Not listed,CSOL,Not available,CSOL,Not available,Not available,Manual verification required,Ineligible,Ineligible,,Ineligible,Ineligible,,Ineligible,Ineligible,,Ineligible,Ineligible,,Ineligible,Ineligible,,Ineligible,Ineligible,,Ineligible,Ineligible,,Ineligible,Ineligible,
Paediatric Surgeon,253516,253516,https://www.anzscolookup.com.au/occupations/253516,MedBA,MLTSSL,CSOL,"15 options, 190: 8 states, 491: 7 states",Eligible | MLTSSL,Eligible | MLTSSL,Eligible | MLTSSL,Eligible | MLTSSL,Eligible | CSOL,Eligible | CSOL,Eligible | MLTSSL,Eligible | MLTSSL,"MLTSSL, CSOL",MLTSSL,CSOL,MLTSSL,MLTSSL,MedBA,Eligible,Eligible,,Eligible,Eligible,,Eligible,Ineligible,,Eligible,Eligible,,Eligible,Eligible,,Eligible,Eligible,,Eligible,Eligible,,Eligible,Eligible,
Paediatrician,253321,253321,https://www.anzscolookup.com.au/occupations/253321,MedBA,MLTSSL,CSOL,"16 options, 190: 8 states, 491: 8 states",Eligible | MLTSSL,Eligible | MLTSSL,Eligible | MLTSSL,Eligible | MLTSSL,Eligible | CSOL,Eligible | CSOL,Eligible | MLTSSL,Eligible | MLTSSL,"MLTSSL, CSOL",MLTSSL,CSOL,MLTSSL,MLTSSL,MedBA,Eligible,Eligible,,Eligible,Eligible,,Eligible,Eligible,,Eligible,Eligible,,Eligible,Eligible,,Eligible,Eligible,,Eligible,Eligible,,Eligible,Eligible,
Painter,332211,332211,https://www.anzscolookup.com.au/occupations/332211,TRA,MLTSSL,CSOL,"15 options, 190: 7 states, 491: 8 states",Eligible | MLTSSL,Eligible | MLTSSL,Eligible | MLTSSL,Eligible | MLTSSL,Eligible | CSOL,Eligible | CSOL,Eligible | MLTSSL,Eligible | MLTSSL,"MLTSSL, CSOL",MLTSSL,CSOL,MLTSSL,MLTSSL,TRA,Eligible,Eligible,,Eligible,Eligible,,Eligible,Eligible,,Eligible,Eligible,,Ineligible,Eligible,,Eligible,Eligible,,Eligible,Eligible,,Eligible,Eligible,
painter (visual arts),211411,211411,https://www.anzscolookup.com.au/occupations/211411,VETASSESS,Not available,Not available,"Not available, 190: 0 states, 491: 0 states",Ineligible | Not listed,Ineligible | Not listed,Ineligible | Not listed,Ineligible | Not listed,Ineligible | Not listed,Ineligible | Not listed,Eligible | ROL,Ineligible | Not listed,ROL,Not available,Not available,ROL,Not available,Manual verification required,Ineligible,Ineligible,,Ineligible,Ineligible,,Ineligible,Ineligible,,Ineligible,Ineligible,,Ineligible,Ineligible,,Ineligible,Ineligible,,Ineligible,Ineligible,,Ineligible,Ineligible,
Panelbeater,324111,324111,https://www.anzscolookup.com.au/occupations/324111,TRA,MLTSSL,CSOL,"12 options, 190: 6 states, 491: 6 states",Eligible | MLTSSL,Eligible | MLTSSL,Eligible | MLTSSL,Eligible | MLTSSL,Eligible | CSOL,Eligible | CSOL,Eligible | MLTSSL,Eligible | MLTSSL,"MLTSSL, CSOL",MLTSSL,CSOL,MLTSSL,MLTSSL,TRA,Eligible,Eligible,,Eligible,Eligible,,Ineligible,Ineligible,,Ineligible,Ineligible,,Eligible,Eligible,,Eligible,Eligible,,Eligible,Eligible,,Eligible,Eligible,
park ranger,234314,234314,https://www.anzscolookup.com.au/occupations/234314,VETASSESS,Not available,Not available,"Not available, 190: 0 states, 491: 0 states",Ineligible | Not listed,Ineligible | Not listed,Ineligible | Not listed,Ineligible | Not listed,Ineligible | Not listed,Ineligible | Not listed,Eligible | ROL,Ineligible | Not listed,ROL,Not available,Not available,ROL,Not available,Manual verification required,Ineligible,Ineligible,,Ineligible,Ineligible,,Ineligible,Ineligible,,Ineligible,Ineligible,,Ineligible,Ineligible,,Ineligible,Ineligible,,Ineligible,Ineligible,,Ineligible,Ineligible,
Pastrycook,351112,351112,https://www.anzscolookup.com.au/occupations/351112,TRA,STSOL,CSOL,"9 options, 190: 4 states, 491: 5 states",Ineligible | Not listed,Eligible | STSOL,Eligible | STSOL,Ineligible | Not listed,Eligible | CSOL,Eligible | CSOL,Eligible | ROL,Eligible | STSOL,"STSOL, CSOL, ROL",STSOL,CSOL,ROL,STSOL,TRA,Ineligible,Ineligible,,Eligible,Eligible,,Ineligible,Ineligible,,Ineligible,Ineligible,,Ineligible,Eligible,,Eligible,Eligible,,Eligible,Eligible,,Eligible,Eligible,
Patents Examiner,224914,224914,https://www.anzscolookup.com.au/occupations/224914,VETASSESS,STSOL,CSOL,"6 options, 190: 3 states, 491: 3 states",Ineligible | Not listed,Eligible | STSOL,Eligible | STSOL,Ineligible | Not listed,Eligible | CSOL,Eligible | CSOL,Eligible | ROL,Eligible | STSOL,"STSOL, CSOL, ROL",STSOL,CSOL,ROL,STSOL,VETASSESS,Ineligible,Ineligible,,Eligible,Eligible,,Ineligible,Ineligible,,Ineligible,Ineligible,,Ineligible,Ineligible,,Eligible,Eligible,,Eligible,Eligible,,Ineligible,Ineligible,
Pathologist,253915,253915,https://www.anzscolookup.com.au/occupations/253915,MedBA,MLTSSL,CSOL,"16 options, 190: 8 states, 491: 8 states",Eligible | MLTSSL,Eligible | MLTSSL,Eligible | MLTSSL,Eligible | MLTSSL,Eligible | CSOL,Eligible | CSOL,Eligible | MLTSSL,Eligible | MLTSSL,"MLTSSL, CSOL",MLTSSL,CSOL,MLTSSL,MLTSSL,MedBA,Eligible,Eligible,,Eligible,Eligible,,Eligible,Eligible,,Eligible,Eligible,,Eligible,Eligible,,Eligible,Eligible,,Eligible,Eligible,,Eligible,Eligible,
Pathology Collector / Phlebotomist,311216,311216,https://www.anzscolookup.com.au/occupations/311216,AIMS,ROL,Not available,"7 options, 190: 0 states, 491: 7 states",Ineligible | Not listed,Ineligible | Not listed,Eligible | ROL,Ineligible | Not listed,Ineligible | Not listed,Ineligible | Not listed,Eligible | ROL,Eligible | ROL,ROL,ROL,Not available,ROL,ROL,AIMS,Ineligible,Eligible,,Ineligible,Eligible,,Ineligible,Eligible,,Ineligible,Ineligible,,Ineligible,Eligible,,Ineligible,Eligible,,Ineligible,Eligible,,Ineligible,Eligible,
Penetration Tester,261317,261317,https://www.anzscolookup.com.au/occupations/261317,ACS,Not available,CSOL,"Not available, 190: 0 states, 491: 0 states",Ineligible | Not listed,Ineligible | Not listed,Ineligible | Not listed,Ineligible | Not listed,Eligible | CSOL,Eligible | CSOL,Ineligible | Not listed,Ineligible | Not listed,CSOL,Not available,CSOL,Not available,Not available,Manual verification required,Ineligible,Ineligible,,Ineligible,Ineligible,,Ineligible,Ineligible,,Ineligible,Ineligible,,Ineligible,Ineligible,,Ineligible,Ineligible,,Ineligible,Ineligible,,Ineligible,Ineligible,
Performing Arts Technicians (NEC),399599,399599,https://www.anzscolookup.com.au/occupations/399599,VETASSESS,STSOL,CSOL,"6 options, 190: 3 states, 491: 3 states",Ineligible | Not listed,Eligible | STSOL,Eligible | STSOL,Ineligible | Not listed,Eligible | CSOL,Eligible | CSOL,Eligible | ROL,Eligible | STSOL,"STSOL, CSOL, ROL",STSOL,CSOL,ROL,STSOL,VETASSESS,Ineligible,Ineligible,,Eligible,Eligible,,Ineligible,Ineligible,,Ineligible,Ineligible,,Ineligible,Ineligible,,Eligible,Eligible,,Eligible,Eligible,,Ineligible,Ineligible,
personal assistant,521111,521111,https://www.anzscolookup.com.au/occupations/521111,VETASSESS,Not available,Not available,"Not available, 190: 0 states, 491: 0 states",Ineligible | Not listed,Ineligible | Not listed,Ineligible | Not listed,Ineligible | Not listed,Ineligible | Not listed,Ineligible | Not listed,Eligible | ROL,Ineligible | Not listed,ROL,Not available,Not available,ROL,Not available,Manual verification required,Ineligible,Ineligible,,Ineligible,Ineligible,,Ineligible,Ineligible,,Ineligible,Ineligible,,Ineligible,Ineligible,,Ineligible,Ineligible,,Ineligible,Ineligible,,Ineligible,Ineligible,
pet groomer,361113,361113,https://www.anzscolookup.com.au/occupations/361113,VETASSESS,Not available,Not available,"Not available, 190: 0 states, 491: 0 states",Ineligible | Not listed,Ineligible | Not listed,Ineligible | Not listed,Ineligible | Not listed,Ineligible | Not listed,Ineligible | Not listed,Eligible | ROL,Ineligible | Not listed,ROL,Not available,Not available,ROL,Not available,Manual verification required,Ineligible,Ineligible,,Ineligible,Ineligible,,Ineligible,Ineligible,,Ineligible,Ineligible,,Ineligible,Ineligible,,Ineligible,Ineligible,,Ineligible,Ineligible,,Ineligible,Ineligible,
Petroleum Engineer,233612,233612,https://www.anzscolookup.com.au/occupations/233612,Engineers Australia,MLTSSL,CSOL,"14 options, 190: 7 states, 491: 7 states",Eligible | MLTSSL,Eligible | MLTSSL,Eligible | MLTSSL,Eligible | MLTSSL,Eligible | CSOL,Eligible | CSOL,Eligible | MLTSSL,Eligible | MLTSSL,"MLTSSL, CSOL",MLTSSL,CSOL,MLTSSL,MLTSSL,Engineers Australia,Ineligible,Ineligible,,Eligible,Eligible,,Eligible,Eligible,,Eligible,Eligible,,Eligible,Eligible,,Eligible,Eligible,,Eligible,Eligible,,Eligible,Eligible,
Pharmacy Technician,311215,311215,https://www.anzscolookup.com.au/occupations/311215,VETASSESS,STSOL,CSOL,"14 options, 190: 7 states, 491: 7 states",Ineligible | Not listed,Eligible | STSOL,Eligible | STSOL,Ineligible | Not listed,Eligible | CSOL,Eligible | CSOL,Eligible | ROL,Eligible | STSOL,"STSOL, CSOL, ROL",STSOL,CSOL,ROL,STSOL,VETASSESS,Eligible,Eligible,,Eligible,Eligible,,Eligible,Eligible,,Ineligible,Ineligible,,Eligible,Eligible,,Eligible,Eligible,,Eligible,Eligible,,Eligible,Eligible,
Photographer,211311,211311,https://www.anzscolookup.com.au/occupations/211311,VETASSESS,STSOL,Not available,"6 options, 190: 3 states, 491: 3 states",Ineligible | Not listed,Eligible | STSOL,Eligible | STSOL,Ineligible | Not listed,Ineligible | Not listed,Ineligible | Not listed,Eligible | ROL,Eligible | STSOL,"STSOL, ROL",STSOL,Not available,ROL,STSOL,VETASSESS,Ineligible,Ineligible,,Eligible,Eligible,,Ineligible,Ineligible,,Ineligible,Ineligible,,Ineligible,Ineligible,,Eligible,Eligible,,Eligible,Eligible,,Ineligible,Ineligible,
photographer’s assistant,399915,399915,https://www.anzscolookup.com.au/occupations/399915,VETASSESS,Not available,Not available,"Not available, 190: 0 states, 491: 0 states",Ineligible | Not listed,Ineligible | Not listed,Ineligible | Not listed,Ineligible | Not listed,Ineligible | Not listed,Ineligible | Not listed,Eligible | ROL,Ineligible | Not listed,ROL,Not available,Not available,ROL,Not available,Manual verification required,Ineligible,Ineligible,,Ineligible,Ineligible,,Ineligible,Ineligible,,Ineligible,Ineligible,,Ineligible,Ineligible,,Ineligible,Ineligible,,Ineligible,Ineligible,,Ineligible,Ineligible,
Physicist,234914,234914,https://www.anzscolookup.com.au/occupations/234914,VETASSESS / ACPSEM,MLTSSL,CSOL,"12 options, 190: 6 states, 491: 6 states",Eligible | MLTSSL,Eligible | MLTSSL,Eligible | MLTSSL,Eligible | MLTSSL,Eligible | CSOL,Eligible | CSOL,Eligible | MLTSSL,Eligible | MLTSSL,"MLTSSL, CSOL",MLTSSL,CSOL,MLTSSL,MLTSSL,"VETASSESS, ACPSEM",Eligible,Eligible,,Eligible,Eligible,,Ineligible,Ineligible,,Ineligible,Ineligible,,Eligible,Eligible,,Eligible,Eligible,,Eligible,Eligible,,Eligible,Eligible,
Physiotherapist,252511,252511,https://www.anzscolookup.com.au/occupations/252511,APC,MLTSSL,CSOL,"16 options, 190: 8 states, 491: 8 states",Eligible | MLTSSL,Eligible | MLTSSL,Eligible | MLTSSL,Eligible | MLTSSL,Eligible | CSOL,Eligible | CSOL,Eligible | MLTSSL,Eligible | MLTSSL,"MLTSSL, CSOL",MLTSSL,CSOL,MLTSSL,MLTSSL,APC,Eligible,Eligible,,Eligible,Eligible,,Eligible,Eligible,,Eligible,Eligible,,Eligible,Eligible,,Eligible,Eligible,,Eligible,Eligible,,Eligible,Eligible,
Picture Framer,394212,394212,https://www.anzscolookup.com.au/occupations/394212,TRA,Not available,CSOL,"Not available, 190: 0 states, 491: 0 states",Ineligible | Not listed,Ineligible | Not listed,Ineligible | Not listed,Ineligible | Not listed,Eligible | CSOL,Eligible | CSOL,Eligible | ROL,Ineligible | Not listed,"CSOL, ROL",Not available,CSOL,ROL,Not available,Manual verification required,Ineligible,Ineligible,,Ineligible,Ineligible,,Ineligible,Ineligible,,Ineligible,Ineligible,,Ineligible,Ineligible,,Ineligible,Ineligible,,Ineligible,Ineligible,,Ineligible,Ineligible,
Pig Farmer,121318,121318,https://www.anzscolookup.com.au/occupations/121318,VETASSESS,ROL,CSOL,"4 options, 190: 0 states, 491: 4 states",Ineligible | Not listed,Ineligible | Not listed,Eligible | ROL,Ineligible | Not listed,Eligible | CSOL,Eligible | CSOL,Eligible | ROL,Eligible | ROL,"ROL, CSOL",ROL,CSOL,ROL,ROL,VETASSESS,Ineligible,Ineligible,,Ineligible,Eligible,,Ineligible,Ineligible,,Ineligible,Ineligible,,Ineligible,Ineligible,,Ineligible,Eligible,,Ineligible,Eligible,,Ineligible,Eligible,
Plasterer (Wall And Ceiling),333211,333211,https://www.anzscolookup.com.au/occupations/333211,TRA,MLTSSL,CSOL,"16 options, 190: 8 states, 491: 8 states",Eligible | MLTSSL,Eligible | MLTSSL,Eligible | MLTSSL,Eligible | MLTSSL,Eligible | CSOL,Eligible | CSOL,Eligible | MLTSSL,Eligible | MLTSSL,"MLTSSL, CSOL",MLTSSL,CSOL,MLTSSL,MLTSSL,TRA,Eligible,Eligible,,Eligible,Eligible,,Eligible,Eligible,,Eligible,Eligible,,Eligible,Eligible,,Eligible,Eligible,,Eligible,Eligible,,Eligible,Eligible,
Plastic And Reconstructive Surgeon,253517,253517,https://www.anzscolookup.com.au/occupations/253517,MedBA,MLTSSL,CSOL,"13 options, 190: 7 states, 491: 6 states",Eligible | MLTSSL,Eligible | MLTSSL,Eligible | MLTSSL,Eligible | MLTSSL,Eligible | CSOL,Eligible | CSOL,Eligible | MLTSSL,Eligible | MLTSSL,"MLTSSL, CSOL",MLTSSL,CSOL,MLTSSL,MLTSSL,MedBA,Eligible,Eligible,,Eligible,Eligible,,Eligible,Ineligible,,Ineligible,Ineligible,,Eligible,Eligible,,Eligible,Eligible,,Eligible,Eligible,,Eligible,Eligible,
Plastics Technician,399916,399916,https://www.anzscolookup.com.au/occupations/399916,TRA,Not available,CSOL,"Not available, 190: 0 states, 491: 0 states",Ineligible | Not listed,Ineligible | Not listed,Ineligible | Not listed,Ineligible | Not listed,Eligible | CSOL,Eligible | CSOL,Eligible | ROL,Ineligible | Not listed,"CSOL, ROL",Not available,CSOL,ROL,Not available,Manual verification required,Ineligible,Ineligible,,Ineligible,Ineligible,,Ineligible,Ineligible,,Ineligible,Ineligible,,Ineligible,Ineligible,,Ineligible,Ineligible,,Ineligible,Ineligible,,Ineligible,Ineligible,
plumber (general),334116,334116,https://www.anzscolookup.com.au/occupations/334116,TRA,MLTSSL,CSOL,"8 options, 190: 4 states, 491: 4 states",Eligible | MLTSSL,Eligible | MLTSSL,Eligible | MLTSSL,Eligible | MLTSSL,Eligible | CSOL,Eligible | CSOL,Eligible | MLTSSL,Eligible | MLTSSL,"MLTSSL, CSOL",MLTSSL,CSOL,MLTSSL,MLTSSL,TRA,Ineligible,Ineligible,,Eligible,Eligible,,Eligible,Eligible,,Ineligible,Ineligible,,Ineligible,Ineligible,,Eligible,Eligible,,Eligible,Eligible,,Ineligible,Ineligible,
Plumber (General),334111,334111,https://www.anzscolookup.com.au/occupations/334111,Manual verification required,"Not available, Not available, Not available","Not available, Not available, Not available","Not available, 190: 0 states, 491: 0 states",Ineligible | Not listed,Ineligible | Not listed,Ineligible | Not listed,Ineligible | Not listed,Ineligible | Not listed,Ineligible | Not listed,Ineligible | Not listed,Ineligible | Not listed,,,,,,,Ineligible,Ineligible,,Ineligible,Ineligible,,Ineligible,Ineligible,,Ineligible,Ineligible,,Ineligible,Ineligible,,Ineligible,Ineligible,,Ineligible,Ineligible,,Ineligible,Ineligible,
plumbing inspector,312115,312115,https://www.anzscolookup.com.au/occupations/312115,VETASSESS,Not available,Not available,"Not available, 190: 0 states, 491: 0 states",Ineligible | Not listed,Ineligible | Not listed,Ineligible | Not listed,Ineligible | Not listed,Ineligible | Not listed,Ineligible | Not listed,Eligible | ROL,Ineligible | Not listed,ROL,Not available,Not available,ROL,Not available,Manual verification required,Ineligible,Ineligible,,Ineligible,Ineligible,,Ineligible,Ineligible,,Ineligible,Ineligible,,Ineligible,Ineligible,,Ineligible,Ineligible,,Ineligible,Ineligible,,Ineligible,Ineligible,
Podiatrist,252611,252611,https://www.anzscolookup.com.au/occupations/252611,PodBA,MLTSSL,CSOL,"14 options, 190: 7 states, 491: 7 states",Eligible | MLTSSL,Eligible | MLTSSL,Eligible | MLTSSL,Eligible | MLTSSL,Eligible | CSOL,Eligible | CSOL,Eligible | MLTSSL,Eligible | MLTSSL,"MLTSSL, CSOL",MLTSSL,CSOL,MLTSSL,MLTSSL,PodBA,Eligible,Eligible,,Eligible,Eligible,,Ineligible,Ineligible,,Eligible,Eligible,,Eligible,Eligible,,Eligible,Eligible,,Eligible,Eligible,,Eligible,Eligible,
Policy Analyst,224412,224412,https://www.anzscolookup.com.au/occupations/224412,VETASSESS,ROL,Not available,"4 options, 190: 0 states, 491: 4 states",Ineligible | Not listed,Ineligible | Not listed,Eligible | ROL,Ineligible | Not listed,Ineligible | Not listed,Ineligible | Not listed,Eligible | ROL,Eligible | ROL,ROL,ROL,Not available,ROL,ROL,VETASSESS,Ineligible,Ineligible,,Ineligible,Eligible,,Ineligible,Ineligible,,Ineligible,Ineligible,,Ineligible,Eligible,,Ineligible,Eligible,,Ineligible,Eligible,,Ineligible,Ineligible,
Policy And Planning Manager,132411,132411,https://www.anzscolookup.com.au/occupations/132411,VETASSESS,ROL,CSOL,"6 options, 190: 0 states, 491: 6 states",Ineligible | Not listed,Ineligible | Not listed,Eligible | ROL,Ineligible | Not listed,Eligible | CSOL,Eligible | CSOL,Eligible | ROL,Eligible | ROL,"ROL, CSOL",ROL,CSOL,ROL,ROL,VETASSESS,Ineligible,Ineligible,,Ineligible,Eligible,,Ineligible,Eligible,,Ineligible,Ineligible,,Ineligible,Eligible,,Ineligible,Eligible,,Ineligible,Eligible,,Ineligible,Eligible,
Post Office Manager,142115,142115,https://www.anzscolookup.com.au/occupations/142115,VETASSESS,ROL,Not available,"5 options, 190: 0 states, 491: 5 states",Ineligible | Not listed,Ineligible | Not listed,Eligible | ROL,Ineligible | Not listed,Ineligible | Not listed,Ineligible | Not listed,Eligible | ROL,Eligible | ROL,ROL,ROL,Not available,ROL,ROL,VETASSESS,Ineligible,Ineligible,,Ineligible,Eligible,,Ineligible,Ineligible,,Ineligible,Ineligible,,Ineligible,Eligible,,Ineligible,Eligible,,Ineligible,Eligible,,Ineligible,Eligible,
potter or ceramic artist,211412,211412,https://www.anzscolookup.com.au/occupations/211412,VETASSESS,Not available,Not available,"Not available, 190: 0 states, 491: 0 states",Ineligible | Not listed,Ineligible | Not listed,Ineligible | Not listed,Ineligible | Not listed,Ineligible | Not listed,Ineligible | Not listed,Eligible | ROL,Ineligible | Not listed,ROL,Not available,Not available,ROL,Not available,Manual verification required,Ineligible,Ineligible,,Ineligible,Ineligible,,Ineligible,Ineligible,,Ineligible,Ineligible,,Ineligible,Ineligible,,Ineligible,Ineligible,,Ineligible,Ineligible,,Ineligible,Ineligible,
Poultry Farmer,121321,121321,https://www.anzscolookup.com.au/occupations/121321,VETASSESS,STSOL,CSOL,"8 options, 190: 4 states, 491: 4 states",Ineligible | Not listed,Eligible | STSOL,Eligible | STSOL,Ineligible | Not listed,Eligible | CSOL,Eligible | CSOL,Eligible | ROL,Eligible | STSOL,"STSOL, CSOL, ROL",STSOL,CSOL,ROL,STSOL,VETASSESS,Ineligible,Ineligible,,Eligible,Eligible,,Ineligible,Ineligible,,Ineligible,Ineligible,,Ineligible,Ineligible,,Eligible,Eligible,,Eligible,Eligible,,Eligible,Eligible,
Power Generation Plant Operator,399213,399213,https://www.anzscolookup.com.au/occupations/399213,TRA,STSOL,CSOL,"9 options, 190: 4 states, 491: 5 states",Ineligible | Not listed,Eligible | STSOL,Eligible | STSOL,Ineligible | Not listed,Eligible | CSOL,Eligible | CSOL,Eligible | ROL,Eligible | STSOL,"STSOL, CSOL, ROL",STSOL,CSOL,ROL,STSOL,TRA,Ineligible,Ineligible,,Eligible,Eligible,,Ineligible,Eligible,,Eligible,Eligible,,Ineligible,Ineligible,,Eligible,Eligible,,Eligible,Eligible,,Ineligible,Ineligible,
practice managers (nec),512299,512299,https://www.anzscolookup.com.au/occupations/512299,VETASSESS,Not available,Not available,"Not available, 190: 0 states, 491: 0 states",Ineligible | Not listed,Ineligible | Not listed,Ineligible | Not listed,Ineligible | Not listed,Ineligible | Not listed,Ineligible | Not listed,Eligible | ROL,Ineligible | Not listed,ROL,Not available,Not available,ROL,Not available,Manual verification required,Ineligible,Ineligible,,Ineligible,Ineligible,,Ineligible,Ineligible,,Ineligible,Ineligible,,Ineligible,Ineligible,,Ineligible,Ineligible,,Ineligible,Ineligible,,Ineligible,Ineligible,
Precision Instrument Maker And Repairer,323314,323314,https://www.anzscolookup.com.au/occupations/323314,TRA,STSOL,CSOL,"8 options, 190: 4 states, 491: 4 states",Ineligible | Not listed,Eligible | STSOL,Eligible | STSOL,Ineligible | Not listed,Eligible | CSOL,Eligible | CSOL,Eligible | ROL,Eligible | STSOL,"STSOL, CSOL, ROL",STSOL,CSOL,ROL,STSOL,TRA,Eligible,Eligible,,Eligible,Eligible,,Ineligible,Ineligible,,Ineligible,Ineligible,,Ineligible,Ineligible,,Eligible,Eligible,,Eligible,Eligible,,Ineligible,Ineligible,
Pressure Welder,322312,322312,https://www.anzscolookup.com.au/occupations/322312,TRA,MLTSSL,CSOL,"14 options, 190: 7 states, 491: 7 states",Eligible | MLTSSL,Eligible | MLTSSL,Eligible | MLTSSL,Eligible | MLTSSL,Eligible | CSOL,Eligible | CSOL,Eligible | MLTSSL,Eligible | MLTSSL,"MLTSSL, CSOL",MLTSSL,CSOL,MLTSSL,MLTSSL,TRA,Ineligible,Ineligible,,Eligible,Eligible,,Eligible,Eligible,,Eligible,Eligible,,Eligible,Eligible,,Eligible,Eligible,,Eligible,Eligible,,Eligible,Eligible,
Primary Health Organisation Manager,134213,134213,https://www.anzscolookup.com.au/occupations/134213,VETASSESS,MLTSSL,CSOL,"14 options, 190: 7 states, 491: 7 states",Eligible | MLTSSL,Eligible | MLTSSL,Eligible | MLTSSL,Eligible | MLTSSL,Eligible | CSOL,Eligible | CSOL,Eligible | MLTSSL,Eligible | MLTSSL,"MLTSSL, CSOL",MLTSSL,CSOL,MLTSSL,MLTSSL,VETASSESS,Eligible,Eligible,,Eligible,Eligible,,Eligible,Eligible,,Ineligible,Ineligible,,Eligible,Eligible,,Eligible,Eligible,,Eligible,Eligible,,Eligible,Eligible,
Primary Products Assurance And Inspection Officers (NEC),311399,311399,https://www.anzscolookup.com.au/occupations/311399,VETASSESS,STSOL,CSOL,"10 options, 190: 5 states, 491: 5 states",Ineligible | Not listed,Eligible | STSOL,Eligible | STSOL,Ineligible | Not listed,Eligible | CSOL,Eligible | CSOL,Eligible | ROL,Eligible | STSOL,"STSOL, CSOL, ROL",STSOL,CSOL,ROL,STSOL,VETASSESS,Ineligible,Ineligible,,Eligible,Eligible,,Ineligible,Ineligible,,Ineligible,Ineligible,,Eligible,Eligible,,Eligible,Eligible,,Eligible,Eligible,,Eligible,Eligible,
Primary Products Quality Assurance Officer,311314,311314,https://www.anzscolookup.com.au/occupations/311314,VETASSESS,Not available,CSOL,"Not available, 190: 0 states, 491: 0 states",Ineligible | Not listed,Ineligible | Not listed,Ineligible | Not listed,Ineligible | Not listed,Eligible | CSOL,Eligible | CSOL,Ineligible | Not listed,Ineligible | Not listed,CSOL,Not available,CSOL,Not available,Not available,Manual verification required,Ineligible,Ineligible,,Ineligible,Ineligible,,Ineligible,Ineligible,,Ineligible,Ineligible,,Ineligible,Ineligible,,Ineligible,Ineligible,,Ineligible,Ineligible,,Ineligible,Ineligible,
Primary School Teacher,241213,241213,https://www.anzscolookup.com.au/occupations/241213,AITSL,STSOL,CSOL,"16 options, 190: 8 states, 491: 8 states",Ineligible | Not listed,Eligible | STSOL,Eligible | STSOL,Ineligible | Not listed,Eligible | CSOL,Eligible | CSOL,Eligible | ROL,Eligible | STSOL,"STSOL, CSOL, ROL",STSOL,CSOL,ROL,STSOL,AITSL,Eligible,Eligible,,Eligible,Eligible,,Eligible,Eligible,,Eligible,Eligible,,Eligible,Eligible,,Eligible,Eligible,,Eligible,Eligible,,Eligible,Eligible,
Print Finisher,392111,392111,https://www.anzscolookup.com.au/occupations/392111,TRA,STSOL,CSOL,"7 options, 190: 3 states, 491: 4 states",Ineligible | Not listed,Eligible | STSOL,Eligible | STSOL,Ineligible | Not listed,Eligible | CSOL,Eligible | CSOL,Eligible | ROL,Eligible | STSOL,"STSOL, CSOL, ROL",STSOL,CSOL,ROL,STSOL,TRA,Ineligible,Ineligible,,Eligible,Eligible,,Ineligible,Ineligible,,Ineligible,Ineligible,,Ineligible,Eligible,,Eligible,Eligible,,Eligible,Eligible,,Ineligible,Ineligible,
Print Journalist,212413,212413,https://www.anzscolookup.com.au/occupations/212413,VETASSESS,STSOL,CSOL,"7 options, 190: 3 states, 491: 4 states",Ineligible | Not listed,Eligible | STSOL,Eligible | STSOL,Ineligible | Not listed,Eligible | CSOL,Eligible | CSOL,Eligible | ROL,Eligible | STSOL,"STSOL, CSOL, ROL",STSOL,CSOL,ROL,STSOL,VETASSESS,Ineligible,Ineligible,,Eligible,Eligible,,Ineligible,Ineligible,,Ineligible,Ineligible,,Ineligible,Eligible,,Eligible,Eligible,,Eligible,Eligible,,Ineligible,Ineligible,
Printing Machinist,392311,392311,https://www.anzscolookup.com.au/occupations/392311,TRA,STSOL,CSOL,"6 options, 190: 3 states, 491: 3 states",Ineligible | Not listed,Eligible | STSOL,Eligible | STSOL,Ineligible | Not listed,Eligible | CSOL,Eligible | CSOL,Eligible | ROL,Eligible | STSOL,"STSOL, CSOL, ROL",STSOL,CSOL,ROL,STSOL,TRA,Ineligible,Ineligible,,Eligible,Eligible,,Ineligible,Ineligible,,Ineligible,Ineligible,,Ineligible,Ineligible,,Eligible,Eligible,,Eligible,Eligible,,Ineligible,Ineligible,
Private Tutors And Teachers (NEC),249299,249299,https://www.anzscolookup.com.au/occupations/249299,VETASSESS,STSOL,CSOL,"6 options, 190: 3 states, 491: 3 states",Ineligible | Not listed,Eligible | STSOL,Eligible | STSOL,Ineligible | Not listed,Eligible | CSOL,Eligible | CSOL,Eligible | ROL,Eligible | STSOL,"STSOL, CSOL, ROL",STSOL,CSOL,ROL,STSOL,VETASSESS,Ineligible,Ineligible,,Eligible,Eligible,,Ineligible,Ineligible,,Ineligible,Ineligible,,Ineligible,Ineligible,,Eligible,Eligible,,Eligible,Eligible,,Ineligible,Ineligible,
Procurement Manager,133612,133612,https://www.anzscolookup.com.au/occupations/133612,IML,ROL,CSOL,"6 options, 190: 0 states, 491: 6 states",Ineligible | Not listed,Ineligible | Not listed,Eligible | ROL,Ineligible | Not listed,Eligible | CSOL,Eligible | CSOL,Eligible | ROL,Eligible | ROL,"ROL, CSOL",ROL,CSOL,ROL,ROL,IML,Ineligible,Eligible,,Ineligible,Eligible,,Ineligible,Ineligible,,Ineligible,Ineligible,,Ineligible,Eligible,,Ineligible,Eligible,,Ineligible,Eligible,,Ineligible,Eligible,
Production Manager (Forestry),133511,133511,https://www.anzscolookup.com.au/occupations/133511,VETASSESS,STSOL,CSOL,"13 options, 190: 6 states, 491: 7 states",Ineligible | Not listed,Eligible | STSOL,Eligible | STSOL,Ineligible | Not listed,Eligible | CSOL,Eligible | CSOL,Eligible | ROL,Eligible | STSOL,"STSOL, CSOL, ROL",STSOL,CSOL,ROL,STSOL,VETASSESS,Ineligible,Ineligible,,Eligible,Eligible,,Eligible,Eligible,,Ineligible,Eligible,,Eligible,Eligible,,Eligible,Eligible,,Eligible,Eligible,,Eligible,Eligible,
Production Manager (Manufacturing),133512,133512,https://www.anzscolookup.com.au/occupations/133512,VETASSESS,STSOL,CSOL,"14 options, 190: 7 states, 491: 7 states",Ineligible | Not listed,Eligible | STSOL,Eligible | STSOL,Ineligible | Not listed,Eligible | CSOL,Eligible | CSOL,Eligible | ROL,Eligible | STSOL,"STSOL, CSOL, ROL",STSOL,CSOL,ROL,STSOL,VETASSESS,Ineligible,Ineligible,,Eligible,Eligible,,Eligible,Eligible,,Eligible,Eligible,,Eligible,Eligible,,Eligible,Eligible,,Eligible,Eligible,,Eligible,Eligible,
Production Manager (Mining),133513,133513,https://www.anzscolookup.com.au/occupations/133513,VETASSESS,STSOL,Not available,"13 options, 190: 6 states, 491: 7 states",Ineligible | Not listed,Eligible | STSOL,Eligible | STSOL,Ineligible | Not listed,Ineligible | Not listed,Ineligible | Not listed,Eligible | ROL,Eligible | STSOL,"STSOL, ROL",STSOL,Not available,ROL,STSOL,VETASSESS,Ineligible,Ineligible,,Eligible,Eligible,,Eligible,Eligible,,Ineligible,Eligible,,Eligible,Eligible,,Eligible,Eligible,,Eligible,Eligible,,Eligible,Eligible,
Production Or Plant Engineer,233513,233513,https://www.anzscolookup.com.au/occupations/233513,Engineers Australia,MLTSSL,CSOL,"16 options, 190: 8 states, 491: 8 states",Eligible | MLTSSL,Eligible | MLTSSL,Eligible | MLTSSL,Eligible | MLTSSL,Eligible | CSOL,Eligible | CSOL,Eligible | MLTSSL,Eligible | MLTSSL,"MLTSSL, CSOL",MLTSSL,CSOL,MLTSSL,MLTSSL,Engineers Australia,Eligible,Eligible,,Eligible,Eligible,,Eligible,Eligible,,Eligible,Eligible,,Eligible,Eligible,,Eligible,Eligible,,Eligible,Eligible,,Eligible,Eligible,
Program Director (Television Or Radio),212315,212315,https://www.anzscolookup.com.au/occupations/212315,VETASSESS,STSOL,CSOL,"8 options, 190: 4 states, 491: 4 states",Ineligible | Not listed,Eligible | STSOL,Eligible | STSOL,Ineligible | Not listed,Eligible | CSOL,Eligible | CSOL,Eligible | ROL,Eligible | STSOL,"STSOL, CSOL, ROL",STSOL,CSOL,ROL,STSOL,VETASSESS,Ineligible,Ineligible,,Eligible,Eligible,,Ineligible,Ineligible,,Ineligible,Ineligible,,Ineligible,Ineligible,,Eligible,Eligible,,Eligible,Eligible,,Eligible,Eligible,
Program Or Project Administrator,511112,511112,https://www.anzscolookup.com.au/occupations/511112,VETASSESS,STSOL,CSOL,"10 options, 190: 5 states, 491: 5 states",Ineligible | Not listed,Eligible | STSOL,Eligible | STSOL,Ineligible | Not listed,Eligible | CSOL,Eligible | CSOL,Eligible | ROL,Eligible | STSOL,"STSOL, CSOL, ROL",STSOL,CSOL,ROL,STSOL,VETASSESS,Eligible,Eligible,,Eligible,Eligible,,Ineligible,Ineligible,,Ineligible,Ineligible,,Eligible,Eligible,,Eligible,Eligible,,Eligible,Eligible,,Ineligible,Ineligible,
Project Builder,133112,133112,https://www.anzscolookup.com.au/occupations/133112,VETASSESS,ROL,CSOL,"8 options, 190: 0 states, 491: 8 states",Ineligible | Not listed,Ineligible | Not listed,Eligible | ROL,Ineligible | Not listed,Eligible | CSOL,Eligible | CSOL,Eligible | ROL,Eligible | ROL,"ROL, CSOL",ROL,CSOL,ROL,ROL,VETASSESS,Ineligible,Eligible,,Ineligible,Eligible,,Ineligible,Eligible,,Ineligible,Eligible,,Ineligible,Eligible,,Ineligible,Eligible,,Ineligible,Eligible,,Ineligible,Eligible,
Property Manager,612112,612112,https://www.anzscolookup.com.au/occupations/612112,VETASSESS,ROL,Not available,"4 options, 190: 0 states, 491: 4 states",Ineligible | Not listed,Ineligible | Not listed,Eligible | ROL,Ineligible | Not listed,Ineligible | Not listed,Ineligible | Not listed,Eligible | ROL,Eligible | ROL,ROL,ROL,Not available,ROL,ROL,VETASSESS,Ineligible,Ineligible,,Ineligible,Eligible,,Ineligible,Ineligible,,Ineligible,Ineligible,,Ineligible,Ineligible,,Ineligible,Eligible,,Ineligible,Eligible,,Ineligible,Eligible,
Psychiatrist,253411,253411,https://www.anzscolookup.com.au/occupations/253411,MedBA,MLTSSL,CSOL,"15 options, 190: 8 states, 491: 7 states",Eligible | MLTSSL,Eligible | MLTSSL,Eligible | MLTSSL,Eligible | MLTSSL,Eligible | CSOL,Eligible | CSOL,Eligible | MLTSSL,Eligible | MLTSSL,"MLTSSL, CSOL",MLTSSL,CSOL,MLTSSL,MLTSSL,MedBA,Eligible,Eligible,,Eligible,Eligible,,Eligible,Ineligible,,Eligible,Eligible,,Eligible,Eligible,,Eligible,Eligible,,Eligible,Eligible,,Eligible,Eligible,
Psychologists (NEC),272399,272399,https://www.anzscolookup.com.au/occupations/272399,APS,MLTSSL,CSOL,"16 options, 190: 8 states, 491: 8 states",Eligible | MLTSSL,Eligible | MLTSSL,Eligible | MLTSSL,Eligible | MLTSSL,Eligible | CSOL,Eligible | CSOL,Eligible | MLTSSL,Eligible | MLTSSL,"MLTSSL, CSOL",MLTSSL,CSOL,MLTSSL,MLTSSL,APS,Eligible,Eligible,,Eligible,Eligible,,Eligible,Eligible,,Eligible,Eligible,,Eligible,Eligible,,Eligible,Eligible,,Eligible,Eligible,,Eligible,Eligible,
Psychotherapist,272314,272314,https://www.anzscolookup.com.au/occupations/272314,VETASSESS,STSOL,CSOL,"16 options, 190: 8 states, 491: 8 states",Ineligible | Not listed,Eligible | STSOL,Eligible | STSOL,Ineligible | Not listed,Eligible | CSOL,Eligible | CSOL,Eligible | ROL,Eligible | STSOL,"STSOL, CSOL, ROL",STSOL,CSOL,ROL,STSOL,VETASSESS,Eligible,Eligible,,Eligible,Eligible,,Eligible,Eligible,,Eligible,Eligible,,Eligible,Eligible,,Eligible,Eligible,,Eligible,Eligible,,Eligible,Eligible,
Public Relations Manager,131114,131114,https://www.anzscolookup.com.au/occupations/131114,IML,ROL,Not available,"4 options, 190: 0 states, 491: 4 states",Ineligible | Not listed,Ineligible | Not listed,Eligible | ROL,Ineligible | Not listed,Ineligible | Not listed,Ineligible | Not listed,Eligible | ROL,Eligible | ROL,ROL,ROL,Not available,ROL,ROL,IML,Ineligible,Ineligible,,Ineligible,Eligible,,Ineligible,Ineligible,,Ineligible,Ineligible,,Ineligible,Eligible,,Ineligible,Eligible,,Ineligible,Eligible,,Ineligible,Ineligible,
Public Relations Professional,225311,225311,https://www.anzscolookup.com.au/occupations/225311,including education sales representatives,STSOL,CSOL,"8 options, 190: 4 states, 491: 4 states",Ineligible | Not listed,Eligible | STSOL,Eligible | STSOL,Ineligible | Not listed,Eligible | CSOL,Eligible | CSOL,Eligible | ROL,Eligible | STSOL,"STSOL, CSOL, ROL",STSOL,CSOL,ROL,STSOL,including education sales representatives,Ineligible,Ineligible,,Eligible,Eligible,,Ineligible,Ineligible,,Ineligible,Ineligible,,Eligible,Eligible,,Eligible,Eligible,,Eligible,Eligible,,Ineligible,Ineligible,
quality assurance manager,139916,139916,https://www.anzscolookup.com.au/occupations/139916,VETASSESS,STSOL,CSOL,"6 options, 190: 3 states, 491: 3 states",Ineligible | Not listed,Eligible | STSOL,Eligible | STSOL,Ineligible | Not listed,Eligible | CSOL,Eligible | CSOL,Eligible | STSOL,Eligible | STSOL,"STSOL, CSOL",STSOL,CSOL,STSOL,STSOL,VETASSESS,Ineligible,Ineligible,,Eligible,Eligible,,Ineligible,Ineligible,,Ineligible,Ineligible,,Ineligible,Ineligible,,Eligible,Eligible,,Eligible,Eligible,,Ineligible,Ineligible,
Quality Assurance Manager,139914,139914,https://www.anzscolookup.com.au/occupations/139914,Manual verification required,"Not available, Not available, Not available","Not available, Not available, Not available","Not available, 190: 0 states, 491: 0 states",Ineligible | Not listed,Ineligible | Not listed,Ineligible | Not listed,Ineligible | Not listed,Ineligible | Not listed,Ineligible | Not listed,Ineligible | Not listed,Ineligible | Not listed,,,,,,,Ineligible,Ineligible,,Ineligible,Ineligible,,Ineligible,Ineligible,,Ineligible,Ineligible,,Ineligible,Ineligible,,Ineligible,Ineligible,,Ineligible,Ineligible,,Ineligible,Ineligible,
Quantity Surveyor,233213,233213,https://www.anzscolookup.com.au/occupations/233213,AIQS,MLTSSL,CSOL,"16 options, 190: 8 states, 491: 8 states",Eligible | MLTSSL,Eligible | MLTSSL,Eligible | MLTSSL,Eligible | MLTSSL,Eligible | CSOL,Eligible | CSOL,Eligible | MLTSSL,Eligible | MLTSSL,"MLTSSL, CSOL",MLTSSL,CSOL,MLTSSL,MLTSSL,AIQS,Eligible,Eligible,,Eligible,Eligible,,Eligible,Eligible,,Eligible,Eligible,,Eligible,Eligible,,Eligible,Eligible,,Eligible,Eligible,,Eligible,Eligible,
quarantine officer,311313,311313,https://www.anzscolookup.com.au/occupations/311313,VETASSESS,Not available,Not available,"Not available, 190: 0 states, 491: 0 states",Ineligible | Not listed,Ineligible | Not listed,Ineligible | Not listed,Ineligible | Not listed,Ineligible | Not listed,Ineligible | Not listed,Eligible | ROL,Ineligible | Not listed,ROL,Not available,Not available,ROL,Not available,Manual verification required,Ineligible,Ineligible,,Ineligible,Ineligible,,Ineligible,Ineligible,,Ineligible,Ineligible,,Ineligible,Ineligible,,Ineligible,Ineligible,,Ineligible,Ineligible,,Ineligible,Ineligible,
Radiation Oncologist,253918,253918,https://www.anzscolookup.com.au/occupations/253918,MedBA,MLTSSL,CSOL,"16 options, 190: 8 states, 491: 8 states",Eligible | MLTSSL,Eligible | MLTSSL,Eligible | MLTSSL,Eligible | MLTSSL,Eligible | CSOL,Eligible | CSOL,Eligible | MLTSSL,Eligible | MLTSSL,"MLTSSL, CSOL",MLTSSL,CSOL,MLTSSL,MLTSSL,MedBA,Eligible,Eligible,,Eligible,Eligible,,Eligible,Eligible,,Eligible,Eligible,,Eligible,Eligible,,Eligible,Eligible,,Eligible,Eligible,,Eligible,Eligible,
Radio Communications Technician,313211,313211,https://www.anzscolookup.com.au/occupations/313211,TRA,MLTSSL,Not available,"10 options, 190: 5 states, 491: 5 states",Eligible | MLTSSL,Eligible | MLTSSL,Eligible | MLTSSL,Eligible | MLTSSL,Ineligible | Not listed,Ineligible | Not listed,Eligible | MLTSSL,Eligible | MLTSSL,MLTSSL,MLTSSL,Not available,MLTSSL,MLTSSL,TRA,Eligible,Eligible,,Eligible,Eligible,,Ineligible,Ineligible,,Ineligible,Ineligible,,Eligible,Eligible,,Eligible,Eligible,,Eligible,Eligible,,Ineligible,Ineligible,
Radio Journalist,212414,212414,https://www.anzscolookup.com.au/occupations/212414,VETASSESS,Not available,CSOL,"Not available, 190: 0 states, 491: 0 states",Ineligible | Not listed,Ineligible | Not listed,Ineligible | Not listed,Ineligible | Not listed,Eligible | CSOL,Eligible | CSOL,Eligible | ROL,Ineligible | Not listed,"CSOL, ROL",Not available,CSOL,ROL,Not available,Manual verification required,Ineligible,Ineligible,,Ineligible,Ineligible,,Ineligible,Ineligible,,Ineligible,Ineligible,,Ineligible,Ineligible,,Ineligible,Ineligible,,Ineligible,Ineligible,,Ineligible,Ineligible,
radio presenter,212113,212113,https://www.anzscolookup.com.au/occupations/212113,VETASSESS,Not available,Not available,"Not available, 190: 0 states, 491: 0 states",Ineligible | Not listed,Ineligible | Not listed,Ineligible | Not listed,Ineligible | Not listed,Ineligible | Not listed,Ineligible | Not listed,Eligible | ROL,Ineligible | Not listed,ROL,Not available,Not available,ROL,Not available,Manual verification required,Ineligible,Ineligible,,Ineligible,Ineligible,,Ineligible,Ineligible,,Ineligible,Ineligible,,Ineligible,Ineligible,,Ineligible,Ineligible,,Ineligible,Ineligible,,Ineligible,Ineligible,
railway station manager,149412,149412,https://www.anzscolookup.com.au/occupations/149412,VETASSESS,Not available,Not available,"Not available, 190: 0 states, 491: 0 states",Ineligible | Not listed,Ineligible | Not listed,Ineligible | Not listed,Ineligible | Not listed,Ineligible | Not listed,Ineligible | Not listed,Eligible | ROL,Ineligible | Not listed,ROL,Not available,Not available,ROL,Not available,Manual verification required,Ineligible,Ineligible,,Ineligible,Ineligible,,Ineligible,Ineligible,,Ineligible,Ineligible,,Ineligible,Ineligible,,Ineligible,Ineligible,,Ineligible,Ineligible,,Ineligible,Ineligible,
real estate agency principal (Aus) / real estate agency licensee (NZ),612113,612113,https://www.anzscolookup.com.au/occupations/612113,VETASSESS,Not available,Not available,"Not available, 190: 0 states, 491: 0 states",Ineligible | Not listed,Ineligible | Not listed,Ineligible | Not listed,Ineligible | Not listed,Ineligible | Not listed,Ineligible | Not listed,Eligible | ROL,Ineligible | Not listed,ROL,Not available,Not available,ROL,Not available,Manual verification required,Ineligible,Ineligible,,Ineligible,Ineligible,,Ineligible,Ineligible,,Ineligible,Ineligible,,Ineligible,Ineligible,,Ineligible,Ineligible,,Ineligible,Ineligible,,Ineligible,Ineligible,
real estate agent,612114,612114,https://www.anzscolookup.com.au/occupations/612114,VETASSESS,Not available,Not available,"Not available, 190: 0 states, 491: 0 states",Ineligible | Not listed,Ineligible | Not listed,Ineligible | Not listed,Ineligible | Not listed,Ineligible | Not listed,Ineligible | Not listed,Eligible | ROL,Ineligible | Not listed,ROL,Not available,Not available,ROL,Not available,Manual verification required,Ineligible,Ineligible,,Ineligible,Ineligible,,Ineligible,Ineligible,,Ineligible,Ineligible,,Ineligible,Ineligible,,Ineligible,Ineligible,,Ineligible,Ineligible,,Ineligible,Ineligible,
Real Estate Representative,612115,612115,https://www.anzscolookup.com.au/occupations/612115,VETASSESS,ROL,Not available,"3 options, 190: 0 states, 491: 3 states",Ineligible | Not listed,Ineligible | Not listed,Eligible | ROL,Ineligible | Not listed,Ineligible | Not listed,Ineligible | Not listed,Eligible | ROL,Eligible | ROL,ROL,ROL,Not available,ROL,ROL,VETASSESS,Ineligible,Ineligible,,Ineligible,Eligible,,Ineligible,Ineligible,,Ineligible,Ineligible,,Ineligible,Ineligible,,Ineligible,Eligible,,Ineligible,Eligible,,Ineligible,Ineligible,
Records Manager,224214,224214,https://www.anzscolookup.com.au/occupations/224214,VETASSESS,STSOL,Not available,"8 options, 190: 4 states, 491: 4 states",Ineligible | Not listed,Eligible | STSOL,Eligible | STSOL,Ineligible | Not listed,Ineligible | Not listed,Ineligible | Not listed,Eligible | ROL,Eligible | STSOL,"STSOL, ROL",STSOL,Not available,ROL,STSOL,VETASSESS,Ineligible,Ineligible,,Eligible,Eligible,,Ineligible,Ineligible,,Ineligible,Ineligible,,Eligible,Eligible,,Eligible,Eligible,,Eligible,Eligible,,Ineligible,Ineligible,
Recreation Officer / Recreation Coordinator,272612,272612,https://www.anzscolookup.com.au/occupations/272612,VETASSESS,STSOL,CSOL,"11 options, 190: 5 states, 491: 6 states",Ineligible | Not listed,Eligible | STSOL,Eligible | STSOL,Ineligible | Not listed,Eligible | CSOL,Eligible | CSOL,Eligible | ROL,Eligible | STSOL,"STSOL, CSOL, ROL",STSOL,CSOL,ROL,STSOL,VETASSESS,Eligible,Eligible,,Eligible,Eligible,,Ineligible,Ineligible,,Ineligible,Ineligible,,Ineligible,Eligible,,Eligible,Eligible,,Eligible,Eligible,,Eligible,Eligible,
Recruitment Consultant,223112,223112,https://www.anzscolookup.com.au/occupations/223112,VETASSESS,STSOL,CSOL,"10 options, 190: 5 states, 491: 5 states",Ineligible | Not listed,Eligible | STSOL,Eligible | STSOL,Ineligible | Not listed,Eligible | CSOL,Eligible | CSOL,Eligible | ROL,Eligible | STSOL,"STSOL, CSOL, ROL",STSOL,CSOL,ROL,STSOL,VETASSESS,Ineligible,Ineligible,,Eligible,Eligible,,Ineligible,Ineligible,,Ineligible,Ineligible,,Eligible,Eligible,,Eligible,Eligible,,Eligible,Eligible,,Eligible,Eligible,
Regional Education Manager,134412,134412,https://www.anzscolookup.com.au/occupations/134412,VETASSESS,ROL,Not available,"4 options, 190: 0 states, 491: 4 states",Ineligible | Not listed,Ineligible | Not listed,Eligible | ROL,Ineligible | Not listed,Ineligible | Not listed,Ineligible | Not listed,Eligible | ROL,Eligible | ROL,ROL,ROL,Not available,ROL,ROL,VETASSESS,Ineligible,Ineligible,,Ineligible,Eligible,,Ineligible,Ineligible,,Ineligible,Ineligible,,Ineligible,Eligible,,Ineligible,Eligible,,Ineligible,Eligible,,Ineligible,Ineligible,
Registered Nurse (Aged Care),254412,254412,https://www.anzscolookup.com.au/occupations/254412,ANMAC,MLTSSL,CSOL,"16 options, 190: 8 states, 491: 8 states",Eligible | MLTSSL,Eligible | MLTSSL,Eligible | MLTSSL,Eligible | MLTSSL,Eligible | CSOL,Eligible | CSOL,Eligible | MLTSSL,Eligible | MLTSSL,"MLTSSL, CSOL",MLTSSL,CSOL,MLTSSL,MLTSSL,ANMAC,Eligible,Eligible,,Eligible,Eligible,,Eligible,Eligible,,Eligible,Eligible,,Eligible,Eligible,,Eligible,Eligible,,Eligible,Eligible,,Eligible,Eligible,
Registered Nurse (Child And Family Health),254413,254413,https://www.anzscolookup.com.au/occupations/254413,ANMAC,MLTSSL,CSOL,"16 options, 190: 8 states, 491: 8 states",Eligible | MLTSSL,Eligible | MLTSSL,Eligible | MLTSSL,Eligible | MLTSSL,Eligible | CSOL,Eligible | CSOL,Eligible | MLTSSL,Eligible | MLTSSL,"MLTSSL, CSOL",MLTSSL,CSOL,MLTSSL,MLTSSL,ANMAC,Eligible,Eligible,,Eligible,Eligible,,Eligible,Eligible,,Eligible,Eligible,,Eligible,Eligible,,Eligible,Eligible,,Eligible,Eligible,,Eligible,Eligible,
Registered Nurse (Community Health),254414,254414,https://www.anzscolookup.com.au/occupations/254414,ANMAC,MLTSSL,CSOL,"16 options, 190: 8 states, 491: 8 states",Eligible | MLTSSL,Eligible | MLTSSL,Eligible | MLTSSL,Eligible | MLTSSL,Eligible | CSOL,Eligible | CSOL,Eligible | MLTSSL,Eligible | MLTSSL,"MLTSSL, CSOL",MLTSSL,CSOL,MLTSSL,MLTSSL,ANMAC,Eligible,Eligible,,Eligible,Eligible,,Eligible,Eligible,,Eligible,Eligible,,Eligible,Eligible,,Eligible,Eligible,,Eligible,Eligible,,Eligible,Eligible,
Registered Nurse (Critical Care And Emergency),254415,254415,https://www.anzscolookup.com.au/occupations/254415,ANMAC,MLTSSL,CSOL,"16 options, 190: 8 states, 491: 8 states",Eligible | MLTSSL,Eligible | MLTSSL,Eligible | MLTSSL,Eligible | MLTSSL,Eligible | CSOL,Eligible | CSOL,Eligible | MLTSSL,Eligible | MLTSSL,"MLTSSL, CSOL",MLTSSL,CSOL,MLTSSL,MLTSSL,ANMAC,Eligible,Eligible,,Eligible,Eligible,,Eligible,Eligible,,Eligible,Eligible,,Eligible,Eligible,,Eligible,Eligible,,Eligible,Eligible,,Eligible,Eligible,
Registered Nurse (Developmental Disability),254416,254416,https://www.anzscolookup.com.au/occupations/254416,ANMAC,MLTSSL,CSOL,"16 options, 190: 8 states, 491: 8 states",Eligible | MLTSSL,Eligible | MLTSSL,Eligible | MLTSSL,Eligible | MLTSSL,Eligible | CSOL,Eligible | CSOL,Eligible | MLTSSL,Eligible | MLTSSL,"MLTSSL, CSOL",MLTSSL,CSOL,MLTSSL,MLTSSL,ANMAC,Eligible,Eligible,,Eligible,Eligible,,Eligible,Eligible,,Eligible,Eligible,,Eligible,Eligible,,Eligible,Eligible,,Eligible,Eligible,,Eligible,Eligible,
Registered Nurse (Disability And Rehabilitation),254417,254417,https://www.anzscolookup.com.au/occupations/254417,ANMAC,MLTSSL,CSOL,"16 options, 190: 8 states, 491: 8 states",Eligible | MLTSSL,Eligible | MLTSSL,Eligible | MLTSSL,Eligible | MLTSSL,Eligible | CSOL,Eligible | CSOL,Eligible | MLTSSL,Eligible | MLTSSL,"MLTSSL, CSOL",MLTSSL,CSOL,MLTSSL,MLTSSL,ANMAC,Eligible,Eligible,,Eligible,Eligible,,Eligible,Eligible,,Eligible,Eligible,,Eligible,Eligible,,Eligible,Eligible,,Eligible,Eligible,,Eligible,Eligible,
Registered Nurse (Medical Practice),254421,254421,https://www.anzscolookup.com.au/occupations/254421,ANMAC,MLTSSL,CSOL,"16 options, 190: 8 states, 491: 8 states",Eligible | MLTSSL,Eligible | MLTSSL,Eligible | MLTSSL,Eligible | MLTSSL,Eligible | CSOL,Eligible | CSOL,Eligible | MLTSSL,Eligible | MLTSSL,"MLTSSL, CSOL",MLTSSL,CSOL,MLTSSL,MLTSSL,ANMAC,Eligible,Eligible,,Eligible,Eligible,,Eligible,Eligible,,Eligible,Eligible,,Eligible,Eligible,,Eligible,Eligible,,Eligible,Eligible,,Eligible,Eligible,
Registered Nurse (Medical),254418,254418,https://www.anzscolookup.com.au/occupations/254418,ANMAC,MLTSSL,CSOL,"16 options, 190: 8 states, 491: 8 states",Eligible | MLTSSL,Eligible | MLTSSL,Eligible | MLTSSL,Eligible | MLTSSL,Eligible | CSOL,Eligible | CSOL,Eligible | MLTSSL,Eligible | MLTSSL,"MLTSSL, CSOL",MLTSSL,CSOL,MLTSSL,MLTSSL,ANMAC,Eligible,Eligible,,Eligible,Eligible,,Eligible,Eligible,,Eligible,Eligible,,Eligible,Eligible,,Eligible,Eligible,,Eligible,Eligible,,Eligible,Eligible,
Registered Nurse (Mental Health),254422,254422,https://www.anzscolookup.com.au/occupations/254422,ANMAC,MLTSSL,CSOL,"16 options, 190: 8 states, 491: 8 states",Eligible | MLTSSL,Eligible | MLTSSL,Eligible | MLTSSL,Eligible | MLTSSL,Eligible | CSOL,Eligible | CSOL,Eligible | MLTSSL,Eligible | MLTSSL,"MLTSSL, CSOL",MLTSSL,CSOL,MLTSSL,MLTSSL,ANMAC,Eligible,Eligible,,Eligible,Eligible,,Eligible,Eligible,,Eligible,Eligible,,Eligible,Eligible,,Eligible,Eligible,,Eligible,Eligible,,Eligible,Eligible,
Registered Nurse (Paediatrics),254425,254425,https://www.anzscolookup.com.au/occupations/254425,ANMAC,MLTSSL,CSOL,"16 options, 190: 8 states, 491: 8 states",Eligible | MLTSSL,Eligible | MLTSSL,Eligible | MLTSSL,Eligible | MLTSSL,Eligible | CSOL,Eligible | CSOL,Eligible | MLTSSL,Eligible | MLTSSL,"MLTSSL, CSOL",MLTSSL,CSOL,MLTSSL,MLTSSL,ANMAC,Eligible,Eligible,,Eligible,Eligible,,Eligible,Eligible,,Eligible,Eligible,,Eligible,Eligible,,Eligible,Eligible,,Eligible,Eligible,,Eligible,Eligible,
Registered Nurse (Perioperative),254423,254423,https://www.anzscolookup.com.au/occupations/254423,ANMAC,MLTSSL,CSOL,"16 options, 190: 8 states, 491: 8 states",Eligible | MLTSSL,Eligible | MLTSSL,Eligible | MLTSSL,Eligible | MLTSSL,Eligible | CSOL,Eligible | CSOL,Eligible | MLTSSL,Eligible | MLTSSL,"MLTSSL, CSOL",MLTSSL,CSOL,MLTSSL,MLTSSL,ANMAC,Eligible,Eligible,,Eligible,Eligible,,Eligible,Eligible,,Eligible,Eligible,,Eligible,Eligible,,Eligible,Eligible,,Eligible,Eligible,,Eligible,Eligible,
Registered Nurse (Surgical),254424,254424,https://www.anzscolookup.com.au/occupations/254424,ANMAC,MLTSSL,CSOL,"16 options, 190: 8 states, 491: 8 states",Eligible | MLTSSL,Eligible | MLTSSL,Eligible | MLTSSL,Eligible | MLTSSL,Eligible | CSOL,Eligible | CSOL,Eligible | MLTSSL,Eligible | MLTSSL,"MLTSSL, CSOL",MLTSSL,CSOL,MLTSSL,MLTSSL,ANMAC,Eligible,Eligible,,Eligible,Eligible,,Eligible,Eligible,,Eligible,Eligible,,Eligible,Eligible,,Eligible,Eligible,,Eligible,Eligible,,Eligible,Eligible,
Registered Nurses (NEC),254499,254499,https://www.anzscolookup.com.au/occupations/254499,ANMAC,MLTSSL,CSOL,"16 options, 190: 8 states, 491: 8 states",Eligible | MLTSSL,Eligible | MLTSSL,Eligible | MLTSSL,Eligible | MLTSSL,Eligible | CSOL,Eligible | CSOL,Eligible | MLTSSL,Eligible | MLTSSL,"MLTSSL, CSOL",MLTSSL,CSOL,MLTSSL,MLTSSL,ANMAC,Eligible,Eligible,,Eligible,Eligible,,Eligible,Eligible,,Eligible,Eligible,,Eligible,Eligible,,Eligible,Eligible,,Eligible,Eligible,,Eligible,Eligible,
Regulatory Affairs Manager,139917,139917,https://www.anzscolookup.com.au/occupations/139917,VETASSESS,Not available,CSOL,"Not available, 190: 0 states, 491: 0 states",Ineligible | Not listed,Ineligible | Not listed,Ineligible | Not listed,Ineligible | Not listed,Eligible | CSOL,Eligible | CSOL,Ineligible | Not listed,Ineligible | Not listed,CSOL,Not available,CSOL,Not available,Not available,Manual verification required,Ineligible,Ineligible,,Ineligible,Ineligible,,Ineligible,Ineligible,,Ineligible,Ineligible,,Ineligible,Ineligible,,Ineligible,Ineligible,,Ineligible,Ineligible,,Ineligible,Ineligible,
Rehabilitation Counsellor,272114,272114,https://www.anzscolookup.com.au/occupations/272114,VETASSESS,STSOL,CSOL,"11 options, 190: 5 states, 491: 6 states",Ineligible | Not listed,Eligible | STSOL,Eligible | STSOL,Ineligible | Not listed,Eligible | CSOL,Eligible | CSOL,Eligible | ROL,Eligible | STSOL,"STSOL, CSOL, ROL",STSOL,CSOL,ROL,STSOL,VETASSESS,Eligible,Eligible,,Eligible,Eligible,,Ineligible,Ineligible,,Ineligible,Ineligible,,Ineligible,Eligible,,Eligible,Eligible,,Eligible,Eligible,,Eligible,Eligible,
Renal Medicine Specialist,253322,253322,https://www.anzscolookup.com.au/occupations/253322,MedBA,MLTSSL,CSOL,"16 options, 190: 8 states, 491: 8 states",Eligible | MLTSSL,Eligible | MLTSSL,Eligible | MLTSSL,Eligible | MLTSSL,Eligible | CSOL,Eligible | CSOL,Eligible | MLTSSL,Eligible | MLTSSL,"MLTSSL, CSOL",MLTSSL,CSOL,MLTSSL,MLTSSL,MedBA,Eligible,Eligible,,Eligible,Eligible,,Eligible,Eligible,,Eligible,Eligible,,Eligible,Eligible,,Eligible,Eligible,,Eligible,Eligible,,Eligible,Eligible,
Renderer (Solid Plaster),333212,333212,https://www.anzscolookup.com.au/occupations/333212,TRA,MLTSSL,CSOL,"16 options, 190: 8 states, 491: 8 states",Eligible | MLTSSL,Eligible | MLTSSL,Eligible | MLTSSL,Eligible | MLTSSL,Eligible | CSOL,Eligible | CSOL,Eligible | MLTSSL,Eligible | MLTSSL,"MLTSSL, CSOL",MLTSSL,CSOL,MLTSSL,MLTSSL,TRA,Eligible,Eligible,,Eligible,Eligible,,Eligible,Eligible,,Eligible,Eligible,,Eligible,Eligible,,Eligible,Eligible,,Eligible,Eligible,,Eligible,Eligible,
Research And Development Manager,132511,132511,https://www.anzscolookup.com.au/occupations/132511,VETASSESS,STSOL,CSOL,"12 options, 190: 6 states, 491: 6 states",Ineligible | Not listed,Eligible | STSOL,Eligible | STSOL,Ineligible | Not listed,Eligible | CSOL,Eligible | CSOL,Eligible | ROL,Eligible | STSOL,"STSOL, CSOL, ROL",STSOL,CSOL,ROL,STSOL,VETASSESS,Ineligible,Ineligible,,Eligible,Eligible,,Eligible,Eligible,,Ineligible,Ineligible,,Eligible,Eligible,,Eligible,Eligible,,Eligible,Eligible,,Eligible,Eligible,
Resident Medical Officer,253112,253112,https://www.anzscolookup.com.au/occupations/253112,MedBA,STSOL,CSOL,"16 options, 190: 8 states, 491: 8 states",Ineligible | Not listed,Eligible | STSOL,Eligible | STSOL,Ineligible | Not listed,Eligible | CSOL,Eligible | CSOL,Eligible | ROL,Eligible | STSOL,"STSOL, CSOL, ROL",STSOL,CSOL,ROL,STSOL,MedBA,Eligible,Eligible,,Eligible,Eligible,,Eligible,Eligible,,Eligible,Eligible,,Eligible,Eligible,,Eligible,Eligible,,Eligible,Eligible,,Eligible,Eligible,
Residential Care Officer,411715,411715,https://www.anzscolookup.com.au/occupations/411715,ACWA,STSOL,CSOL,"13 options, 190: 6 states, 491: 7 states",Ineligible | Not listed,Eligible | STSOL,Eligible | STSOL,Ineligible | Not listed,Eligible | CSOL,Eligible | CSOL,Eligible | ROL,Eligible | STSOL,"STSOL, CSOL, ROL",STSOL,CSOL,ROL,STSOL,ACWA,Eligible,Eligible,,Eligible,Eligible,,Eligible,Eligible,,Ineligible,Ineligible,,Ineligible,Eligible,,Eligible,Eligible,,Eligible,Eligible,,Eligible,Eligible,
Respiratory Scientist,234612,234612,https://www.anzscolookup.com.au/occupations/234612,VETASSESS,Not available,CSOL,"Not available, 190: 0 states, 491: 0 states",Ineligible | Not listed,Ineligible | Not listed,Ineligible | Not listed,Ineligible | Not listed,Eligible | CSOL,Eligible | CSOL,Ineligible | Not listed,Ineligible | Not listed,CSOL,Not available,CSOL,Not available,Not available,Manual verification required,Ineligible,Ineligible,,Ineligible,Ineligible,,Ineligible,Ineligible,,Ineligible,Ineligible,,Ineligible,Ineligible,,Ineligible,Ineligible,,Ineligible,Ineligible,,Ineligible,Ineligible,
Respiratory Technician,311217,311217,https://www.anzscolookup.com.au/occupations/311217,VETASSESS,Not available,CSOL,"Not available, 190: 0 states, 491: 0 states",Ineligible | Not listed,Ineligible | Not listed,Ineligible | Not listed,Ineligible | Not listed,Eligible | CSOL,Eligible | CSOL,Ineligible | Not listed,Ineligible | Not listed,CSOL,Not available,CSOL,Not available,Not available,Manual verification required,Ineligible,Ineligible,,Ineligible,Ineligible,,Ineligible,Ineligible,,Ineligible,Ineligible,,Ineligible,Ineligible,,Ineligible,Ineligible,,Ineligible,Ineligible,,Ineligible,Ineligible,
Retail Buyer,639211,639211,https://www.anzscolookup.com.au/occupations/639211,VETASSESS,STSOL,CSOL,"6 options, 190: 3 states, 491: 3 states",Ineligible | Not listed,Eligible | STSOL,Eligible | STSOL,Ineligible | Not listed,Eligible | CSOL,Eligible | CSOL,Eligible | ROL,Eligible | STSOL,"STSOL, CSOL, ROL",STSOL,CSOL,ROL,STSOL,VETASSESS,Ineligible,Ineligible,,Eligible,Eligible,,Ineligible,Ineligible,,Ineligible,Ineligible,,Ineligible,Ineligible,,Eligible,Eligible,,Eligible,Eligible,,Ineligible,Ineligible,
Retail Manager (General),142111,142111,https://www.anzscolookup.com.au/occupations/142111,VETASSESS,Not available,CSOL,"Not available, 190: 0 states, 491: 0 states",Ineligible | Not listed,Ineligible | Not listed,Ineligible | Not listed,Ineligible | Not listed,Eligible | CSOL,Eligible | CSOL,Eligible | ROL,Ineligible | Not listed,"CSOL, ROL",Not available,CSOL,ROL,Not available,Manual verification required,Ineligible,Ineligible,,Ineligible,Ineligible,,Ineligible,Ineligible,,Ineligible,Ineligible,,Ineligible,Ineligible,,Ineligible,Ineligible,,Ineligible,Ineligible,,Ineligible,Ineligible,
Retail Pharmacist,251513,251513,https://www.anzscolookup.com.au/occupations/251513,APharmC,STSOL,CSOL,"15 options, 190: 7 states, 491: 8 states",Ineligible | Not listed,Eligible | STSOL,Eligible | STSOL,Ineligible | Not listed,Eligible | CSOL,Eligible | CSOL,Eligible | ROL,Eligible | STSOL,"STSOL, CSOL, ROL",STSOL,CSOL,ROL,STSOL,APharmC,Eligible,Eligible,,Eligible,Eligible,,Eligible,Eligible,,Ineligible,Eligible,,Eligible,Eligible,,Eligible,Eligible,,Eligible,Eligible,,Eligible,Eligible,
retirement village manager,141912,141912,https://www.anzscolookup.com.au/occupations/141912,VETASSESS,Not available,Not available,"Not available, 190: 0 states, 491: 0 states",Ineligible | Not listed,Ineligible | Not listed,Ineligible | Not listed,Ineligible | Not listed,Ineligible | Not listed,Ineligible | Not listed,Eligible | ROL,Ineligible | Not listed,ROL,Not available,Not available,ROL,Not available,Manual verification required,Ineligible,Ineligible,,Ineligible,Ineligible,,Ineligible,Ineligible,,Ineligible,Ineligible,,Ineligible,Ineligible,,Ineligible,Ineligible,,Ineligible,Ineligible,,Ineligible,Ineligible,
Rheumatologist,253323,253323,https://www.anzscolookup.com.au/occupations/253323,MedBA,MLTSSL,CSOL,"16 options, 190: 8 states, 491: 8 states",Eligible | MLTSSL,Eligible | MLTSSL,Eligible | MLTSSL,Eligible | MLTSSL,Eligible | CSOL,Eligible | CSOL,Eligible | MLTSSL,Eligible | MLTSSL,"MLTSSL, CSOL",MLTSSL,CSOL,MLTSSL,MLTSSL,MedBA,Eligible,Eligible,,Eligible,Eligible,,Eligible,Eligible,,Eligible,Eligible,,Eligible,Eligible,,Eligible,Eligible,,Eligible,Eligible,,Eligible,Eligible,
Roof Plumber,334115,334115,https://www.anzscolookup.com.au/occupations/334115,TRA,MLTSSL,CSOL,"16 options, 190: 8 states, 491: 8 states",Eligible | MLTSSL,Eligible | MLTSSL,Eligible | MLTSSL,Eligible | MLTSSL,Eligible | CSOL,Eligible | CSOL,Eligible | MLTSSL,Eligible | MLTSSL,"MLTSSL, CSOL",MLTSSL,CSOL,MLTSSL,MLTSSL,TRA,Eligible,Eligible,,Eligible,Eligible,,Eligible,Eligible,,Eligible,Eligible,,Eligible,Eligible,,Eligible,Eligible,,Eligible,Eligible,,Eligible,Eligible,
Roof Tiler,333311,333311,https://www.anzscolookup.com.au/occupations/333311,TRA,STSOL,CSOL,"16 options, 190: 8 states, 491: 8 states",Ineligible | Not listed,Eligible | STSOL,Eligible | STSOL,Ineligible | Not listed,Eligible | CSOL,Eligible | CSOL,Eligible | ROL,Eligible | STSOL,"STSOL, CSOL, ROL",STSOL,CSOL,ROL,STSOL,TRA,Eligible,Eligible,,Eligible,Eligible,,Eligible,Eligible,,Eligible,Eligible,,Eligible,Eligible,,Eligible,Eligible,,Eligible,Eligible,,Eligible,Eligible,
Safety Inspector,312611,312611,https://www.anzscolookup.com.au/occupations/312611,VETASSESS,ROL,Not available,"6 options, 190: 0 states, 491: 6 states",Ineligible | Not listed,Ineligible | Not listed,Eligible | ROL,Ineligible | Not listed,Ineligible | Not listed,Ineligible | Not listed,Eligible | ROL,Eligible | ROL,ROL,ROL,Not available,ROL,ROL,VETASSESS,Ineligible,Ineligible,,Ineligible,Eligible,,Ineligible,Ineligible,,Ineligible,Eligible,,Ineligible,Eligible,,Ineligible,Eligible,,Ineligible,Eligible,,Ineligible,Eligible,
sail maker,393113,393113,https://www.anzscolookup.com.au/occupations/393113,TRA,Not available,Not available,"Not available, 190: 0 states, 491: 0 states",Ineligible | Not listed,Ineligible | Not listed,Ineligible | Not listed,Ineligible | Not listed,Ineligible | Not listed,Ineligible | Not listed,Eligible | ROL,Ineligible | Not listed,ROL,Not available,Not available,ROL,Not available,Manual verification required,Ineligible,Ineligible,,Ineligible,Ineligible,,Ineligible,Ineligible,,Ineligible,Ineligible,,Ineligible,Ineligible,,Ineligible,Ineligible,,Ineligible,Ineligible,,Ineligible,Ineligible,
Sales And Marketing Manager,131112,131112,https://www.anzscolookup.com.au/occupations/131112,IML,STSOL,CSOL,"10 options, 190: 4 states, 491: 6 states",Ineligible | Not listed,Eligible | STSOL,Eligible | STSOL,Ineligible | Not listed,Eligible | CSOL,Eligible | CSOL,Eligible | ROL,Eligible | STSOL,"STSOL, CSOL, ROL",STSOL,CSOL,ROL,STSOL,IML,Ineligible,Ineligible,,Eligible,Eligible,,Ineligible,Ineligible,,Ineligible,Eligible,,Ineligible,Eligible,,Eligible,Eligible,,Eligible,Eligible,,Eligible,Eligible,
Sales Representative (Industrial Products),225411,225411,https://www.anzscolookup.com.au/occupations/225411,VETASSESS,Not available,CSOL,"Not available, 190: 0 states, 491: 0 states",Ineligible | Not listed,Ineligible | Not listed,Ineligible | Not listed,Ineligible | Not listed,Eligible | CSOL,Eligible | CSOL,Eligible | ROL,Ineligible | Not listed,"CSOL, ROL",Not available,CSOL,ROL,Not available,Manual verification required,Ineligible,Ineligible,,Ineligible,Ineligible,,Ineligible,Ineligible,,Ineligible,Ineligible,,Ineligible,Ineligible,,Ineligible,Ineligible,,Ineligible,Ineligible,,Ineligible,Ineligible,
Sales Representative (Medical and Pharmaceutical Products),225412,225412,https://www.anzscolookup.com.au/occupations/225412,VETASSESS,Not available,CSOL,"Not available, 190: 0 states, 491: 0 states",Ineligible | Not listed,Ineligible | Not listed,Ineligible | Not listed,Ineligible | Not listed,Eligible | CSOL,Eligible | CSOL,Eligible | ROL,Ineligible | Not listed,"CSOL, ROL",Not available,CSOL,ROL,Not available,Manual verification required,Ineligible,Ineligible,,Ineligible,Ineligible,,Ineligible,Ineligible,,Ineligible,Ineligible,,Ineligible,Ineligible,,Ineligible,Ineligible,,Ineligible,Ineligible,,Ineligible,Ineligible,
saw doctor,323315,323315,https://www.anzscolookup.com.au/occupations/323315,TRA,Not available,Not available,"Not available, 190: 0 states, 491: 0 states",Ineligible | Not listed,Ineligible | Not listed,Ineligible | Not listed,Ineligible | Not listed,Ineligible | Not listed,Ineligible | Not listed,Eligible | ROL,Ineligible | Not listed,ROL,Not available,Not available,ROL,Not available,Manual verification required,Ineligible,Ineligible,,Ineligible,Ineligible,,Ineligible,Ineligible,,Ineligible,Ineligible,,Ineligible,Ineligible,,Ineligible,Ineligible,,Ineligible,Ineligible,,Ineligible,Ineligible,
school laboratory technician,311414,311414,https://www.anzscolookup.com.au/occupations/311414,VETASSESS,Not available,Not available,"Not available, 190: 0 states, 491: 0 states",Ineligible | Not listed,Ineligible | Not listed,Ineligible | Not listed,Ineligible | Not listed,Ineligible | Not listed,Ineligible | Not listed,Eligible | ROL,Ineligible | Not listed,ROL,Not available,Not available,ROL,Not available,Manual verification required,Ineligible,Ineligible,,Ineligible,Ineligible,,Ineligible,Ineligible,,Ineligible,Ineligible,,Ineligible,Ineligible,,Ineligible,Ineligible,,Ineligible,Ineligible,,Ineligible,Ineligible,
School Principal,134311,134311,https://www.anzscolookup.com.au/occupations/134311,VETASSESS,STSOL,CSOL,"11 options, 190: 6 states, 491: 5 states",Ineligible | Not listed,Eligible | STSOL,Eligible | STSOL,Ineligible | Not listed,Eligible | CSOL,Eligible | CSOL,Eligible | ROL,Eligible | STSOL,"STSOL, CSOL, ROL",STSOL,CSOL,ROL,STSOL,VETASSESS,Ineligible,Ineligible,,Eligible,Eligible,,Eligible,Ineligible,,Ineligible,Ineligible,,Eligible,Eligible,,Eligible,Eligible,,Eligible,Eligible,,Eligible,Eligible,
Science Technicians (NEC),311499,311499,https://www.anzscolookup.com.au/occupations/311499,VETASSESS,STSOL,CSOL,"10 options, 190: 5 states, 491: 5 states",Ineligible | Not listed,Eligible | STSOL,Eligible | STSOL,Ineligible | Not listed,Eligible | CSOL,Eligible | CSOL,Eligible | ROL,Eligible | STSOL,"STSOL, CSOL, ROL",STSOL,CSOL,ROL,STSOL,VETASSESS,Eligible,Eligible,,Eligible,Eligible,,Ineligible,Ineligible,,Ineligible,Ineligible,,Eligible,Eligible,,Eligible,Eligible,,Eligible,Eligible,,Ineligible,Ineligible,
Screen Printer,392112,392112,https://www.anzscolookup.com.au/occupations/392112,TRA,Not available,CSOL,"Not available, 190: 0 states, 491: 0 states",Ineligible | Not listed,Ineligible | Not listed,Ineligible | Not listed,Ineligible | Not listed,Eligible | CSOL,Eligible | CSOL,Eligible | ROL,Ineligible | Not listed,"CSOL, ROL",Not available,CSOL,ROL,Not available,Manual verification required,Ineligible,Ineligible,,Ineligible,Ineligible,,Ineligible,Ineligible,,Ineligible,Ineligible,,Ineligible,Ineligible,,Ineligible,Ineligible,,Ineligible,Ineligible,,Ineligible,Ineligible,
sculptor,211413,211413,https://www.anzscolookup.com.au/occupations/211413,VETASSESS,Not available,Not available,"Not available, 190: 0 states, 491: 0 states",Ineligible | Not listed,Ineligible | Not listed,Ineligible | Not listed,Ineligible | Not listed,Ineligible | Not listed,Ineligible | Not listed,Eligible | ROL,Ineligible | Not listed,ROL,Not available,Not available,ROL,Not available,Manual verification required,Ineligible,Ineligible,,Ineligible,Ineligible,,Ineligible,Ineligible,,Ineligible,Ineligible,,Ineligible,Ineligible,,Ineligible,Ineligible,,Ineligible,Ineligible,,Ineligible,Ineligible,
Secondary School Teacher,241411,241411,https://www.anzscolookup.com.au/occupations/241411,AITSL,MLTSSL,CSOL,"16 options, 190: 8 states, 491: 8 states",Eligible | MLTSSL,Eligible | MLTSSL,Eligible | MLTSSL,Eligible | MLTSSL,Eligible | CSOL,Eligible | CSOL,Eligible | MLTSSL,Eligible | MLTSSL,"MLTSSL, CSOL",MLTSSL,CSOL,MLTSSL,MLTSSL,AITSL,Eligible,Eligible,,Eligible,Eligible,,Eligible,Eligible,,Eligible,Eligible,,Eligible,Eligible,,Eligible,Eligible,,Eligible,Eligible,,Eligible,Eligible,
secretary (general),521211,521211,https://www.anzscolookup.com.au/occupations/521211,VETASSESS,Not available,Not available,"Not available, 190: 0 states, 491: 0 states",Ineligible | Not listed,Ineligible | Not listed,Ineligible | Not listed,Ineligible | Not listed,Ineligible | Not listed,Ineligible | Not listed,Eligible | ROL,Ineligible | Not listed,ROL,Not available,Not available,ROL,Not available,Manual verification required,Ineligible,Ineligible,,Ineligible,Ineligible,,Ineligible,Ineligible,,Ineligible,Ineligible,,Ineligible,Ineligible,,Ineligible,Ineligible,,Ineligible,Ineligible,,Ineligible,Ineligible,
security consultant,442216,442216,https://www.anzscolookup.com.au/occupations/442216,VETASSESS,Not available,Not available,"Not available, 190: 0 states, 491: 0 states",Ineligible | Not listed,Ineligible | Not listed,Ineligible | Not listed,Ineligible | Not listed,Ineligible | Not listed,Ineligible | Not listed,Eligible | ROL,Ineligible | Not listed,ROL,Not available,Not available,ROL,Not available,Manual verification required,Ineligible,Ineligible,,Ineligible,Ineligible,,Ineligible,Ineligible,,Ineligible,Ineligible,,Ineligible,Ineligible,,Ineligible,Ineligible,,Ineligible,Ineligible,,Ineligible,Ineligible,
shearer,361211,361211,https://www.anzscolookup.com.au/occupations/361211,VETASSESS,Not available,Not available,"Not available, 190: 0 states, 491: 0 states",Ineligible | Not listed,Ineligible | Not listed,Ineligible | Not listed,Ineligible | Not listed,Ineligible | Not listed,Ineligible | Not listed,Eligible | ROL,Ineligible | Not listed,ROL,Not available,Not available,ROL,Not available,Manual verification required,Ineligible,Ineligible,,Ineligible,Ineligible,,Ineligible,Ineligible,,Ineligible,Ineligible,,Ineligible,Ineligible,,Ineligible,Ineligible,,Ineligible,Ineligible,,Ineligible,Ineligible,
Sheep Farmer,121322,121322,https://www.anzscolookup.com.au/occupations/121322,VETASSESS,ROL,Not available,"4 options, 190: 0 states, 491: 4 states",Ineligible | Not listed,Ineligible | Not listed,Eligible | ROL,Ineligible | Not listed,Ineligible | Not listed,Ineligible | Not listed,Eligible | ROL,Eligible | ROL,ROL,ROL,Not available,ROL,ROL,VETASSESS,Ineligible,Ineligible,,Ineligible,Eligible,,Ineligible,Ineligible,,Ineligible,Ineligible,,Ineligible,Ineligible,,Ineligible,Eligible,,Ineligible,Eligible,,Ineligible,Eligible,
Sheetmetal Worker,322211,322211,https://www.anzscolookup.com.au/occupations/322211,TRA,MLTSSL,CSOL,"14 options, 190: 7 states, 491: 7 states",Eligible | MLTSSL,Eligible | MLTSSL,Eligible | MLTSSL,Eligible | MLTSSL,Eligible | CSOL,Eligible | CSOL,Eligible | MLTSSL,Eligible | MLTSSL,"MLTSSL, CSOL",MLTSSL,CSOL,MLTSSL,MLTSSL,TRA,Ineligible,Ineligible,,Eligible,Eligible,,Eligible,Eligible,,Eligible,Eligible,,Eligible,Eligible,,Eligible,Eligible,,Eligible,Eligible,,Eligible,Eligible,
Ship's Engineer,231212,231212,https://www.anzscolookup.com.au/occupations/231212,AMSA,Not available,CSOL,"Not available, 190: 0 states, 491: 0 states",Ineligible | Not listed,Ineligible | Not listed,Ineligible | Not listed,Ineligible | Not listed,Eligible | CSOL,Eligible | CSOL,Eligible | ROL,Ineligible | Not listed,"CSOL, ROL",Not available,CSOL,ROL,Not available,Manual verification required,Ineligible,Ineligible,,Ineligible,Ineligible,,Ineligible,Ineligible,,Ineligible,Ineligible,,Ineligible,Ineligible,,Ineligible,Ineligible,,Ineligible,Ineligible,,Ineligible,Ineligible,
Ship’s Master,231213,231213,https://www.anzscolookup.com.au/occupations/231213,AMSA,ROL,Not available,"5 options, 190: 0 states, 491: 5 states",Ineligible | Not listed,Ineligible | Not listed,Eligible | ROL,Ineligible | Not listed,Ineligible | Not listed,Ineligible | Not listed,Eligible | ROL,Eligible | ROL,ROL,ROL,Not available,ROL,ROL,AMSA,Ineligible,Ineligible,,Ineligible,Eligible,,Ineligible,Eligible,,Ineligible,Ineligible,,Ineligible,Ineligible,,Ineligible,Eligible,,Ineligible,Eligible,,Ineligible,Eligible,
ship’s officer,231214,231214,https://www.anzscolookup.com.au/occupations/231214,AMSA,Not available,Not available,"Not available, 190: 0 states, 491: 0 states",Ineligible | Not listed,Ineligible | Not listed,Ineligible | Not listed,Ineligible | Not listed,Ineligible | Not listed,Ineligible | Not listed,Eligible | ROL,Ineligible | Not listed,ROL,Not available,Not available,ROL,Not available,Manual verification required,Ineligible,Ineligible,,Ineligible,Ineligible,,Ineligible,Ineligible,,Ineligible,Ineligible,,Ineligible,Ineligible,,Ineligible,Ineligible,,Ineligible,Ineligible,,Ineligible,Ineligible,
Shipwright,399112,399112,https://www.anzscolookup.com.au/occupations/399112,TRA,MLTSSL,CSOL,"6 options, 190: 3 states, 491: 3 states",Eligible | MLTSSL,Eligible | MLTSSL,Eligible | MLTSSL,Eligible | MLTSSL,Eligible | CSOL,Eligible | CSOL,Eligible | MLTSSL,Eligible | MLTSSL,"MLTSSL, CSOL",MLTSSL,CSOL,MLTSSL,MLTSSL,TRA,Ineligible,Ineligible,,Eligible,Eligible,,Ineligible,Ineligible,,Ineligible,Ineligible,,Ineligible,Ineligible,,Eligible,Eligible,,Eligible,Eligible,,Ineligible,Ineligible,
Shoemaker,393114,393114,https://www.anzscolookup.com.au/occupations/393114,TRA,Not available,CSOL,"Not available, 190: 0 states, 491: 0 states",Ineligible | Not listed,Ineligible | Not listed,Ineligible | Not listed,Ineligible | Not listed,Eligible | CSOL,Eligible | CSOL,Eligible | ROL,Ineligible | Not listed,"CSOL, ROL",Not available,CSOL,ROL,Not available,Manual verification required,Ineligible,Ineligible,,Ineligible,Ineligible,,Ineligible,Ineligible,,Ineligible,Ineligible,,Ineligible,Ineligible,,Ineligible,Ineligible,,Ineligible,Ineligible,,Ineligible,Ineligible,
Signwriter,399611,399611,https://www.anzscolookup.com.au/occupations/399611,TRA,STSOL,CSOL,"6 options, 190: 3 states, 491: 3 states",Ineligible | Not listed,Eligible | STSOL,Eligible | STSOL,Ineligible | Not listed,Eligible | CSOL,Eligible | CSOL,Eligible | ROL,Eligible | STSOL,"STSOL, CSOL, ROL",STSOL,CSOL,ROL,STSOL,TRA,Ineligible,Ineligible,,Eligible,Eligible,,Ineligible,Ineligible,,Ineligible,Ineligible,,Ineligible,Ineligible,,Eligible,Eligible,,Eligible,Eligible,,Ineligible,Ineligible,
singer,211214,211214,https://www.anzscolookup.com.au/occupations/211214,VETASSESS,Not available,Not available,"Not available, 190: 0 states, 491: 0 states",Ineligible | Not listed,Ineligible | Not listed,Ineligible | Not listed,Ineligible | Not listed,Ineligible | Not listed,Ineligible | Not listed,Eligible | ROL,Ineligible | Not listed,ROL,Not available,Not available,ROL,Not available,Manual verification required,Ineligible,Ineligible,,Ineligible,Ineligible,,Ineligible,Ineligible,,Ineligible,Ineligible,,Ineligible,Ineligible,,Ineligible,Ineligible,,Ineligible,Ineligible,,Ineligible,Ineligible,
Small Engine Mechanic,321214,321214,https://www.anzscolookup.com.au/occupations/321214,TRA,MLTSSL,CSOL,"13 options, 190: 6 states, 491: 7 states",Eligible | MLTSSL,Eligible | MLTSSL,Eligible | MLTSSL,Eligible | MLTSSL,Eligible | CSOL,Eligible | CSOL,Eligible | MLTSSL,Eligible | MLTSSL,"MLTSSL, CSOL",MLTSSL,CSOL,MLTSSL,MLTSSL,TRA,Eligible,Eligible,,Eligible,Eligible,,Eligible,Eligible,,Ineligible,Ineligible,,Ineligible,Eligible,,Eligible,Eligible,,Eligible,Eligible,,Eligible,Eligible,
small offset printer,392312,392312,https://www.anzscolookup.com.au/occupations/392312,TRA,Not available,Not available,"Not available, 190: 0 states, 491: 0 states",Ineligible | Not listed,Ineligible | Not listed,Ineligible | Not listed,Ineligible | Not listed,Ineligible | Not listed,Ineligible | Not listed,Eligible | ROL,Ineligible | Not listed,ROL,Not available,Not available,ROL,Not available,Manual verification required,Ineligible,Ineligible,,Ineligible,Ineligible,,Ineligible,Ineligible,,Ineligible,Ineligible,,Ineligible,Ineligible,,Ineligible,Ineligible,,Ineligible,Ineligible,,Ineligible,Ineligible,
Snowsport Instructor,452314,452314,https://www.anzscolookup.com.au/occupations/452314,VETASSESS,STSOL,Not available,"6 options, 190: 3 states, 491: 3 states",Ineligible | Not listed,Eligible | STSOL,Eligible | STSOL,Ineligible | Not listed,Ineligible | Not listed,Ineligible | Not listed,Eligible | ROL,Eligible | STSOL,"STSOL, ROL",STSOL,Not available,ROL,STSOL,VETASSESS,Ineligible,Ineligible,,Eligible,Eligible,,Ineligible,Ineligible,,Ineligible,Ineligible,,Ineligible,Ineligible,,Eligible,Eligible,,Eligible,Eligible,,Ineligible,Ineligible,
Social Professionals (NEC),272499,272499,https://www.anzscolookup.com.au/occupations/272499,VETASSESS,STSOL,Not available,"9 options, 190: 4 states, 491: 5 states",Ineligible | Not listed,Eligible | STSOL,Eligible | STSOL,Ineligible | Not listed,Ineligible | Not listed,Ineligible | Not listed,Eligible | ROL,Eligible | STSOL,"STSOL, ROL",STSOL,Not available,ROL,STSOL,VETASSESS,Ineligible,Ineligible,,Eligible,Eligible,,Ineligible,Ineligible,,Ineligible,Ineligible,,Ineligible,Eligible,,Eligible,Eligible,,Eligible,Eligible,,Eligible,Eligible,
Social Worker,272511,272511,https://www.anzscolookup.com.au/occupations/272511,AASW,MLTSSL,CSOL,"15 options, 190: 7 states, 491: 8 states",Eligible | MLTSSL,Eligible | MLTSSL,Eligible | MLTSSL,Eligible | MLTSSL,Eligible | CSOL,Eligible | CSOL,Eligible | MLTSSL,Eligible | MLTSSL,"MLTSSL, CSOL",MLTSSL,CSOL,MLTSSL,MLTSSL,AASW,Eligible,Eligible,,Eligible,Eligible,,Eligible,Eligible,,Ineligible,Eligible,,Eligible,Eligible,,Eligible,Eligible,,Eligible,Eligible,,Eligible,Eligible,
Software And Applications Programmers (NEC),261399,261399,https://www.anzscolookup.com.au/occupations/261399,ACS,MLTSSL,CSOL,"16 options, 190: 8 states, 491: 8 states",Eligible | MLTSSL,Eligible | MLTSSL,Eligible | MLTSSL,Eligible | MLTSSL,Eligible | CSOL,Eligible | CSOL,Eligible | MLTSSL,Eligible | MLTSSL,"MLTSSL, CSOL",MLTSSL,CSOL,MLTSSL,MLTSSL,ACS,Eligible,Eligible,,Eligible,Eligible,,Eligible,Eligible,,Eligible,Eligible,,Eligible,Eligible,,Eligible,Eligible,,Eligible,Eligible,,Eligible,Eligible,
Software Engineer,261313,261313,https://www.anzscolookup.com.au/occupations/261313,ACS,MLTSSL,CSOL,"16 options, 190: 8 states, 491: 8 states",Eligible | MLTSSL,Eligible | MLTSSL,Eligible | MLTSSL,Eligible | MLTSSL,Eligible | CSOL,Eligible | CSOL,Eligible | MLTSSL,Eligible | MLTSSL,"MLTSSL, CSOL",MLTSSL,CSOL,MLTSSL,MLTSSL,ACS,Eligible,Eligible,,Eligible,Eligible,,Eligible,Eligible,,Eligible,Eligible,,Eligible,Eligible,,Eligible,Eligible,,Eligible,Eligible,,Eligible,Eligible,
Software Tester,261314,261314,https://www.anzscolookup.com.au/occupations/261314,ACS,STSOL,CSOL,"14 options, 190: 7 states, 491: 7 states",Ineligible | Not listed,Eligible | STSOL,Eligible | STSOL,Ineligible | Not listed,Eligible | CSOL,Eligible | CSOL,Eligible | ROL,Eligible | STSOL,"STSOL, CSOL, ROL",STSOL,CSOL,ROL,STSOL,ACS,Eligible,Eligible,,Eligible,Eligible,,Eligible,Eligible,,Ineligible,Ineligible,,Eligible,Eligible,,Eligible,Eligible,,Eligible,Eligible,,Eligible,Eligible,
Solicitor,271311,271311,https://www.anzscolookup.com.au/occupations/271311,a legal admissions authority of a State or Territory,MLTSSL,CSOL,"12 options, 190: 6 states, 491: 6 states",Eligible | MLTSSL,Eligible | MLTSSL,Eligible | MLTSSL,Eligible | MLTSSL,Eligible | CSOL,Eligible | CSOL,Eligible | MLTSSL,Eligible | MLTSSL,"MLTSSL, CSOL",MLTSSL,CSOL,MLTSSL,MLTSSL,a legal admissions authority of a State or Territory,Eligible,Eligible,,Eligible,Eligible,,Ineligible,Ineligible,,Ineligible,Ineligible,,Eligible,Eligible,,Eligible,Eligible,,Eligible,Eligible,,Eligible,Eligible,
Sonographer,251214,251214,https://www.anzscolookup.com.au/occupations/251214,ASMIRT,MLTSSL,CSOL,"16 options, 190: 8 states, 491: 8 states",Eligible | MLTSSL,Eligible | MLTSSL,Eligible | MLTSSL,Eligible | MLTSSL,Eligible | CSOL,Eligible | CSOL,Eligible | MLTSSL,Eligible | MLTSSL,"MLTSSL, CSOL",MLTSSL,CSOL,MLTSSL,MLTSSL,ASMIRT,Eligible,Eligible,,Eligible,Eligible,,Eligible,Eligible,,Eligible,Eligible,,Eligible,Eligible,,Eligible,Eligible,,Eligible,Eligible,,Eligible,Eligible,
Sound Technician,399516,399516,https://www.anzscolookup.com.au/occupations/399516,TRA,STSOL,CSOL,"6 options, 190: 3 states, 491: 3 states",Ineligible | Not listed,Eligible | STSOL,Eligible | STSOL,Ineligible | Not listed,Eligible | CSOL,Eligible | CSOL,Eligible | ROL,Eligible | STSOL,"STSOL, CSOL, ROL",STSOL,CSOL,ROL,STSOL,TRA,Ineligible,Ineligible,,Eligible,Eligible,,Ineligible,Ineligible,,Ineligible,Ineligible,,Ineligible,Ineligible,,Eligible,Eligible,,Eligible,Eligible,,Ineligible,Ineligible,
Special Education Teachers (NEC),241599,241599,https://www.anzscolookup.com.au/occupations/241599,AITSL,MLTSSL,CSOL,"14 options, 190: 7 states, 491: 7 states",Eligible | MLTSSL,Eligible | MLTSSL,Eligible | MLTSSL,Eligible | MLTSSL,Eligible | CSOL,Eligible | CSOL,Eligible | MLTSSL,Eligible | MLTSSL,"MLTSSL, CSOL",MLTSSL,CSOL,MLTSSL,MLTSSL,AITSL,Eligible,Eligible,,Eligible,Eligible,,Ineligible,Ineligible,,Eligible,Eligible,,Eligible,Eligible,,Eligible,Eligible,,Eligible,Eligible,,Eligible,Eligible,
Special Needs Teacher,241511,241511,https://www.anzscolookup.com.au/occupations/241511,AITSL,MLTSSL,CSOL,"14 options, 190: 7 states, 491: 7 states",Eligible | MLTSSL,Eligible | MLTSSL,Eligible | MLTSSL,Eligible | MLTSSL,Eligible | CSOL,Eligible | CSOL,Eligible | MLTSSL,Eligible | MLTSSL,"MLTSSL, CSOL",MLTSSL,CSOL,MLTSSL,MLTSSL,AITSL,Eligible,Eligible,,Eligible,Eligible,,Ineligible,Ineligible,,Eligible,Eligible,,Eligible,Eligible,,Eligible,Eligible,,Eligible,Eligible,,Eligible,Eligible,
specialist managers nec,139999,139999,https://www.anzscolookup.com.au/occupations/139999,VETASSESS,STSOL,Not available,"12 options, 190: 6 states, 491: 6 states",Ineligible | Not listed,Eligible | STSOL,Eligible | STSOL,Ineligible | Not listed,Ineligible | Not listed,Ineligible | Not listed,Eligible | ROL,Eligible | STSOL,"STSOL, ROL",STSOL,Not available,ROL,STSOL,VETASSESS,Eligible,Eligible,,Eligible,Eligible,,Ineligible,Ineligible,,Ineligible,Ineligible,,Eligible,Eligible,,Eligible,Eligible,,Eligible,Eligible,,Eligible,Eligible,
Specialist Physician (General Medicine),253311,253311,https://www.anzscolookup.com.au/occupations/253311,MedBA,MLTSSL,CSOL,"16 options, 190: 8 states, 491: 8 states",Eligible | MLTSSL,Eligible | MLTSSL,Eligible | MLTSSL,Eligible | MLTSSL,Eligible | CSOL,Eligible | CSOL,Eligible | MLTSSL,Eligible | MLTSSL,"MLTSSL, CSOL",MLTSSL,CSOL,MLTSSL,MLTSSL,MedBA,Eligible,Eligible,,Eligible,Eligible,,Eligible,Eligible,,Eligible,Eligible,,Eligible,Eligible,,Eligible,Eligible,,Eligible,Eligible,,Eligible,Eligible,
Specialist Physicians (NEC),253399,253399,https://www.anzscolookup.com.au/occupations/253399,MedBA,MLTSSL,CSOL,"16 options, 190: 8 states, 491: 8 states",Eligible | MLTSSL,Eligible | MLTSSL,Eligible | MLTSSL,Eligible | MLTSSL,Eligible | CSOL,Eligible | CSOL,Eligible | MLTSSL,Eligible | MLTSSL,"MLTSSL, CSOL",MLTSSL,CSOL,MLTSSL,MLTSSL,MedBA,Eligible,Eligible,,Eligible,Eligible,,Eligible,Eligible,,Eligible,Eligible,,Eligible,Eligible,,Eligible,Eligible,,Eligible,Eligible,,Eligible,Eligible,
Speech Pathologist / Speech Language Therapist,252712,252712,https://www.anzscolookup.com.au/occupations/252712,SPA,MLTSSL,CSOL,"16 options, 190: 8 states, 491: 8 states",Eligible | MLTSSL,Eligible | MLTSSL,Eligible | MLTSSL,Eligible | MLTSSL,Eligible | CSOL,Eligible | CSOL,Eligible | MLTSSL,Eligible | MLTSSL,"MLTSSL, CSOL",MLTSSL,CSOL,MLTSSL,MLTSSL,SPA,Eligible,Eligible,,Eligible,Eligible,,Eligible,Eligible,,Eligible,Eligible,,Eligible,Eligible,,Eligible,Eligible,,Eligible,Eligible,,Eligible,Eligible,
Sports Administrator,139915,139915,https://www.anzscolookup.com.au/occupations/139915,VETASSESS,ROL,Not available,"6 options, 190: 0 states, 491: 6 states",Ineligible | Not listed,Ineligible | Not listed,Eligible | ROL,Ineligible | Not listed,Ineligible | Not listed,Ineligible | Not listed,Eligible | ROL,Eligible | ROL,ROL,ROL,Not available,ROL,ROL,VETASSESS,Ineligible,Eligible,,Ineligible,Eligible,,Ineligible,Ineligible,,Ineligible,Ineligible,,Ineligible,Eligible,,Ineligible,Eligible,,Ineligible,Eligible,,Ineligible,Eligible,
Sports Centre Manager,149113,149113,https://www.anzscolookup.com.au/occupations/149113,VETASSESS,ROL,Not available,"3 options, 190: 0 states, 491: 3 states",Ineligible | Not listed,Ineligible | Not listed,Eligible | ROL,Ineligible | Not listed,Ineligible | Not listed,Ineligible | Not listed,Eligible | ROL,Eligible | ROL,ROL,ROL,Not available,ROL,ROL,VETASSESS,Ineligible,Ineligible,,Ineligible,Eligible,,Ineligible,Ineligible,,Ineligible,Ineligible,,Ineligible,Ineligible,,Ineligible,Eligible,,Ineligible,Eligible,,Ineligible,Ineligible,
Sports Development Officer,452321,452321,https://www.anzscolookup.com.au/occupations/452321,VETASSESS,STSOL,CSOL,"8 options, 190: 4 states, 491: 4 states",Ineligible | Not listed,Eligible | STSOL,Eligible | STSOL,Ineligible | Not listed,Eligible | CSOL,Eligible | CSOL,Eligible | ROL,Eligible | STSOL,"STSOL, CSOL, ROL",STSOL,CSOL,ROL,STSOL,VETASSESS,Ineligible,Ineligible,,Eligible,Eligible,,Ineligible,Ineligible,,Ineligible,Ineligible,,Eligible,Eligible,,Eligible,Eligible,,Eligible,Eligible,,Ineligible,Ineligible,
sports umpire,452322,452322,https://www.anzscolookup.com.au/occupations/452322,VETASSESS,Not available,Not available,"Not available, 190: 0 states, 491: 0 states",Ineligible | Not listed,Ineligible | Not listed,Ineligible | Not listed,Ineligible | Not listed,Ineligible | Not listed,Ineligible | Not listed,Eligible | ROL,Ineligible | Not listed,ROL,Not available,Not available,ROL,Not available,Manual verification required,Ineligible,Ineligible,,Ineligible,Ineligible,,Ineligible,Ineligible,,Ineligible,Ineligible,,Ineligible,Ineligible,,Ineligible,Ineligible,,Ineligible,Ineligible,,Ineligible,Ineligible,
Sportspersons (NEC),452499,452499,https://www.anzscolookup.com.au/occupations/452499,VETASSESS,STSOL,Not available,"6 options, 190: 3 states, 491: 3 states",Ineligible | Not listed,Eligible | STSOL,Eligible | STSOL,Ineligible | Not listed,Ineligible | Not listed,Ineligible | Not listed,Eligible | ROL,Eligible | STSOL,"STSOL, ROL",STSOL,Not available,ROL,STSOL,VETASSESS,Ineligible,Ineligible,,Eligible,Eligible,,Ineligible,Ineligible,,Ineligible,Ineligible,,Ineligible,Ineligible,,Eligible,Eligible,,Eligible,Eligible,,Ineligible,Ineligible,
Stage Manager,212316,212316,https://www.anzscolookup.com.au/occupations/212316,VETASSESS,STSOL,CSOL,"6 options, 190: 3 states, 491: 3 states",Ineligible | Not listed,Eligible | STSOL,Eligible | STSOL,Ineligible | Not listed,Eligible | CSOL,Eligible | CSOL,Eligible | ROL,Eligible | STSOL,"STSOL, CSOL, ROL",STSOL,CSOL,ROL,STSOL,VETASSESS,Ineligible,Ineligible,,Eligible,Eligible,,Ineligible,Ineligible,,Ineligible,Ineligible,,Ineligible,Ineligible,,Eligible,Eligible,,Eligible,Eligible,,Ineligible,Ineligible,
statistician,224116,224116,https://www.anzscolookup.com.au/occupations/224116,VETASSESS,MLTSSL,CSOL,"6 options, 190: 3 states, 491: 3 states",Eligible | MLTSSL,Eligible | MLTSSL,Eligible | MLTSSL,Eligible | MLTSSL,Eligible | CSOL,Eligible | CSOL,Eligible | MLTSSL,Eligible | MLTSSL,"MLTSSL, CSOL",MLTSSL,CSOL,MLTSSL,MLTSSL,VETASSESS,Ineligible,Ineligible,,Eligible,Eligible,,Ineligible,Ineligible,,Ineligible,Ineligible,,Ineligible,Ineligible,,Eligible,Eligible,,Eligible,Eligible,,Ineligible,Ineligible,
Statistician,224113,224113,https://www.anzscolookup.com.au/occupations/224113,Manual verification required,"Not available, Not available, Not available","Not available, Not available, Not available","Not available, 190: 0 states, 491: 0 states",Ineligible | Not listed,Ineligible | Not listed,Ineligible | Not listed,Ineligible | Not listed,Ineligible | Not listed,Ineligible | Not listed,Ineligible | Not listed,Ineligible | Not listed,,,,,,,Ineligible,Ineligible,,Ineligible,Ineligible,,Ineligible,Ineligible,,Ineligible,Ineligible,,Ineligible,Ineligible,,Ineligible,Ineligible,,Ineligible,Ineligible,,Ineligible,Ineligible,
stock and station agent,611112,611112,https://www.anzscolookup.com.au/occupations/611112,VETASSESS,Not available,Not available,"Not available, 190: 0 states, 491: 0 states",Ineligible | Not listed,Ineligible | Not listed,Ineligible | Not listed,Ineligible | Not listed,Ineligible | Not listed,Ineligible | Not listed,Eligible | ROL,Ineligible | Not listed,ROL,Not available,Not available,ROL,Not available,Manual verification required,Ineligible,Ineligible,,Ineligible,Ineligible,,Ineligible,Ineligible,,Ineligible,Ineligible,,Ineligible,Ineligible,,Ineligible,Ineligible,,Ineligible,Ineligible,,Ineligible,Ineligible,
Stockbroking Dealer,222213,222213,https://www.anzscolookup.com.au/occupations/222213,VETASSESS,STSOL,Not available,"8 options, 190: 4 states, 491: 4 states",Ineligible | Not listed,Eligible | STSOL,Eligible | STSOL,Ineligible | Not listed,Ineligible | Not listed,Ineligible | Not listed,Eligible | ROL,Eligible | STSOL,"STSOL, ROL",STSOL,Not available,ROL,STSOL,VETASSESS,Ineligible,Ineligible,,Eligible,Eligible,,Ineligible,Ineligible,,Ineligible,Ineligible,,Ineligible,Ineligible,,Eligible,Eligible,,Eligible,Eligible,,Eligible,Eligible,
Stonemason,331112,331112,https://www.anzscolookup.com.au/occupations/331112,TRA,MLTSSL,CSOL,"16 options, 190: 8 states, 491: 8 states",Eligible | MLTSSL,Eligible | MLTSSL,Eligible | MLTSSL,Eligible | MLTSSL,Eligible | CSOL,Eligible | CSOL,Eligible | MLTSSL,Eligible | MLTSSL,"MLTSSL, CSOL",MLTSSL,CSOL,MLTSSL,MLTSSL,TRA,Eligible,Eligible,,Eligible,Eligible,,Eligible,Eligible,,Eligible,Eligible,,Eligible,Eligible,,Eligible,Eligible,,Eligible,Eligible,,Eligible,Eligible,
Structural Engineer,233214,233214,https://www.anzscolookup.com.au/occupations/233214,Engineers Australia,MLTSSL,CSOL,"16 options, 190: 8 states, 491: 8 states",Eligible | MLTSSL,Eligible | MLTSSL,Eligible | MLTSSL,Eligible | MLTSSL,Eligible | CSOL,Eligible | CSOL,Eligible | MLTSSL,Eligible | MLTSSL,"MLTSSL, CSOL",MLTSSL,CSOL,MLTSSL,MLTSSL,Engineers Australia,Eligible,Eligible,,Eligible,Eligible,,Eligible,Eligible,,Eligible,Eligible,,Eligible,Eligible,,Eligible,Eligible,,Eligible,Eligible,,Eligible,Eligible,
Student Counsellor,272115,272115,https://www.anzscolookup.com.au/occupations/272115,VETASSESS,STSOL,CSOL,"12 options, 190: 5 states, 491: 7 states",Ineligible | Not listed,Eligible | STSOL,Eligible | STSOL,Ineligible | Not listed,Eligible | CSOL,Eligible | CSOL,Eligible | ROL,Eligible | STSOL,"STSOL, CSOL, ROL",STSOL,CSOL,ROL,STSOL,VETASSESS,Eligible,Eligible,,Eligible,Eligible,,Ineligible,Ineligible,,Ineligible,Eligible,,Ineligible,Eligible,,Eligible,Eligible,,Eligible,Eligible,,Eligible,Eligible,
Sugar Cane Grower,121217,121217,https://www.anzscolookup.com.au/occupations/121217,VETASSESS,ROL,Not available,"5 options, 190: 0 states, 491: 5 states",Ineligible | Not listed,Ineligible | Not listed,Eligible | ROL,Ineligible | Not listed,Ineligible | Not listed,Ineligible | Not listed,Eligible | ROL,Eligible | ROL,ROL,ROL,Not available,ROL,ROL,VETASSESS,Ineligible,Ineligible,,Ineligible,Eligible,,Ineligible,Eligible,,Ineligible,Ineligible,,Ineligible,Ineligible,,Ineligible,Eligible,,Ineligible,Eligible,,Ineligible,Eligible,
Supply And Distribution Manager,133611,133611,https://www.anzscolookup.com.au/occupations/133611,IML,STSOL,CSOL,"12 options, 190: 6 states, 491: 6 states",Ineligible | Not listed,Eligible | STSOL,Eligible | STSOL,Ineligible | Not listed,Eligible | CSOL,Eligible | CSOL,Eligible | ROL,Eligible | STSOL,"STSOL, CSOL, ROL",STSOL,CSOL,ROL,STSOL,IML,Eligible,Eligible,,Eligible,Eligible,,Ineligible,Ineligible,,Ineligible,Ineligible,,Eligible,Eligible,,Eligible,Eligible,,Eligible,Eligible,,Eligible,Eligible,
Supply Chain Analyst,224714,224714,https://www.anzscolookup.com.au/occupations/224714,VETASSESS,Not available,CSOL,"Not available, 190: 0 states, 491: 0 states",Ineligible | Not listed,Ineligible | Not listed,Ineligible | Not listed,Ineligible | Not listed,Eligible | CSOL,Eligible | CSOL,Ineligible | Not listed,Ineligible | Not listed,CSOL,Not available,CSOL,Not available,Not available,Manual verification required,Ineligible,Ineligible,,Ineligible,Ineligible,,Ineligible,Ineligible,,Ineligible,Ineligible,,Ineligible,Ineligible,,Ineligible,Ineligible,,Ineligible,Ineligible,,Ineligible,Ineligible,
Surgeon (General),253511,253511,https://www.anzscolookup.com.au/occupations/253511,MedBA,MLTSSL,CSOL,"15 options, 190: 8 states, 491: 7 states",Eligible | MLTSSL,Eligible | MLTSSL,Eligible | MLTSSL,Eligible | MLTSSL,Eligible | CSOL,Eligible | CSOL,Eligible | MLTSSL,Eligible | MLTSSL,"MLTSSL, CSOL",MLTSSL,CSOL,MLTSSL,MLTSSL,MedBA,Eligible,Eligible,,Eligible,Eligible,,Eligible,Ineligible,,Eligible,Eligible,,Eligible,Eligible,,Eligible,Eligible,,Eligible,Eligible,,Eligible,Eligible,
Surveying Or Spatial Science Technician,312116,312116,https://www.anzscolookup.com.au/occupations/312116,VETASSESS,ROL,CSOL,"8 options, 190: 0 states, 491: 8 states",Ineligible | Not listed,Ineligible | Not listed,Eligible | ROL,Ineligible | Not listed,Eligible | CSOL,Eligible | CSOL,Eligible | ROL,Eligible | ROL,"ROL, CSOL",ROL,CSOL,ROL,ROL,VETASSESS,Ineligible,Eligible,,Ineligible,Eligible,,Ineligible,Eligible,,Ineligible,Eligible,,Ineligible,Eligible,,Ineligible,Eligible,,Ineligible,Eligible,,Ineligible,Eligible,
Surveyor,232212,232212,https://www.anzscolookup.com.au/occupations/232212,ISNSW,MLTSSL,CSOL,"16 options, 190: 8 states, 491: 8 states",Eligible | MLTSSL,Eligible | MLTSSL,Eligible | MLTSSL,Eligible | MLTSSL,Eligible | CSOL,Eligible | CSOL,Eligible | MLTSSL,Eligible | MLTSSL,"MLTSSL, CSOL",MLTSSL,CSOL,MLTSSL,MLTSSL,ISNSW,Eligible,Eligible,,Eligible,Eligible,,Eligible,Eligible,,Eligible,Eligible,,Eligible,Eligible,,Eligible,Eligible,,Eligible,Eligible,,Eligible,Eligible,
Swimming Coach Or Instructor,452315,452315,https://www.anzscolookup.com.au/occupations/452315,VETASSESS,STSOL,Not available,"6 options, 190: 3 states, 491: 3 states",Ineligible | Not listed,Eligible | STSOL,Eligible | STSOL,Ineligible | Not listed,Ineligible | Not listed,Ineligible | Not listed,Eligible | ROL,Eligible | STSOL,"STSOL, ROL",STSOL,Not available,ROL,STSOL,VETASSESS,Ineligible,Ineligible,,Eligible,Eligible,,Ineligible,Ineligible,,Ineligible,Ineligible,,Ineligible,Ineligible,,Eligible,Eligible,,Eligible,Eligible,,Ineligible,Ineligible,
Systems Administrator,262113,262113,https://www.anzscolookup.com.au/occupations/262113,ACS,STSOL,CSOL,"14 options, 190: 7 states, 491: 7 states",Ineligible | Not listed,Eligible | STSOL,Eligible | STSOL,Ineligible | Not listed,Eligible | CSOL,Eligible | CSOL,Eligible | ROL,Eligible | STSOL,"STSOL, CSOL, ROL",STSOL,CSOL,ROL,STSOL,ACS,Eligible,Eligible,,Eligible,Eligible,,Eligible,Eligible,,Ineligible,Ineligible,,Eligible,Eligible,,Eligible,Eligible,,Eligible,Eligible,,Eligible,Eligible,
Systems Analyst,261112,261112,https://www.anzscolookup.com.au/occupations/261112,ACS,MLTSSL,CSOL,"14 options, 190: 7 states, 491: 7 states",Eligible | MLTSSL,Eligible | MLTSSL,Eligible | MLTSSL,Eligible | MLTSSL,Eligible | CSOL,Eligible | CSOL,Eligible | MLTSSL,Eligible | MLTSSL,"MLTSSL, CSOL",MLTSSL,CSOL,MLTSSL,MLTSSL,ACS,Eligible,Eligible,,Eligible,Eligible,,Eligible,Eligible,,Ineligible,Ineligible,,Eligible,Eligible,,Eligible,Eligible,,Eligible,Eligible,,Eligible,Eligible,
Taxation Accountant,221113,221113,https://www.anzscolookup.com.au/occupations/221113,CPAA / IPA / CAANZ,MLTSSL,CSOL,"11 options, 190: 5 states, 491: 6 states",Eligible | MLTSSL,Eligible | MLTSSL,Eligible | MLTSSL,Eligible | MLTSSL,Eligible | CSOL,Eligible | CSOL,Eligible | MLTSSL,Eligible | MLTSSL,"MLTSSL, CSOL",MLTSSL,CSOL,MLTSSL,MLTSSL,"CPAA, IPA, CAANZ",Eligible,Eligible,,Eligible,Eligible,,Ineligible,Ineligible,,Ineligible,Ineligible,,Ineligible,Eligible,,Eligible,Eligible,,Eligible,Eligible,,Eligible,Eligible,
Teacher Of English To Speakers Of Other Languages,249311,249311,https://www.anzscolookup.com.au/occupations/249311,VETASSESS,STSOL,Not available,"9 options, 190: 4 states, 491: 5 states",Ineligible | Not listed,Eligible | STSOL,Eligible | STSOL,Ineligible | Not listed,Ineligible | Not listed,Ineligible | Not listed,Eligible | ROL,Eligible | STSOL,"STSOL, ROL",STSOL,Not available,ROL,STSOL,VETASSESS,Ineligible,Ineligible,,Eligible,Eligible,,Ineligible,Ineligible,,Ineligible,Ineligible,,Ineligible,Eligible,,Eligible,Eligible,,Eligible,Eligible,,Eligible,Eligible,
Teacher Of The Hearing Impaired,241512,241512,https://www.anzscolookup.com.au/occupations/241512,AITSL,MLTSSL,CSOL,"14 options, 190: 7 states, 491: 7 states",Eligible | MLTSSL,Eligible | MLTSSL,Eligible | MLTSSL,Eligible | MLTSSL,Eligible | CSOL,Eligible | CSOL,Eligible | MLTSSL,Eligible | MLTSSL,"MLTSSL, CSOL",MLTSSL,CSOL,MLTSSL,MLTSSL,AITSL,Eligible,Eligible,,Eligible,Eligible,,Ineligible,Ineligible,,Eligible,Eligible,,Eligible,Eligible,,Eligible,Eligible,,Eligible,Eligible,,Eligible,Eligible,
Teacher Of The Sight Impaired,241513,241513,https://www.anzscolookup.com.au/occupations/241513,AITSL,MLTSSL,CSOL,"14 options, 190: 7 states, 491: 7 states",Eligible | MLTSSL,Eligible | MLTSSL,Eligible | MLTSSL,Eligible | MLTSSL,Eligible | CSOL,Eligible | CSOL,Eligible | MLTSSL,Eligible | MLTSSL,"MLTSSL, CSOL",MLTSSL,CSOL,MLTSSL,MLTSSL,AITSL,Eligible,Eligible,,Eligible,Eligible,,Ineligible,Ineligible,,Eligible,Eligible,,Eligible,Eligible,,Eligible,Eligible,,Eligible,Eligible,,Eligible,Eligible,
Technical Cable Jointer,342212,342212,https://www.anzscolookup.com.au/occupations/342212,TRA,MLTSSL,CSOL,"16 options, 190: 8 states, 491: 8 states",Eligible | MLTSSL,Eligible | MLTSSL,Eligible | MLTSSL,Eligible | MLTSSL,Eligible | CSOL,Eligible | CSOL,Eligible | MLTSSL,Eligible | MLTSSL,"MLTSSL, CSOL",MLTSSL,CSOL,MLTSSL,MLTSSL,TRA,Eligible,Eligible,,Eligible,Eligible,,Eligible,Eligible,,Eligible,Eligible,,Eligible,Eligible,,Eligible,Eligible,,Eligible,Eligible,,Eligible,Eligible,
Technical Director,212317,212317,https://www.anzscolookup.com.au/occupations/212317,VETASSESS,STSOL,CSOL,"6 options, 190: 3 states, 491: 3 states",Ineligible | Not listed,Eligible | STSOL,Eligible | STSOL,Ineligible | Not listed,Eligible | CSOL,Eligible | CSOL,Eligible | ROL,Eligible | STSOL,"STSOL, CSOL, ROL",STSOL,CSOL,ROL,STSOL,VETASSESS,Ineligible,Ineligible,,Eligible,Eligible,,Ineligible,Ineligible,,Ineligible,Ineligible,,Ineligible,Ineligible,,Eligible,Eligible,,Eligible,Eligible,,Ineligible,Ineligible,
technical sales representatives nec,225499,225499,https://www.anzscolookup.com.au/occupations/225499,VETASSESS,STSOL,CSOL,"8 options, 190: 4 states, 491: 4 states",Ineligible | Not listed,Eligible | STSOL,Eligible | STSOL,Ineligible | Not listed,Eligible | CSOL,Eligible | CSOL,Eligible | ROL,Eligible | STSOL,"STSOL, CSOL, ROL",STSOL,CSOL,ROL,STSOL,VETASSESS,Ineligible,Ineligible,,Eligible,Eligible,,Ineligible,Ineligible,,Ineligible,Ineligible,,Eligible,Eligible,,Eligible,Eligible,,Eligible,Eligible,,Ineligible,Ineligible,
Technical Writer,212415,212415,https://www.anzscolookup.com.au/occupations/212415,VETASSESS,STSOL,CSOL,"7 options, 190: 3 states, 491: 4 states",Ineligible | Not listed,Eligible | STSOL,Eligible | STSOL,Ineligible | Not listed,Eligible | CSOL,Eligible | CSOL,Eligible | ROL,Eligible | STSOL,"STSOL, CSOL, ROL",STSOL,CSOL,ROL,STSOL,VETASSESS,Ineligible,Ineligible,,Eligible,Eligible,,Ineligible,Ineligible,,Ineligible,Ineligible,,Ineligible,Eligible,,Eligible,Eligible,,Eligible,Eligible,,Ineligible,Ineligible,
Technicians and Trades Workers nec,399999,399999,https://www.anzscolookup.com.au/occupations/399999,TRA,Not available,CSOL,"Not available, 190: 0 states, 491: 0 states",Ineligible | Not listed,Ineligible | Not listed,Ineligible | Not listed,Ineligible | Not listed,Eligible | CSOL,Eligible | CSOL,Eligible | ROL,Ineligible | Not listed,"CSOL, ROL",Not available,CSOL,ROL,Not available,Manual verification required,Ineligible,Ineligible,,Ineligible,Ineligible,,Ineligible,Ineligible,,Ineligible,Ineligible,,Ineligible,Ineligible,,Ineligible,Ineligible,,Ineligible,Ineligible,,Ineligible,Ineligible,
Telecommunications Cable Jointer,342412,342412,https://www.anzscolookup.com.au/occupations/342412,TRA,Not available,CSOL,"Not available, 190: 0 states, 491: 0 states",Ineligible | Not listed,Ineligible | Not listed,Ineligible | Not listed,Ineligible | Not listed,Eligible | CSOL,Eligible | CSOL,Eligible | ROL,Ineligible | Not listed,"CSOL, ROL",Not available,CSOL,ROL,Not available,Manual verification required,Ineligible,Ineligible,,Ineligible,Ineligible,,Ineligible,Ineligible,,Ineligible,Ineligible,,Ineligible,Ineligible,,Ineligible,Ineligible,,Ineligible,Ineligible,,Ineligible,Ineligible,
Telecommunications Engineer,263311,263311,https://www.anzscolookup.com.au/occupations/263311,Engineers Australia,MLTSSL,Not available,"12 options, 190: 6 states, 491: 6 states",Eligible | MLTSSL,Eligible | MLTSSL,Eligible | MLTSSL,Eligible | MLTSSL,Ineligible | Not listed,Ineligible | Not listed,Eligible | MLTSSL,Eligible | MLTSSL,MLTSSL,MLTSSL,Not available,MLTSSL,MLTSSL,Engineers Australia,Eligible,Eligible,,Eligible,Eligible,,Ineligible,Ineligible,,Ineligible,Ineligible,,Eligible,Eligible,,Eligible,Eligible,,Eligible,Eligible,,Eligible,Eligible,
Telecommunications Field Engineer,313212,313212,https://www.anzscolookup.com.au/occupations/313212,Engineers Australia,MLTSSL,CSOL,"10 options, 190: 5 states, 491: 5 states",Eligible | MLTSSL,Eligible | MLTSSL,Eligible | MLTSSL,Eligible | MLTSSL,Eligible | CSOL,Eligible | CSOL,Eligible | MLTSSL,Eligible | MLTSSL,"MLTSSL, CSOL",MLTSSL,CSOL,MLTSSL,MLTSSL,Engineers Australia,Eligible,Eligible,,Eligible,Eligible,,Ineligible,Ineligible,,Ineligible,Ineligible,,Eligible,Eligible,,Eligible,Eligible,,Eligible,Eligible,,Ineligible,Ineligible,
Telecommunications Linesworker / Telecommunications Line Mechanic,342413,342413,https://www.anzscolookup.com.au/occupations/342413,TRA,STSOL,CSOL,"14 options, 190: 7 states, 491: 7 states",Ineligible | Not listed,Eligible | STSOL,Eligible | STSOL,Ineligible | Not listed,Eligible | CSOL,Eligible | CSOL,Eligible | ROL,Eligible | STSOL,"STSOL, CSOL, ROL",STSOL,CSOL,ROL,STSOL,TRA,Eligible,Eligible,,Eligible,Eligible,,Eligible,Eligible,,Ineligible,Ineligible,,Eligible,Eligible,,Eligible,Eligible,,Eligible,Eligible,,Eligible,Eligible,
Telecommunications Network Engineer,263312,263312,https://www.anzscolookup.com.au/occupations/263312,Engineers Australia,MLTSSL,CSOL,"12 options, 190: 6 states, 491: 6 states",Eligible | MLTSSL,Eligible | MLTSSL,Eligible | MLTSSL,Eligible | MLTSSL,Eligible | CSOL,Eligible | CSOL,Eligible | MLTSSL,Eligible | MLTSSL,"MLTSSL, CSOL",MLTSSL,CSOL,MLTSSL,MLTSSL,Engineers Australia,Eligible,Eligible,,Eligible,Eligible,,Ineligible,Ineligible,,Ineligible,Ineligible,,Eligible,Eligible,,Eligible,Eligible,,Eligible,Eligible,,Eligible,Eligible,
Telecommunications Network Planner,313213,313213,https://www.anzscolookup.com.au/occupations/313213,Engineers Australia,MLTSSL,CSOL,"10 options, 190: 5 states, 491: 5 states",Eligible | MLTSSL,Eligible | MLTSSL,Eligible | MLTSSL,Eligible | MLTSSL,Eligible | CSOL,Eligible | CSOL,Eligible | MLTSSL,Eligible | MLTSSL,"MLTSSL, CSOL",MLTSSL,CSOL,MLTSSL,MLTSSL,Engineers Australia,Eligible,Eligible,,Eligible,Eligible,,Ineligible,Ineligible,,Ineligible,Ineligible,,Eligible,Eligible,,Eligible,Eligible,,Eligible,Eligible,,Ineligible,Ineligible,
Telecommunications Technical Officer Or Technologist,313214,313214,https://www.anzscolookup.com.au/occupations/313214,Engineers Australia,MLTSSL,CSOL,"10 options, 190: 5 states, 491: 5 states",Eligible | MLTSSL,Eligible | MLTSSL,Eligible | MLTSSL,Eligible | MLTSSL,Eligible | CSOL,Eligible | CSOL,Eligible | MLTSSL,Eligible | MLTSSL,"MLTSSL, CSOL",MLTSSL,CSOL,MLTSSL,MLTSSL,Engineers Australia,Eligible,Eligible,,Eligible,Eligible,,Ineligible,Ineligible,,Ineligible,Ineligible,,Eligible,Eligible,,Eligible,Eligible,,Eligible,Eligible,,Ineligible,Ineligible,
Telecommunications Technician,342414,342414,https://www.anzscolookup.com.au/occupations/342414,TRA,Not available,CSOL,"Not available, 190: 0 states, 491: 0 states",Ineligible | Not listed,Ineligible | Not listed,Ineligible | Not listed,Ineligible | Not listed,Eligible | CSOL,Eligible | CSOL,Eligible | ROL,Ineligible | Not listed,"CSOL, ROL",Not available,CSOL,ROL,Not available,Manual verification required,Ineligible,Ineligible,,Ineligible,Ineligible,,Ineligible,Ineligible,,Ineligible,Ineligible,,Ineligible,Ineligible,,Ineligible,Ineligible,,Ineligible,Ineligible,,Ineligible,Ineligible,
television equipment operator,399517,399517,https://www.anzscolookup.com.au/occupations/399517,TRA,Not available,Not available,"Not available, 190: 0 states, 491: 0 states",Ineligible | Not listed,Ineligible | Not listed,Ineligible | Not listed,Ineligible | Not listed,Ineligible | Not listed,Ineligible | Not listed,Eligible | ROL,Ineligible | Not listed,ROL,Not available,Not available,ROL,Not available,Manual verification required,Ineligible,Ineligible,,Ineligible,Ineligible,,Ineligible,Ineligible,,Ineligible,Ineligible,,Ineligible,Ineligible,,Ineligible,Ineligible,,Ineligible,Ineligible,,Ineligible,Ineligible,
Television Journalist,212416,212416,https://www.anzscolookup.com.au/occupations/212416,VETASSESS,STSOL,CSOL,"7 options, 190: 3 states, 491: 4 states",Ineligible | Not listed,Eligible | STSOL,Eligible | STSOL,Ineligible | Not listed,Eligible | CSOL,Eligible | CSOL,Eligible | ROL,Eligible | STSOL,"STSOL, CSOL, ROL",STSOL,CSOL,ROL,STSOL,VETASSESS,Ineligible,Ineligible,,Eligible,Eligible,,Ineligible,Ineligible,,Ineligible,Ineligible,,Ineligible,Eligible,,Eligible,Eligible,,Eligible,Eligible,,Ineligible,Ineligible,
television presenter,212114,212114,https://www.anzscolookup.com.au/occupations/212114,VETASSESS,Not available,Not available,"Not available, 190: 0 states, 491: 0 states",Ineligible | Not listed,Ineligible | Not listed,Ineligible | Not listed,Ineligible | Not listed,Ineligible | Not listed,Ineligible | Not listed,Eligible | ROL,Ineligible | Not listed,ROL,Not available,Not available,ROL,Not available,Manual verification required,Ineligible,Ineligible,,Ineligible,Ineligible,,Ineligible,Ineligible,,Ineligible,Ineligible,,Ineligible,Ineligible,,Ineligible,Ineligible,,Ineligible,Ineligible,,Ineligible,Ineligible,
Tennis Coach,452316,452316,https://www.anzscolookup.com.au/occupations/452316,VETASSESS,MLTSSL,Not available,"6 options, 190: 3 states, 491: 3 states",Eligible | MLTSSL,Eligible | MLTSSL,Eligible | MLTSSL,Eligible | MLTSSL,Ineligible | Not listed,Ineligible | Not listed,Eligible | MLTSSL,Eligible | MLTSSL,MLTSSL,MLTSSL,Not available,MLTSSL,MLTSSL,VETASSESS,Ineligible,Ineligible,,Eligible,Eligible,,Ineligible,Ineligible,,Ineligible,Ineligible,,Ineligible,Ineligible,,Eligible,Eligible,,Eligible,Eligible,,Ineligible,Ineligible,
"Textile, Clothing and Footwear Mechanic",323215,323215,https://www.anzscolookup.com.au/occupations/323215,TRA,Not available,CSOL,"Not available, 190: 0 states, 491: 0 states",Ineligible | Not listed,Ineligible | Not listed,Ineligible | Not listed,Ineligible | Not listed,Eligible | CSOL,Eligible | CSOL,Eligible | ROL,Ineligible | Not listed,"CSOL, ROL",Not available,CSOL,ROL,Not available,Manual verification required,Ineligible,Ineligible,,Ineligible,Ineligible,,Ineligible,Ineligible,,Ineligible,Ineligible,,Ineligible,Ineligible,,Ineligible,Ineligible,,Ineligible,Ineligible,,Ineligible,Ineligible,
Thoracic Medicine Specialist,253324,253324,https://www.anzscolookup.com.au/occupations/253324,MedBA,MLTSSL,CSOL,"16 options, 190: 8 states, 491: 8 states",Eligible | MLTSSL,Eligible | MLTSSL,Eligible | MLTSSL,Eligible | MLTSSL,Eligible | CSOL,Eligible | CSOL,Eligible | MLTSSL,Eligible | MLTSSL,"MLTSSL, CSOL",MLTSSL,CSOL,MLTSSL,MLTSSL,MedBA,Eligible,Eligible,,Eligible,Eligible,,Eligible,Eligible,,Eligible,Eligible,,Eligible,Eligible,,Eligible,Eligible,,Eligible,Eligible,,Eligible,Eligible,
Toolmaker,323412,323412,https://www.anzscolookup.com.au/occupations/323412,TRA,STSOL,CSOL,"7 options, 190: 4 states, 491: 3 states",Ineligible | Not listed,Eligible | STSOL,Eligible | STSOL,Ineligible | Not listed,Eligible | CSOL,Eligible | CSOL,Eligible | ROL,Eligible | STSOL,"STSOL, CSOL, ROL",STSOL,CSOL,ROL,STSOL,TRA,Ineligible,Ineligible,,Eligible,Eligible,,Eligible,Ineligible,,Ineligible,Ineligible,,Ineligible,Ineligible,,Eligible,Eligible,,Eligible,Eligible,,Ineligible,Ineligible,
Tour Guide,451412,451412,https://www.anzscolookup.com.au/occupations/451412,VETASSESS,Not available,CSOL,"Not available, 190: 0 states, 491: 0 states",Ineligible | Not listed,Ineligible | Not listed,Ineligible | Not listed,Ineligible | Not listed,Eligible | CSOL,Eligible | CSOL,Ineligible | Not listed,Ineligible | Not listed,CSOL,Not available,CSOL,Not available,Not available,Manual verification required,Ineligible,Ineligible,,Ineligible,Ineligible,,Ineligible,Ineligible,,Ineligible,Ineligible,,Ineligible,Ineligible,,Ineligible,Ineligible,,Ineligible,Ineligible,,Ineligible,Ineligible,
Traditional Chinese Medicine Practitioner,252214,252214,https://www.anzscolookup.com.au/occupations/252214,Chinese Medicine Board of Australia,STSOL,CSOL,"10 options, 190: 5 states, 491: 5 states",Ineligible | Not listed,Eligible | STSOL,Eligible | STSOL,Ineligible | Not listed,Eligible | CSOL,Eligible | CSOL,Eligible | ROL,Eligible | STSOL,"STSOL, CSOL, ROL",STSOL,CSOL,ROL,STSOL,Chinese Medicine Board of Australia,Eligible,Eligible,,Eligible,Eligible,,Ineligible,Ineligible,,Ineligible,Ineligible,,Ineligible,Ineligible,,Eligible,Eligible,,Eligible,Eligible,,Eligible,Eligible,
training and development professional,223311,223311,https://www.anzscolookup.com.au/occupations/223311,VETASSESS,Not available,Not available,"Not available, 190: 0 states, 491: 0 states",Ineligible | Not listed,Ineligible | Not listed,Ineligible | Not listed,Ineligible | Not listed,Ineligible | Not listed,Ineligible | Not listed,Eligible | ROL,Ineligible | Not listed,ROL,Not available,Not available,ROL,Not available,Manual verification required,Ineligible,Ineligible,,Ineligible,Ineligible,,Ineligible,Ineligible,,Ineligible,Ineligible,,Ineligible,Ineligible,,Ineligible,Ineligible,,Ineligible,Ineligible,,Ineligible,Ineligible,
Translator,272413,272413,https://www.anzscolookup.com.au/occupations/272413,NAATI,ROL,CSOL,"5 options, 190: 0 states, 491: 5 states",Ineligible | Not listed,Ineligible | Not listed,Eligible | ROL,Ineligible | Not listed,Eligible | CSOL,Eligible | CSOL,Eligible | ROL,Eligible | ROL,"ROL, CSOL",ROL,CSOL,ROL,ROL,NAATI,Ineligible,Ineligible,,Ineligible,Eligible,,Ineligible,Ineligible,,Ineligible,Ineligible,,Ineligible,Eligible,,Ineligible,Eligible,,Ineligible,Eligible,,Ineligible,Eligible,
Transport Company Manager,149413,149413,https://www.anzscolookup.com.au/occupations/149413,VETASSESS,STSOL,Not available,"9 options, 190: 4 states, 491: 5 states",Ineligible | Not listed,Eligible | STSOL,Eligible | STSOL,Ineligible | Not listed,Ineligible | Not listed,Ineligible | Not listed,Eligible | ROL,Eligible | STSOL,"STSOL, ROL",STSOL,Not available,ROL,STSOL,VETASSESS,Ineligible,Ineligible,,Eligible,Eligible,,Ineligible,Ineligible,,Ineligible,Ineligible,,Ineligible,Eligible,,Eligible,Eligible,,Eligible,Eligible,,Eligible,Eligible,
Transport Engineer,233215,233215,https://www.anzscolookup.com.au/occupations/233215,Engineers Australia,MLTSSL,CSOL,"16 options, 190: 8 states, 491: 8 states",Eligible | MLTSSL,Eligible | MLTSSL,Eligible | MLTSSL,Eligible | MLTSSL,Eligible | CSOL,Eligible | CSOL,Eligible | MLTSSL,Eligible | MLTSSL,"MLTSSL, CSOL",MLTSSL,CSOL,MLTSSL,MLTSSL,Engineers Australia,Eligible,Eligible,,Eligible,Eligible,,Eligible,Eligible,,Eligible,Eligible,,Eligible,Eligible,,Eligible,Eligible,,Eligible,Eligible,,Eligible,Eligible,
Travel Agency Manager,142116,142116,https://www.anzscolookup.com.au/occupations/142116,VETASSESS,Not available,CSOL,"Not available, 190: 0 states, 491: 0 states",Ineligible | Not listed,Ineligible | Not listed,Ineligible | Not listed,Ineligible | Not listed,Eligible | CSOL,Eligible | CSOL,Eligible | ROL,Ineligible | Not listed,"CSOL, ROL",Not available,CSOL,ROL,Not available,Manual verification required,Ineligible,Ineligible,,Ineligible,Ineligible,,Ineligible,Ineligible,,Ineligible,Ineligible,,Ineligible,Ineligible,,Ineligible,Ineligible,,Ineligible,Ineligible,,Ineligible,Ineligible,
travel attendants (nec),451799,451799,https://www.anzscolookup.com.au/occupations/451799,VETASSESS,Not available,Not available,"Not available, 190: 0 states, 491: 0 states",Ineligible | Not listed,Ineligible | Not listed,Ineligible | Not listed,Ineligible | Not listed,Ineligible | Not listed,Ineligible | Not listed,Eligible | ROL,Ineligible | Not listed,ROL,Not available,Not available,ROL,Not available,Manual verification required,Ineligible,Ineligible,,Ineligible,Ineligible,,Ineligible,Ineligible,,Ineligible,Ineligible,,Ineligible,Ineligible,,Ineligible,Ineligible,,Ineligible,Ineligible,,Ineligible,Ineligible,
Travel Consultant,451612,451612,https://www.anzscolookup.com.au/occupations/451612,VETASSESS,Not available,CSOL,"Not available, 190: 0 states, 491: 0 states",Ineligible | Not listed,Ineligible | Not listed,Ineligible | Not listed,Ineligible | Not listed,Eligible | CSOL,Eligible | CSOL,Ineligible | Not listed,Ineligible | Not listed,CSOL,Not available,CSOL,Not available,Not available,Manual verification required,Ineligible,Ineligible,,Ineligible,Ineligible,,Ineligible,Ineligible,,Ineligible,Ineligible,,Ineligible,Ineligible,,Ineligible,Ineligible,,Ineligible,Ineligible,,Ineligible,Ineligible,
Tree Worker,362512,362512,https://www.anzscolookup.com.au/occupations/362512,VETASSESS,Not available,CSOL,"Not available, 190: 0 states, 491: 0 states",Ineligible | Not listed,Ineligible | Not listed,Ineligible | Not listed,Ineligible | Not listed,Eligible | CSOL,Eligible | CSOL,Ineligible | Not listed,Ineligible | Not listed,CSOL,Not available,CSOL,Not available,Not available,Manual verification required,Ineligible,Ineligible,,Ineligible,Ineligible,,Ineligible,Ineligible,,Ineligible,Ineligible,,Ineligible,Ineligible,,Ineligible,Ineligible,,Ineligible,Ineligible,,Ineligible,Ineligible,
trust officer,599215,599215,https://www.anzscolookup.com.au/occupations/599215,VETASSESS,Not available,Not available,"Not available, 190: 0 states, 491: 0 states",Ineligible | Not listed,Ineligible | Not listed,Ineligible | Not listed,Ineligible | Not listed,Ineligible | Not listed,Ineligible | Not listed,Eligible | ROL,Ineligible | Not listed,ROL,Not available,Not available,ROL,Not available,Manual verification required,Ineligible,Ineligible,,Ineligible,Ineligible,,Ineligible,Ineligible,,Ineligible,Ineligible,,Ineligible,Ineligible,,Ineligible,Ineligible,,Ineligible,Ineligible,,Ineligible,Ineligible,
turf grower,121218,121218,https://www.anzscolookup.com.au/occupations/121218,VETASSESS,Not available,Not available,"Not available, 190: 0 states, 491: 0 states",Ineligible | Not listed,Ineligible | Not listed,Ineligible | Not listed,Ineligible | Not listed,Ineligible | Not listed,Ineligible | Not listed,Eligible | ROL,Ineligible | Not listed,ROL,Not available,Not available,ROL,Not available,Manual verification required,Ineligible,Ineligible,,Ineligible,Ineligible,,Ineligible,Ineligible,,Ineligible,Ineligible,,Ineligible,Ineligible,,Ineligible,Ineligible,,Ineligible,Ineligible,,Ineligible,Ineligible,
University Lecturer,242111,242111,https://www.anzscolookup.com.au/occupations/242111,VETASSESS,MLTSSL,CSOL,"11 options, 190: 5 states, 491: 6 states",Eligible | MLTSSL,Eligible | MLTSSL,Eligible | MLTSSL,Eligible | MLTSSL,Eligible | CSOL,Eligible | CSOL,Eligible | MLTSSL,Eligible | MLTSSL,"MLTSSL, CSOL",MLTSSL,CSOL,MLTSSL,MLTSSL,VETASSESS,Ineligible,Ineligible,,Eligible,Eligible,,Eligible,Eligible,,Ineligible,Ineligible,,Ineligible,Eligible,,Eligible,Eligible,,Eligible,Eligible,,Eligible,Eligible,
university tutor,242112,242112,https://www.anzscolookup.com.au/occupations/242112,VETASSESS,Not available,Not available,"Not available, 190: 0 states, 491: 0 states",Ineligible | Not listed,Ineligible | Not listed,Ineligible | Not listed,Ineligible | Not listed,Ineligible | Not listed,Ineligible | Not listed,Eligible | ROL,Ineligible | Not listed,ROL,Not available,Not available,ROL,Not available,Manual verification required,Ineligible,Ineligible,,Ineligible,Ineligible,,Ineligible,Ineligible,,Ineligible,Ineligible,,Ineligible,Ineligible,,Ineligible,Ineligible,,Ineligible,Ineligible,,Ineligible,Ineligible,
Upholsterer,393311,393311,https://www.anzscolookup.com.au/occupations/393311,TRA,STSOL,CSOL,"8 options, 190: 4 states, 491: 4 states",Ineligible | Not listed,Eligible | STSOL,Eligible | STSOL,Ineligible | Not listed,Eligible | CSOL,Eligible | CSOL,Eligible | ROL,Eligible | STSOL,"STSOL, CSOL, ROL",STSOL,CSOL,ROL,STSOL,TRA,Ineligible,Ineligible,,Eligible,Eligible,,Ineligible,Ineligible,,Ineligible,Ineligible,,Ineligible,Ineligible,,Eligible,Eligible,,Eligible,Eligible,,Eligible,Eligible,
Urban And Regional Planner,232611,232611,https://www.anzscolookup.com.au/occupations/232611,VETASSESS,STSOL,CSOL,"15 options, 190: 7 states, 491: 8 states",Ineligible | Not listed,Eligible | STSOL,Eligible | STSOL,Ineligible | Not listed,Eligible | CSOL,Eligible | CSOL,Eligible | ROL,Eligible | STSOL,"STSOL, CSOL, ROL",STSOL,CSOL,ROL,STSOL,VETASSESS,Eligible,Eligible,,Eligible,Eligible,,Eligible,Eligible,,Ineligible,Eligible,,Eligible,Eligible,,Eligible,Eligible,,Eligible,Eligible,,Eligible,Eligible,
Urologist,253518,253518,https://www.anzscolookup.com.au/occupations/253518,MedBA,MLTSSL,CSOL,"15 options, 190: 8 states, 491: 7 states",Eligible | MLTSSL,Eligible | MLTSSL,Eligible | MLTSSL,Eligible | MLTSSL,Eligible | CSOL,Eligible | CSOL,Eligible | MLTSSL,Eligible | MLTSSL,"MLTSSL, CSOL",MLTSSL,CSOL,MLTSSL,MLTSSL,MedBA,Eligible,Eligible,,Eligible,Eligible,,Eligible,Ineligible,,Eligible,Eligible,,Eligible,Eligible,,Eligible,Eligible,,Eligible,Eligible,,Eligible,Eligible,
Valuer,224512,224512,https://www.anzscolookup.com.au/occupations/224512,VETASSESS,MLTSSL,CSOL,"8 options, 190: 4 states, 491: 4 states",Eligible | MLTSSL,Eligible | MLTSSL,Eligible | MLTSSL,Eligible | MLTSSL,Eligible | CSOL,Eligible | CSOL,Eligible | MLTSSL,Eligible | MLTSSL,"MLTSSL, CSOL",MLTSSL,CSOL,MLTSSL,MLTSSL,VETASSESS,Ineligible,Ineligible,,Eligible,Eligible,,Eligible,Eligible,,Ineligible,Ineligible,,Ineligible,Ineligible,,Eligible,Eligible,,Eligible,Eligible,,Ineligible,Ineligible,
Vascular Surgeon,253521,253521,https://www.anzscolookup.com.au/occupations/253521,MedBA,MLTSSL,CSOL,"15 options, 190: 8 states, 491: 7 states",Eligible | MLTSSL,Eligible | MLTSSL,Eligible | MLTSSL,Eligible | MLTSSL,Eligible | CSOL,Eligible | CSOL,Eligible | MLTSSL,Eligible | MLTSSL,"MLTSSL, CSOL",MLTSSL,CSOL,MLTSSL,MLTSSL,MedBA,Eligible,Eligible,,Eligible,Eligible,,Eligible,Ineligible,,Eligible,Eligible,,Eligible,Eligible,,Eligible,Eligible,,Eligible,Eligible,,Eligible,Eligible,
Vegetable Grower (Aus)/Market Gardener (Nz),121221,121221,https://www.anzscolookup.com.au/occupations/121221,VETASSESS,STSOL,Not available,"9 options, 190: 4 states, 491: 5 states",Ineligible | Not listed,Eligible | STSOL,Eligible | STSOL,Ineligible | Not listed,Ineligible | Not listed,Ineligible | Not listed,Eligible | ROL,Eligible | STSOL,"STSOL, ROL",STSOL,Not available,ROL,STSOL,VETASSESS,Ineligible,Ineligible,,Eligible,Eligible,,Ineligible,Eligible,,Ineligible,Ineligible,,Ineligible,Ineligible,,Eligible,Eligible,,Eligible,Eligible,,Eligible,Eligible,
Vehicle Body Builder,324211,324211,https://www.anzscolookup.com.au/occupations/324211,TRA,STSOL,CSOL,"8 options, 190: 4 states, 491: 4 states",Ineligible | Not listed,Eligible | STSOL,Eligible | STSOL,Ineligible | Not listed,Eligible | CSOL,Eligible | CSOL,Eligible | ROL,Eligible | STSOL,"STSOL, CSOL, ROL",STSOL,CSOL,ROL,STSOL,TRA,Eligible,Eligible,,Eligible,Eligible,,Ineligible,Ineligible,,Ineligible,Ineligible,,Ineligible,Ineligible,,Eligible,Eligible,,Eligible,Eligible,,Ineligible,Ineligible,
Vehicle Painter,324311,324311,https://www.anzscolookup.com.au/occupations/324311,TRA,ROL,CSOL,"5 options, 190: 0 states, 491: 5 states",Ineligible | Not listed,Ineligible | Not listed,Eligible | ROL,Ineligible | Not listed,Eligible | CSOL,Eligible | CSOL,Eligible | ROL,Eligible | ROL,"ROL, CSOL",ROL,CSOL,ROL,ROL,TRA,Ineligible,Eligible,,Ineligible,Eligible,,Ineligible,Ineligible,,Ineligible,Ineligible,,Ineligible,Ineligible,,Ineligible,Eligible,,Ineligible,Eligible,,Ineligible,Eligible,
Vehicle Trimmer,324212,324212,https://www.anzscolookup.com.au/occupations/324212,TRA,STSOL,CSOL,"8 options, 190: 4 states, 491: 4 states",Ineligible | Not listed,Eligible | STSOL,Eligible | STSOL,Ineligible | Not listed,Eligible | CSOL,Eligible | CSOL,Eligible | ROL,Eligible | STSOL,"STSOL, CSOL, ROL",STSOL,CSOL,ROL,STSOL,TRA,Eligible,Eligible,,Eligible,Eligible,,Ineligible,Ineligible,,Ineligible,Ineligible,,Ineligible,Ineligible,,Eligible,Eligible,,Eligible,Eligible,,Ineligible,Ineligible,
Veterinarian,234711,234711,https://www.anzscolookup.com.au/occupations/234711,AVBC,MLTSSL,CSOL,"16 options, 190: 8 states, 491: 8 states",Eligible | MLTSSL,Eligible | MLTSSL,Eligible | MLTSSL,Eligible | MLTSSL,Eligible | CSOL,Eligible | CSOL,Eligible | MLTSSL,Eligible | MLTSSL,"MLTSSL, CSOL",MLTSSL,CSOL,MLTSSL,MLTSSL,AVBC,Eligible,Eligible,,Eligible,Eligible,,Eligible,Eligible,,Eligible,Eligible,,Eligible,Eligible,,Eligible,Eligible,,Eligible,Eligible,,Eligible,Eligible,
Veterinary Nurse,361311,361311,https://www.anzscolookup.com.au/occupations/361311,VETASSESS,STSOL,CSOL,"14 options, 190: 7 states, 491: 7 states",Ineligible | Not listed,Eligible | STSOL,Eligible | STSOL,Ineligible | Not listed,Eligible | CSOL,Eligible | CSOL,Eligible | ROL,Eligible | STSOL,"STSOL, CSOL, ROL",STSOL,CSOL,ROL,STSOL,VETASSESS,Eligible,Eligible,,Eligible,Eligible,,Eligible,Eligible,,Ineligible,Ineligible,,Eligible,Eligible,,Eligible,Eligible,,Eligible,Eligible,,Eligible,Eligible,
Video Producer,212318,212318,https://www.anzscolookup.com.au/occupations/212318,VETASSESS,STSOL,CSOL,"6 options, 190: 3 states, 491: 3 states",Ineligible | Not listed,Eligible | STSOL,Eligible | STSOL,Ineligible | Not listed,Eligible | CSOL,Eligible | CSOL,Eligible | ROL,Eligible | STSOL,"STSOL, CSOL, ROL",STSOL,CSOL,ROL,STSOL,VETASSESS,Ineligible,Ineligible,,Eligible,Eligible,,Ineligible,Ineligible,,Ineligible,Ineligible,,Ineligible,Ineligible,,Eligible,Eligible,,Eligible,Eligible,,Ineligible,Ineligible,
visual arts and crafts professionals (nec),211499,211499,https://www.anzscolookup.com.au/occupations/211499,VETASSESS,Not available,Not available,"Not available, 190: 0 states, 491: 0 states",Ineligible | Not listed,Ineligible | Not listed,Ineligible | Not listed,Ineligible | Not listed,Ineligible | Not listed,Ineligible | Not listed,Eligible | ROL,Ineligible | Not listed,ROL,Not available,Not available,ROL,Not available,Manual verification required,Ineligible,Ineligible,,Ineligible,Ineligible,,Ineligible,Ineligible,,Ineligible,Ineligible,,Ineligible,Ineligible,,Ineligible,Ineligible,,Ineligible,Ineligible,,Ineligible,Ineligible,
Vocational Education Teacher / Polytechnic Teacher,242211,242211,https://www.anzscolookup.com.au/occupations/242211,See subsection (2),ROL,CSOL,"7 options, 190: 0 states, 491: 7 states",Ineligible | Not listed,Ineligible | Not listed,Eligible | ROL,Ineligible | Not listed,Eligible | CSOL,Eligible | CSOL,Eligible | ROL,Eligible | ROL,"ROL, CSOL",ROL,CSOL,ROL,ROL,See subsection (2),Ineligible,Eligible,,Ineligible,Eligible,,Ineligible,Ineligible,,Ineligible,Eligible,,Ineligible,Eligible,,Ineligible,Eligible,,Ineligible,Eligible,,Ineligible,Eligible,
Wall And Floor Tiler,333411,333411,https://www.anzscolookup.com.au/occupations/333411,TRA,MLTSSL,CSOL,"16 options, 190: 8 states, 491: 8 states",Eligible | MLTSSL,Eligible | MLTSSL,Eligible | MLTSSL,Eligible | MLTSSL,Eligible | CSOL,Eligible | CSOL,Eligible | MLTSSL,Eligible | MLTSSL,"MLTSSL, CSOL",MLTSSL,CSOL,MLTSSL,MLTSSL,TRA,Eligible,Eligible,,Eligible,Eligible,,Eligible,Eligible,,Eligible,Eligible,,Eligible,Eligible,,Eligible,Eligible,,Eligible,Eligible,,Eligible,Eligible,
watch and clock maker and repairer,323316,323316,https://www.anzscolookup.com.au/occupations/323316,TRA,Not available,Not available,"Not available, 190: 0 states, 491: 0 states",Ineligible | Not listed,Ineligible | Not listed,Ineligible | Not listed,Ineligible | Not listed,Ineligible | Not listed,Ineligible | Not listed,Eligible | ROL,Ineligible | Not listed,ROL,Not available,Not available,ROL,Not available,Manual verification required,Ineligible,Ineligible,,Ineligible,Ineligible,,Ineligible,Ineligible,,Ineligible,Ineligible,,Ineligible,Ineligible,,Ineligible,Ineligible,,Ineligible,Ineligible,,Ineligible,Ineligible,
Web Administrator,313113,313113,https://www.anzscolookup.com.au/occupations/313113,ACS,STSOL,CSOL,"12 options, 190: 6 states, 491: 6 states",Ineligible | Not listed,Eligible | STSOL,Eligible | STSOL,Ineligible | Not listed,Eligible | CSOL,Eligible | CSOL,Eligible | ROL,Eligible | STSOL,"STSOL, CSOL, ROL",STSOL,CSOL,ROL,STSOL,ACS,Eligible,Eligible,,Eligible,Eligible,,Ineligible,Ineligible,,Ineligible,Ineligible,,Eligible,Eligible,,Eligible,Eligible,,Eligible,Eligible,,Eligible,Eligible,
Web Designer,232414,232414,https://www.anzscolookup.com.au/occupations/232414,VETASSESS,STSOL,CSOL,"8 options, 190: 4 states, 491: 4 states",Ineligible | Not listed,Eligible | STSOL,Eligible | STSOL,Ineligible | Not listed,Eligible | CSOL,Eligible | CSOL,Eligible | ROL,Eligible | STSOL,"STSOL, CSOL, ROL",STSOL,CSOL,ROL,STSOL,VETASSESS,Ineligible,Ineligible,,Eligible,Eligible,,Ineligible,Ineligible,,Ineligible,Ineligible,,Eligible,Eligible,,Eligible,Eligible,,Eligible,Eligible,,Ineligible,Ineligible,
Web Developer,261212,261212,https://www.anzscolookup.com.au/occupations/261212,ACS,STSOL,CSOL,"10 options, 190: 5 states, 491: 5 states",Ineligible | Not listed,Eligible | STSOL,Eligible | STSOL,Ineligible | Not listed,Eligible | CSOL,Eligible | CSOL,Eligible | ROL,Eligible | STSOL,"STSOL, CSOL, ROL",STSOL,CSOL,ROL,STSOL,ACS,Ineligible,Ineligible,,Eligible,Eligible,,Ineligible,Ineligible,,Ineligible,Ineligible,,Eligible,Eligible,,Eligible,Eligible,,Eligible,Eligible,,Eligible,Eligible,
Welder (First Class),322313,322313,https://www.anzscolookup.com.au/occupations/322313,TRA,MLTSSL,CSOL,"14 options, 190: 7 states, 491: 7 states",Eligible | MLTSSL,Eligible | MLTSSL,Eligible | MLTSSL,Eligible | MLTSSL,Eligible | CSOL,Eligible | CSOL,Eligible | MLTSSL,Eligible | MLTSSL,"MLTSSL, CSOL",MLTSSL,CSOL,MLTSSL,MLTSSL,TRA,Ineligible,Ineligible,,Eligible,Eligible,,Eligible,Eligible,,Eligible,Eligible,,Eligible,Eligible,,Eligible,Eligible,,Eligible,Eligible,,Eligible,Eligible,
Welfare Centre Manager,134214,134214,https://www.anzscolookup.com.au/occupations/134214,ACWA,MLTSSL,Not available,"14 options, 190: 7 states, 491: 7 states",Eligible | MLTSSL,Eligible | MLTSSL,Eligible | MLTSSL,Eligible | MLTSSL,Ineligible | Not listed,Ineligible | Not listed,Eligible | MLTSSL,Eligible | MLTSSL,MLTSSL,MLTSSL,Not available,MLTSSL,MLTSSL,ACWA,Eligible,Eligible,,Eligible,Eligible,,Eligible,Eligible,,Ineligible,Ineligible,,Eligible,Eligible,,Eligible,Eligible,,Eligible,Eligible,,Eligible,Eligible,
Welfare Worker,272613,272613,https://www.anzscolookup.com.au/occupations/272613,ACWA,STSOL,Not available,"12 options, 190: 6 states, 491: 6 states",Ineligible | Not listed,Eligible | STSOL,Eligible | STSOL,Ineligible | Not listed,Ineligible | Not listed,Ineligible | Not listed,Eligible | ROL,Eligible | STSOL,"STSOL, ROL",STSOL,Not available,ROL,STSOL,ACWA,Eligible,Eligible,,Eligible,Eligible,,Ineligible,Ineligible,,Ineligible,Ineligible,,Eligible,Eligible,,Eligible,Eligible,,Eligible,Eligible,,Eligible,Eligible,
wholesaler,133312,133312,https://www.anzscolookup.com.au/occupations/133312,VETASSESS,Not available,Not available,"Not available, 190: 0 states, 491: 0 states",Ineligible | Not listed,Ineligible | Not listed,Ineligible | Not listed,Ineligible | Not listed,Ineligible | Not listed,Ineligible | Not listed,Eligible | ROL,Ineligible | Not listed,ROL,Not available,Not available,ROL,Not available,Manual verification required,Ineligible,Ineligible,,Ineligible,Ineligible,,Ineligible,Ineligible,,Ineligible,Ineligible,,Ineligible,Ineligible,,Ineligible,Ineligible,,Ineligible,Ineligible,,Ineligible,Ineligible,
Wine Maker,234213,234213,https://www.anzscolookup.com.au/occupations/234213,VETASSESS,ROL,CSOL,"6 options, 190: 0 states, 491: 6 states",Ineligible | Not listed,Ineligible | Not listed,Eligible | ROL,Ineligible | Not listed,Eligible | CSOL,Eligible | CSOL,Eligible | ROL,Eligible | ROL,"ROL, CSOL",ROL,CSOL,ROL,ROL,VETASSESS,Ineligible,Ineligible,,Ineligible,Eligible,,Ineligible,Eligible,,Ineligible,Ineligible,,Ineligible,Eligible,,Ineligible,Eligible,,Ineligible,Eligible,,Ineligible,Eligible,
Wood Machinist,394213,394213,https://www.anzscolookup.com.au/occupations/394213,TRA,STSOL,CSOL,"9 options, 190: 4 states, 491: 5 states",Ineligible | Not listed,Eligible | STSOL,Eligible | STSOL,Ineligible | Not listed,Eligible | CSOL,Eligible | CSOL,Eligible | ROL,Eligible | STSOL,"STSOL, CSOL, ROL",STSOL,CSOL,ROL,STSOL,TRA,Ineligible,Ineligible,,Eligible,Eligible,,Ineligible,Eligible,,Ineligible,Ineligible,,Ineligible,Ineligible,,Eligible,Eligible,,Eligible,Eligible,,Eligible,Eligible,
Wood Machinists And Other Wood Trades Workers (NEC),394299,394299,https://www.anzscolookup.com.au/occupations/394299,TRA,STSOL,CSOL,"7 options, 190: 3 states, 491: 4 states",Ineligible | Not listed,Eligible | STSOL,Eligible | STSOL,Ineligible | Not listed,Eligible | CSOL,Eligible | CSOL,Eligible | ROL,Eligible | STSOL,"STSOL, CSOL, ROL",STSOL,CSOL,ROL,STSOL,TRA,Ineligible,Ineligible,,Eligible,Eligible,,Ineligible,Eligible,,Ineligible,Ineligible,,Ineligible,Ineligible,,Eligible,Eligible,,Eligible,Eligible,,Ineligible,Ineligible,
wood turner,394214,394214,https://www.anzscolookup.com.au/occupations/394214,TRA,Not available,Not available,"Not available, 190: 0 states, 491: 0 states",Ineligible | Not listed,Ineligible | Not listed,Ineligible | Not listed,Ineligible | Not listed,Ineligible | Not listed,Ineligible | Not listed,Eligible | ROL,Ineligible | Not listed,ROL,Not available,Not available,ROL,Not available,Manual verification required,Ineligible,Ineligible,,Ineligible,Ineligible,,Ineligible,Ineligible,,Ineligible,Ineligible,,Ineligible,Ineligible,,Ineligible,Ineligible,,Ineligible,Ineligible,,Ineligible,Ineligible,
wool buyer,639212,639212,https://www.anzscolookup.com.au/occupations/639212,"VETASSESS Zealand. In these cases, ANZSCO uses a dual title, which notes the country specific titles, to describe the occupations, e.g. “grain, oilseed / pasture grower (Aus) / field crop grower (NZ)”. These dual titles have been used in column 1 of the table in this subsection for consistency with ANZSCO.",Not available,Not available,"Not available, 190: 0 states, 491: 0 states",Ineligible | Not listed,Ineligible | Not listed,Ineligible | Not listed,Ineligible | Not listed,Ineligible | Not listed,Ineligible | Not listed,Eligible | ROL,Ineligible | Not listed,ROL,Not available,Not available,ROL,Not available,Manual verification required,Ineligible,Ineligible,,Ineligible,Ineligible,,Ineligible,Ineligible,,Ineligible,Ineligible,,Ineligible,Ineligible,,Ineligible,Ineligible,,Ineligible,Ineligible,,Ineligible,Ineligible,
wool classer,399917,399917,https://www.anzscolookup.com.au/occupations/399917,TRA,Not available,Not available,"Not available, 190: 0 states, 491: 0 states",Ineligible | Not listed,Ineligible | Not listed,Ineligible | Not listed,Ineligible | Not listed,Ineligible | Not listed,Ineligible | Not listed,Eligible | ROL,Ineligible | Not listed,ROL,Not available,Not available,ROL,Not available,Manual verification required,Ineligible,Ineligible,,Ineligible,Ineligible,,Ineligible,Ineligible,,Ineligible,Ineligible,,Ineligible,Ineligible,,Ineligible,Ineligible,,Ineligible,Ineligible,,Ineligible,Ineligible,
Workplace Relations Adviser,223113,223113,https://www.anzscolookup.com.au/occupations/223113,VETASSESS,ROL,CSOL,"5 options, 190: 0 states, 491: 5 states",Ineligible | Not listed,Ineligible | Not listed,Eligible | ROL,Ineligible | Not listed,Eligible | CSOL,Eligible | CSOL,Eligible | ROL,Eligible | ROL,"ROL, CSOL",ROL,CSOL,ROL,ROL,VETASSESS,Ineligible,Ineligible,,Ineligible,Eligible,,Ineligible,Ineligible,,Ineligible,Ineligible,,Ineligible,Eligible,,Ineligible,Eligible,,Ineligible,Eligible,,Ineligible,Eligible,
Youth Worker,411716,411716,https://www.anzscolookup.com.au/occupations/411716,ACWA,STSOL,CSOL,"14 options, 190: 6 states, 491: 8 states",Ineligible | Not listed,Eligible | STSOL,Eligible | STSOL,Ineligible | Not listed,Eligible | CSOL,Eligible | CSOL,Eligible | ROL,Eligible | STSOL,"STSOL, CSOL, ROL",STSOL,CSOL,ROL,STSOL,ACWA,Eligible,Eligible,,Eligible,Eligible,,Eligible,Eligible,,Ineligible,Eligible,,Ineligible,Eligible,,Eligible,Eligible,,Eligible,Eligible,,Eligible,Eligible,
Zookeeper,361114,361114,https://www.anzscolookup.com.au/occupations/361114,VETASSESS,ROL,Not available,"3 options, 190: 0 states, 491: 3 states",Ineligible | Not listed,Ineligible | Not listed,Eligible | ROL,Ineligible | Not listed,Ineligible | Not listed,Ineligible | Not listed,Eligible | ROL,Eligible | ROL,ROL,ROL,Not available,ROL,ROL,VETASSESS,Ineligible,Ineligible,,Ineligible,Eligible,,Ineligible,Ineligible,,Ineligible,Ineligible,,Ineligible,Ineligible,,Ineligible,Eligible,,Ineligible,Eligible,,Ineligible,Ineligible,
zoologist,234522,234522,https://www.anzscolookup.com.au/occupations/234522,VETASSESS,MLTSSL,CSOL,"6 options, 190: 3 states, 491: 3 states",Eligible | MLTSSL,Eligible | MLTSSL,Eligible | MLTSSL,Eligible | MLTSSL,Eligible | CSOL,Eligible | CSOL,Eligible | MLTSSL,Eligible | MLTSSL,"MLTSSL, CSOL",MLTSSL,CSOL,MLTSSL,MLTSSL,VETASSESS,Ineligible,Ineligible,,Eligible,Eligible,,Ineligible,Ineligible,,Ineligible,Ineligible,,Ineligible,Ineligible,,Eligible,Eligible,,Eligible,Eligible,,Ineligible,Ineligible,
Zoologist,234518,234518,https://www.anzscolookup.com.au/occupations/234518,Manual verification required,"Not available, Not available, Not available","Not available, Not available, Not available","Not available, 190: 0 states, 491: 0 states",Ineligible | Not listed,Ineligible | Not listed,Ineligible | Not listed,Ineligible | Not listed,Ineligible | Not listed,Ineligible | Not listed,Ineligible | Not listed,Ineligible | Not listed,,,,,,,Ineligible,Ineligible,,Ineligible,Ineligible,,Ineligible,Ineligible,,Ineligible,Ineligible,,Ineligible,Ineligible,,Ineligible,Ineligible,,Ineligible,Ineligible,,Ineligible,Ineligible,
